{"type": "FeatureCollection", "features": [{"id": "0", "type": "Feature", "properties": {"division": "Barisal"}, "geometry": {"type": "MultiPolygon", "coordinates": [[[[90.37773983684062, 21.841931633895534], [90.36696447643658, 21.841763970345824], [90.37063300137402, 21.851956728561145], [90.37348372554086, 21.8447375479704], [90.37773983684062, 21.841931633895534]]], [[[90.29372164738363, 21.928471656413024], [90.26496168684469, 21.875442785942617], [90.25581810165099, 21.842110148482114], [90.20650661042687, 21.803124783719813], [90.18816638213943, 21.798906832117954], [90.1291574358981, 21.809807531556963], [90.08691478147264, 21.837801538837848], [90.0865785636762, 21.859489403601756], [90.10405590566664, 21.871301833867246], [90.11827046386364, 21.898718566072212], [90.15045769396292, 21.891968214791152], [90.15760700204446, 21.897316847813414], [90.15035093236779, 21.90180456392858], [90.16078414504275, 21.910756551493144], [90.1740153192646, 21.907683156810926], [90.18680919849716, 21.92909032891976], [90.1714403004093, 21.909215826903633], [90.1577398379812, 21.911633886224585], [90.14894755751591, 21.90366388193427], [90.14800211157623, 21.89546771933268], [90.11891338643596, 21.90423068609743], [90.11825032031484, 21.92453324916585], [90.13747336136163, 21.923376829289904], [90.14849155113117, 21.9310314752231], [90.1383784573008, 21.955663123788], [90.15973299469181, 21.981163450838043], [90.17353757159854, 21.97527891713586], [90.2211002490693, 21.981499939947508], [90.25408937572182, 21.950959044611945], [90.26283780482856, 21.955674328940095], [90.2728447201112, 21.978160599494906], [90.29664663735183, 21.990349257273806], [90.30441059608712, 21.975406024301364], [90.29372164738363, 21.928471656413024]]], [[[90.45034502590617, 21.890929571331114], [90.41880097121778, 21.884166318139226], [90.42598095479222, 21.898581164734527], [90.46271068754268, 21.91347026090979], [90.45034502590617, 21.890929571331114]]], [[[90.3589970832433, 21.867646557975856], [90.3702018847708, 21.863752973993073], [90.35285485912446, 21.848543644954294], [90.32384223199654, 21.84655511970574], [90.3126486018873, 21.855565659571624], [90.30710267759417, 21.884250405365385], [90.32543964630953, 21.906062323059533], [90.35879967738425, 21.98348085737431], [90.39729442868276, 22.01205202377587], [90.40080042908706, 21.995217111164006], [90.39026787394683, 21.98067808718504], [90.38509310852186, 21.961915779101776], [90.35472259890614, 21.91362530872944], [90.3729159679378, 21.87626347049449], [90.37265444375558, 21.86943671740144], [90.3589970832433, 21.867646557975856]]], [[[90.40379064253644, 21.890510499052546], [90.39198847038158, 21.87659187282835], [90.39499212238417, 21.87064981628421], [90.38625671944041, 21.87334137864911], [90.37135241719541, 21.88806450200515], [90.36190708141905, 21.9248077306974], [90.40139761892073, 21.94422699028195], [90.40905751518032, 21.953258698350847], [90.42179188203129, 22.0107203613145], [90.42070415030028, 22.01947694445096], [90.41496655125002, 22.029107576756374], [90.46516562423342, 22.053364085484834], [90.4783380750487, 22.02903701974956], [90.49017654471655, 21.95466882449381], [90.48296076213647, 21.937256833235747], [90.45904437581443, 21.918037022235687], [90.40379064253644, 21.890510499052546]]], [[[90.37322730483629, 21.936355689264747], [90.38713025499497, 21.961324029431978], [90.39403200551371, 21.98385995821321], [90.40201210656772, 21.99225564329565], [90.40025129352239, 22.014857647515424], [90.41388145335377, 22.026245001220918], [90.42084347949532, 22.012725617293544], [90.40747168355999, 21.954969029933963], [90.37322730483629, 21.936355689264747]]], [[[90.35175975920066, 22.006783355710752], [90.36638352247608, 22.03685921938469], [90.38133408677545, 22.05386400821356], [90.3898219058799, 22.042760490404362], [90.34040049718485, 21.99144190693238], [90.35175975920066, 22.006783355710752]]], [[[90.40725640493582, 22.05384532957279], [90.41151440571588, 22.061731011906488], [90.39044232023855, 22.04901675337853], [90.38509584534037, 22.055741416270664], [90.37026012659655, 22.05123528784107], [90.34233301499728, 22.003258963449518], [90.33939946263537, 22.016031074169668], [90.35273486148704, 22.043311823621664], [90.39146046397178, 22.085960161749213], [90.42883492349021, 22.07647577834994], [90.40725640493582, 22.05384532957279]]], [[[90.39319397016797, 22.04308331409019], [90.40581513741111, 22.050992911982398], [90.39042312023385, 22.038264435915295], [90.39319397016797, 22.04308331409019]]], [[[90.17127049929373, 21.979928757081563], [90.1581639377215, 21.9851599605088], [90.14871373659116, 21.977656234747784], [90.13287746983988, 21.954126411370773], [90.14471276332166, 21.930856974357432], [90.11522013045698, 21.927476471053215], [90.11337576180415, 21.901806798699702], [90.07505601959411, 21.861833079025356], [90.05165857069089, 21.863827743096603], [90.02400890976695, 21.883406467229566], [90.02766802748626, 21.946235780418938], [90.07359307798609, 21.97146671044616], [90.07604302111943, 22.00380191391162], [90.09767165688972, 22.050451207910132], [90.1415216130633, 22.085308226020434], [90.1610346629068, 22.115782377150722], [90.19633567044099, 22.107801629141605], [90.2143099929194, 22.117706764064277], [90.22438255803978, 22.13471211409001], [90.22656146129769, 22.164491839710493], [90.2406256548487, 22.197658265542536], [90.23183111810266, 22.221000480290027], [90.21995911131647, 22.226831673529585], [90.22048144008994, 22.268597620633862], [90.20743983743267, 22.31080643563667], [90.21418471685939, 22.336041507951915], [90.24543183346566, 22.333869931429756], [90.2675678592948, 22.350498694374416], [90.2744627866364, 22.406860056377592], [90.30510280386977, 22.433998765241586], [90.31005545831029, 22.46607534260287], [90.34759034132446, 22.465573392639588], [90.36059272271487, 22.478308428710164], [90.36138806275439, 22.494012159862503], [90.41717115681692, 22.47722737630062], [90.42668536687165, 22.450071931342425], [90.44892953792211, 22.454322750042483], [90.44599766193096, 22.437681078734823], [90.45234130130387, 22.4214593783508], [90.4408098434574, 22.41547040009188], [90.42597881217415, 22.428146432943347], [90.39942212302373, 22.423903094875936], [90.39172653655282, 22.416637431586434], [90.38750749024726, 22.394199770403173], [90.3754961609741, 22.386274760013553], [90.34631055226448, 22.349248451526055], [90.35477216946846, 22.345959512765162], [90.40913092653065, 22.353636216805256], [90.42029121373321, 22.344687925899937], [90.37045850344235, 22.294784212220748], [90.3745996350907, 22.2900173798187], [90.40366447254519, 22.286825846938857], [90.4172146980986, 22.27735148930265], [90.39973456614675, 22.25301451427914], [90.39274047618684, 22.20761435596565], [90.39666218666517, 22.203178357609538], [90.43182468012013, 22.19400839173899], [90.40011206125543, 22.173953730667634], [90.39891098914833, 22.14875414800583], [90.38808443767566, 22.139704174014646], [90.35388356022538, 22.15256267156484], [90.34154543178815, 22.167596389762462], [90.357839917109, 22.147551567962104], [90.3854391070437, 22.137340912567577], [90.37480012705001, 22.113080269206037], [90.37825569322054, 22.084776965907555], [90.33350170438355, 22.04930695477451], [90.3079946759195, 21.98250133576986], [90.29874896517556, 21.992465170177717], [90.28773677330456, 21.993952401275457], [90.27345245153363, 22.021697594220274], [90.28397989927846, 22.038964381688725], [90.27962465991003, 22.047940297666674], [90.27030647045035, 22.0226810818771], [90.28353752290373, 21.992573757834716], [90.26550044067797, 21.97743886673495], [90.25706761904907, 21.95478649359947], [90.21953278593018, 21.985415430239414], [90.17127049929373, 21.979928757081563]]], [[[90.38840263876327, 22.134180064566284], [90.39663169897786, 22.141519846072683], [90.3914740315107, 22.132158075220637], [90.38840263876327, 22.134180064566284]]], [[[90.08902788869403, 22.33679691433061], [90.10486344483995, 22.311330639617694], [90.07556966217504, 22.256958516601205], [90.06930445581155, 22.219449299744948], [90.02650115257251, 22.209817986876107], [90.01720865255486, 22.196771602401316], [90.02314484810277, 22.175284507219967], [90.06090226566027, 22.16180162451517], [90.01796191354559, 22.131390754484087], [90.01339323632834, 22.110117535344237], [90.02312975124204, 22.082815299516717], [89.98235143104965, 22.049912472672112], [89.97246622309505, 22.030977478219377], [89.98874840818547, 21.96112967389267], [89.97825948640973, 21.946945893167186], [89.9521124830725, 21.942401842973197], [89.92975430088595, 21.9645897073748], [89.9329292653397, 22.002813433890495], [89.91679452985807, 22.02606559408777], [89.90139872067596, 22.073214008646897], [89.91170393937026, 22.140302939823048], [89.87232712973197, 22.25146582228547], [89.87266662944067, 22.288541717021143], [89.90409913133726, 22.3440901065802], [89.90935298900014, 22.37523827266696], [89.92053254215296, 22.39248926935899], [89.9772778106224, 22.438369908777517], [89.99262712680137, 22.494194419089947], [90.01518474275643, 22.491517813189116], [90.02990544215749, 22.50407789424433], [90.05694050214808, 22.493812721228274], [90.05876860257086, 22.484589413675987], [90.06978752183393, 22.498597131668546], [90.06093942318337, 22.49202731413313], [90.05230281277741, 22.49872035108606], [90.02846605086617, 22.50645665090682], [90.0368060485826, 22.581603490565655], [90.03248765511748, 22.598477307343185], [90.07654263556205, 22.64595927981649], [90.06822902598742, 22.67599218417708], [90.0937221505258, 22.70875855133893], [90.10032706556693, 22.75729109071602], [90.12030162842925, 22.77016901267754], [90.12078126239973, 22.767594881813608], [90.12499738691068, 22.765558198025676], [90.12835367471844, 22.76605408477414], [90.1312222945237, 22.766845028130728], [90.13207077000186, 22.767183210278446], [90.11559223975759, 22.774151853026176], [90.09840758818652, 22.762421198780686], [90.08587056659373, 22.708094173931087], [90.06486682128433, 22.679784411383558], [90.0728601724302, 22.64796792984431], [90.02448313529095, 22.601972322421066], [90.02000073332917, 22.60554078476002], [90.03362276077645, 22.65771807571339], [90.017928785517, 22.67979654562375], [90.00078744769976, 22.68500076320978], [90.01024270062456, 22.725807071568788], [89.99856479435572, 22.736306075687768], [90.0079992295202, 22.725807199552367], [89.99598140138106, 22.687602180223138], [90.01696691481534, 22.675485524901568], [90.03025832079935, 22.6536306331194], [90.01455704057065, 22.607102265506413], [90.02896156032276, 22.580490248287827], [90.01791350915425, 22.56190897087395], [90.02126865525831, 22.522290481431234], [90.0153458416726, 22.500512052323657], [89.9919868272813, 22.502296527326266], [89.96767029956182, 22.491589817154928], [89.9646263294121, 22.508759528747596], [89.92270597573913, 22.50919092441967], [89.9530938155032, 22.545773495526195], [89.96364430674464, 22.593421984689005], [89.91848986754661, 22.604778015819655], [89.9248869461458, 22.642215408979855], [89.88807959984145, 22.660473985690682], [89.89696621984443, 22.67752767894166], [89.91147725419589, 22.662487927178926], [89.9209119240688, 22.666519989476214], [89.93466175246874, 22.678001163346323], [89.92640176464977, 22.686884061404594], [89.90142705374012, 22.694817581351984], [89.87101637998057, 22.689447939326296], [89.86132472183567, 22.697931627442664], [89.90478935265105, 22.7269655827341], [89.92810839171717, 22.72213395948079], [89.93106769649893, 22.751592458690734], [89.91094933122957, 22.750269226554337], [89.91219114180944, 22.76415480138136], [89.9026909747343, 22.773034828771127], [89.93886895830464, 22.77895096979789], [89.93374593965108, 22.79447790483355], [89.9142164546452, 22.796643746777296], [89.94591003038798, 22.825341625705725], [89.93624653925312, 22.862609256184502], [89.96118699560954, 22.851740777006263], [90.02090022050125, 22.866928203367547], [90.01491573277258, 22.867116130036436], [90.01783079973234, 22.88341250232611], [90.03231669056106, 22.929238780154037], [90.05415018000235, 22.930681028978256], [90.05794555642223, 22.968539274077045], [90.06930905034318, 22.969145041654826], [90.0951489879929, 23.00380841340433], [90.12359629330211, 23.005283808001252], [90.13981918466607, 23.04381376105937], [90.13190744541248, 23.04964767761402], [90.14934792107806, 23.054449798331234], [90.15971565832263, 23.06849393489108], [90.18970617816473, 23.05746771696397], [90.21287265259883, 23.07184136945034], [90.23423593525371, 23.042899839369227], [90.22806421853045, 23.01693951008258], [90.23320262471083, 23.00750903390093], [90.22380457315126, 22.99042228672573], [90.23313220169655, 22.968615047549918], [90.24041362799773, 22.97866801914887], [90.25753095501562, 22.978609516551273], [90.25557148425588, 22.963863305904567], [90.27293027669208, 22.979332961138198], [90.28398088530054, 22.973074264638456], [90.31094204669057, 22.97688772766844], [90.31924886784628, 22.972248363027347], [90.31694442238285, 22.97031192901028], [90.31702092607196, 22.94898495485205], [90.32521725674832, 22.946864703098527], [90.35285040443199, 22.946688793766782], [90.37122811809718, 22.930169893040727], [90.35440270666186, 22.912796349958683], [90.34973669903303, 22.883593519115948], [90.33896659800871, 22.87499491376127], [90.33055451261811, 22.881765740071046], [90.33251978337637, 22.873328849454822], [90.34756353839106, 22.867930216458547], [90.34636452359746, 22.851833380095513], [90.35326468958908, 22.833112560983693], [90.34793695528026, 22.806817661172772], [90.35609251430498, 22.798326145719102], [90.3900516547746, 22.78717210474099], [90.40072543828944, 22.764104070731605], [90.43524090233097, 22.730045992323994], [90.4124635162986, 22.722822451934462], [90.40562227938972, 22.73963799891669], [90.39056322418742, 22.74160786424943], [90.38510067337961, 22.73247314507529], [90.38645798907112, 22.706460821648307], [90.37618792616115, 22.700836421131783], [90.3440105223491, 22.647540854335716], [90.3323556793539, 22.66272863052052], [90.31581204814671, 22.664385066483476], [90.31833868719033, 22.671943267461092], [90.31581204814665, 22.664385066483423], [90.29055642138917, 22.665931619851904], [90.28041262143628, 22.640306103715563], [90.26055995593914, 22.64346134470378], [90.24340602344255, 22.633528209819826], [90.21267116910249, 22.64197113660615], [90.17630190614817, 22.630568486377584], [90.18281709059744, 22.592281177629875], [90.20248471135496, 22.575682034822936], [90.19045806834245, 22.56053354404179], [90.18079808872909, 22.517209819129874], [90.18847087117581, 22.511551945512437], [90.20623828652751, 22.516287423136955], [90.21006881748953, 22.50989007114223], [90.19357182070623, 22.497943211103827], [90.17721488367224, 22.467783802150926], [90.17317246901678, 22.432778015929905], [90.13652542441287, 22.405236189793726], [90.1110014051319, 22.36365844046148], [90.09468039515016, 22.354379385507922], [90.08902788869403, 22.33679691433061]], [[90.13914082251455, 22.76666583566407], [90.13773958175643, 22.767676696598137], [90.13914082251453, 22.76666583566405], [90.13914082251455, 22.76666583566407]], [[90.13792025924566, 22.764980126404794], [90.13792025924579, 22.764980126404794], [90.1385740802033, 22.765883112812944], [90.13792025924566, 22.764980126404794]], [[90.13686649303094, 22.761203938554324], [90.1421588868042, 22.75677574670056], [90.14521753488478, 22.75727697171282], [90.13686649303094, 22.761203938554324]], [[90.1499009512643, 22.756941156006636], [90.14953780211339, 22.75698947923613], [90.1499009512643, 22.756941156006633], [90.1499009512643, 22.756941156006636]], [[90.16071850202648, 22.759295069919926], [90.1566275847245, 22.758444182782295], [90.15898515119429, 22.75873262674701], [90.16071850202648, 22.759295069919926]], [[90.16693387237414, 22.775797414826346], [90.17680963038495, 22.776940555046504], [90.17890135749035, 22.776435723807737], [90.16693387237414, 22.775797414826346]], [[90.18176249208031, 22.776941202054108], [90.18176249208034, 22.77694120205416], [90.18037151970574, 22.776695458187632], [90.18176249208031, 22.776941202054108]], [[90.18628190647601, 22.77923591703907], [90.18628190647598, 22.77923591703916], [90.18388742481334, 22.77801999303203], [90.18628190647601, 22.77923591703907]], [[90.18805421610074, 22.782908015689884], [90.18805421610075, 22.78290801568983], [90.188411640572, 22.783407342018684], [90.18805421610074, 22.782908015689884]], [[90.19738762549491, 22.77777999780421], [90.20039364089524, 22.77673991641422], [90.20059734923814, 22.776143435948843], [90.2010229499943, 22.77489822511591], [90.20493766917494, 22.773093563052743], [90.20746530253896, 22.77364558518142], [90.20102294999441, 22.774898225115976], [90.20039364089536, 22.77673991641427], [90.19738762549503, 22.777779997804203], [90.19558673347711, 22.782162714219226], [90.19095632677086, 22.784953243098975], [90.19738762549491, 22.77777999780421]], [[90.20902562798754, 22.770772245556387], [90.20902562798761, 22.770772245556373], [90.20962296266873, 22.77387499147499], [90.20902562798754, 22.770772245556387]], [[90.2077185642772, 22.76819072440696], [90.20967424509672, 22.760536196828557], [90.21052303761932, 22.760252894763553], [90.2077185642772, 22.76819072440696]], [[90.21602786558539, 22.759702836851442], [90.21602786558537, 22.75970283685149], [90.21349070268128, 22.759904894348022], [90.21602786558539, 22.759702836851442]], [[90.22298456981504, 22.752986917407906], [90.22105119478564, 22.75318999052413], [90.22246413726457, 22.75281397632995], [90.22298456981504, 22.752986917407906]], [[90.22723306970282, 22.753438702665704], [90.24018987350996, 22.755826174494803], [90.25503332287789, 22.752754074977535], [90.24018987351008, 22.75582617449487], [90.22723306970282, 22.753438702665704]], [[90.25665503574545, 22.74910122362494], [90.2566550357455, 22.749101223624905], [90.25696034510479, 22.750533567997792], [90.25665503574545, 22.74910122362494]], [[90.26389329970287, 22.7415224169928], [90.27446409624486, 22.73274854961943], [90.26787155860728, 22.740556963074482], [90.26389329970287, 22.7415224169928]], [[90.27122073208093, 22.73125867734989], [90.27082422712867, 22.71975804348902], [90.27458578424901, 22.71746194540716], [90.27122073208093, 22.73125867734989]], [[90.27319787479439, 22.716103528804105], [90.2731978747945, 22.71610352880407], [90.27521985304404, 22.71665732664777], [90.27319787479439, 22.716103528804105]], [[90.27394757374086, 22.709633239101507], [90.2716579724281, 22.706892969240407], [90.2723060524281, 22.712495950522477], [90.27394757374086, 22.709633239101507]], [[90.27061677768305, 22.6965777904906], [90.2763075135193, 22.691989642649308], [90.27807446641866, 22.6904632073915], [90.27639169652196, 22.695128730324143], [90.27061677768305, 22.6965777904906]], [[90.28231786074899, 22.68796364629638], [90.28755969225323, 22.680588407603114], [90.28964198697885, 22.680712690006807], [90.28231786074899, 22.68796364629638]], [[90.29341501503862, 22.686444087405672], [90.29341501503859, 22.686444087405732], [90.29246449274417, 22.685375965529545], [90.29341501503862, 22.686444087405672]], [[90.30151060161208, 22.686136577841904], [90.30151060161211, 22.686136577841978], [90.29769160000434, 22.686855415417764], [90.30151060161208, 22.686136577841904]], [[90.32073876779428, 22.674655986862685], [90.32073876779441, 22.674655986862774], [90.31904423113967, 22.676357413572322], [90.32073876779428, 22.674655986862685]], [[90.03203844936138, 22.86054106271473], [90.03203844936124, 22.860541062714685], [90.03265686575168, 22.858128952614475], [90.03203844936138, 22.86054106271473]], [[90.03192230405956, 22.846597103630536], [90.03241951392121, 22.8571231167233], [90.03147715148053, 22.853129627550167], [90.03192230405956, 22.846597103630536]], [[90.02928841632416, 22.82827954604153], [90.03087364815177, 22.83538938830649], [90.02860706711915, 22.826917492994657], [90.02928841632416, 22.82827954604153]], [[90.02984217645778, 22.816102873610905], [90.02772398573944, 22.81797577228747], [90.02838100716197, 22.82611171486152], [90.0277239857394, 22.817975772287497], [90.02984217645778, 22.816102873610905]], [[90.03503356536534, 22.817987036817872], [90.03677649446432, 22.819458612300103], [90.03340248824587, 22.81702492141987], [90.03503356536534, 22.817987036817872]], [[90.04124610894524, 22.824132189425235], [90.04896143233918, 22.827331541925957], [90.04633285157246, 22.826362053731714], [90.04459814987462, 22.826342787532212], [90.0423368257317, 22.82513627801842], [90.04124610894524, 22.824132189425235]], [[90.05154189619576, 22.826589965917638], [90.05181396597797, 22.824730979993866], [90.05070310703475, 22.827164075324667], [90.05154189619576, 22.826589965917638]], [[90.05042643002696, 22.816906206388694], [90.05140348071221, 22.823092168171904], [90.05107486477729, 22.815382745627407], [90.05042643002696, 22.816906206388694]], [[90.05775854599, 22.806220519060577], [90.0592826572852, 22.805486004654306], [90.0568364289022, 22.80666501424124], [90.05775854599, 22.806220519060577]], [[90.06256062506482, 22.80241890327583], [90.06307782866341, 22.8013645388606], [90.06216037587714, 22.80291237231169], [90.06256062506482, 22.80241890327583]], [[90.06608151489517, 22.794916958798378], [90.0665456704786, 22.791853852701763], [90.0646879570563, 22.79798479704655], [90.06608151489517, 22.794916958798378]], [[90.06675198998855, 22.790945442156946], [90.06666332941077, 22.791077385057477], [90.06666332941077, 22.791077385057473], [90.06675198998855, 22.790945442156946]], [[90.07466637055268, 22.784561370246593], [90.07054096627822, 22.786339848804754], [90.07643476509935, 22.78449566829994], [90.07466637055268, 22.784561370246593]], [[90.08189994653654, 22.784171064837405], [90.08462113355878, 22.78398482547059], [90.07956880913197, 22.784342550599696], [90.08189994653654, 22.784171064837405]], [[90.08889311549396, 22.784014878027254], [90.09115109604078, 22.784070472691607], [90.08684565068899, 22.783954069500158], [90.08889311549396, 22.784014878027254]], [[90.09729612944449, 22.778631236250963], [90.10087991928371, 22.777511558513513], [90.09569255311452, 22.780536547676817], [90.09729612944449, 22.778631236250963]], [[90.10439484202216, 22.777371623013693], [90.11099887685612, 22.777009773163684], [90.10692311773124, 22.777444198719138], [90.10439484202216, 22.777371623013693]]], [[[90.3968097037438, 22.205612723382767], [90.39995755317585, 22.219160302625912], [90.40910974178381, 22.207029731840716], [90.3968097037438, 22.205612723382767]]], [[[90.20823508890064, 22.230251063363266], [90.23071798356958, 22.1924250604093], [90.21514824768616, 22.16847847498404], [90.20442781642558, 22.12559068552457], [90.156023450526, 22.12628245438641], [90.131334756313, 22.09460644643894], [90.08063318316988, 22.052020922303978], [90.06540643769179, 22.02408803388835], [90.05702238795485, 21.979202998322428], [90.01459761016251, 21.983254405508696], [89.99467624808078, 22.007507271316967], [89.98798169701234, 22.037219419259596], [90.01521243034892, 22.042892298176437], [90.03073215224178, 22.055512527637816], [90.03485839612, 22.129402414350658], [90.065159293188, 22.14875199335586], [90.07140806470325, 22.162222827534656], [90.06182301692013, 22.178323540177253], [90.02528010952022, 22.19591962246929], [90.06183583525292, 22.20761022264574], [90.08073019433228, 22.222351403272484], [90.08821835772164, 22.261135879102362], [90.10605004499294, 22.268216305008654], [90.11475050767595, 22.286717987225696], [90.09909656183389, 22.34678941534311], [90.11709827960588, 22.360959414063192], [90.14067577392085, 22.39876559409208], [90.17636583927371, 22.428834844391815], [90.17896392529843, 22.459753974602442], [90.19188842034241, 22.47727902405869], [90.19234349920873, 22.476415165873792], [90.20237660479886, 22.47607596735406], [90.19188842034248, 22.477279024058646], [90.1962822926742, 22.491324485510177], [90.21342601366516, 22.508101442581058], [90.2056045390903, 22.52067367311094], [90.18591768355148, 22.516832466583597], [90.20664808822035, 22.576643083461384], [90.18698234024353, 22.594357571456086], [90.17917753307097, 22.62536206679377], [90.21266338948082, 22.636916704813665], [90.24532189283298, 22.630403249039016], [90.26535702368271, 22.639439634281672], [90.28409044747626, 22.637475149291436], [90.29407378843888, 22.662951957024408], [90.32626659781769, 22.661700285487502], [90.34256118710854, 22.644198919322317], [90.35732489677653, 22.651559703403542], [90.35847012459465, 22.664827729698914], [90.39336008646092, 22.710903528384506], [90.39312133914973, 22.739594712830012], [90.40813442761959, 22.722015733418857], [90.41838136629048, 22.71909058213214], [90.44037222036087, 22.730923725471825], [90.4369275662828, 22.756501925127225], [90.45807523354972, 22.75346949876814], [90.4927571193009, 22.72593956561792], [90.50533326997714, 22.703230575649627], [90.47895903073942, 22.675067239067857], [90.46990801920379, 22.651383522666833], [90.44122003093315, 22.645370133770825], [90.44790318331258, 22.63204664865833], [90.42574616192303, 22.613227600562652], [90.44998364892359, 22.631595068349327], [90.44313751259301, 22.644101256165527], [90.47166482428759, 22.649966004888825], [90.4874621334215, 22.67868354724078], [90.50403432946803, 22.654698793299588], [90.51052940188197, 22.591796879651156], [90.44819734752167, 22.574515556348672], [90.46085542873311, 22.53010549881344], [90.42989655439078, 22.505885290339563], [90.42921861713137, 22.493548234541322], [90.44371044335077, 22.472845394589797], [90.43774414391049, 22.457624036940274], [90.41750164020937, 22.480868597930225], [90.35659421879166, 22.496252526557953], [90.35197432014633, 22.504141685764182], [90.36656990707297, 22.51778591695762], [90.35321213834061, 22.525910435456808], [90.36400608234851, 22.516453867489872], [90.34925405832433, 22.503999110436666], [90.35452071568221, 22.49065972819642], [90.3488251719254, 22.47131435773923], [90.3022791102449, 22.468713914183297], [90.29993875391945, 22.444609315043213], [90.26431332762317, 22.403331652008912], [90.2526163928632, 22.344850093857488], [90.22991263026793, 22.35197488346085], [90.19893042011051, 22.329111952845032], [90.20823508890064, 22.230251063363266]], [[90.23537427261994, 22.46327230104771], [90.23537427261982, 22.463272301047738], [90.23509893923577, 22.46127206830788], [90.23537427261994, 22.46327230104771]], [[90.24339589299143, 22.456847075498217], [90.23622786713878, 22.455068985292655], [90.24581064646604, 22.457445914657256], [90.24339589299143, 22.456847075498217]], [[90.22058604525007, 22.477495020859454], [90.21271099317181, 22.473659331105296], [90.20677181687081, 22.475566179983396], [90.21271099317168, 22.473659331105228], [90.22058604525007, 22.477495020859454]], [[90.22540383254074, 22.479414838538617], [90.22321807857286, 22.478577359803708], [90.23101087981955, 22.48116769142738], [90.22540383254074, 22.479414838538617]], [[90.23148516205087, 22.481523326659076], [90.2376349296058, 22.484038223727055], [90.23403704197585, 22.483437077990857], [90.23148516205087, 22.481523326659076]], [[90.24568356599288, 22.48094095359478], [90.24533327180063, 22.483172978536004], [90.24533327180062, 22.483172978536004], [90.24568356599288, 22.48094095359478]], [[90.2389110292844, 22.469621419226655], [90.24058748274098, 22.47226505203139], [90.24578222903675, 22.47892910953855], [90.24058748274092, 22.47226505203143], [90.23891102928432, 22.469621419226677], [90.23647189169992, 22.466671045089377], [90.2389110292844, 22.469621419226655]], [[90.26759767694577, 22.461865840236783], [90.2565992318352, 22.46155509332914], [90.25409590198439, 22.461120329319815], [90.26759767694577, 22.461865840236783]], [[90.27580531127177, 22.47503095641588], [90.27563472489636, 22.47476386473243], [90.27580531127178, 22.475030956415885], [90.27580531127177, 22.47503095641588]], [[90.2778842508298, 22.476522516012526], [90.27828688366141, 22.474686528823693], [90.27599103283212, 22.475164204530092], [90.2778842508298, 22.476522516012526]], [[90.27873551439617, 22.4734233515979], [90.27848811461553, 22.473768924930635], [90.27848811461553, 22.47376892493062], [90.27873551439617, 22.4734233515979]], [[90.2826877617785, 22.471556191247316], [90.28268776177846, 22.471556191247313], [90.28420319662752, 22.471291538321964], [90.2826877617785, 22.471556191247316]], [[90.29295699629864, 22.46994167045699], [90.28566080285837, 22.470994113464315], [90.29447574292466, 22.470707819236956], [90.29295699629864, 22.46994167045699]], [[90.29874010062883, 22.474544614502975], [90.30409431826098, 22.477325264634768], [90.30446618939384, 22.469931643008586], [90.3040943182611, 22.47732526463483], [90.29874010062883, 22.474544614502975]], [[90.37568113055019, 22.63809357052397], [90.37058490603452, 22.632416861600234], [90.37568113055033, 22.63809357052395], [90.36736715242483, 22.64800310961317], [90.36371011668888, 22.649862239981587], [90.36086170981446, 22.654157172074576], [90.35907882350935, 22.652847803648243], [90.37568113055019, 22.63809357052397]], [[90.36008613717581, 22.63550418746786], [90.36090830016643, 22.635130863276263], [90.35932007753614, 22.635819735107468], [90.36008613717581, 22.63550418746786]], [[90.35564951303648, 22.635219642550503], [90.35564951303661, 22.635219642550453], [90.3567947225273, 22.636771762474122], [90.35564951303648, 22.635219642550503]], [[90.35073490317069, 22.63064920643683], [90.35351329743932, 22.63253437895288], [90.35003275702547, 22.629218301052955], [90.35073490317069, 22.63064920643683]], [[90.34701961026812, 22.62617116121228], [90.3470196102682, 22.626171161212255], [90.34807677980274, 22.62700123728387], [90.34701961026812, 22.62617116121228]], [[90.3429871793345, 22.62736862441068], [90.34501622073805, 22.626766084045133], [90.34237737900068, 22.62754958588885], [90.3429871793345, 22.62736862441068]], [[90.33944671253892, 22.62732477515565], [90.33944671253892, 22.627324775155635], [90.33972078319074, 22.627443232916175], [90.33944671253892, 22.62732477515565]], [[90.33888390765107, 22.622770104884932], [90.33948227214641, 22.62220838367019], [90.33888390765107, 22.622770104884964], [90.33888390765107, 22.622770104884932]], [[90.3420070033731, 22.621268643159798], [90.34917814138225, 22.621608079591567], [90.34701741367098, 22.621660759227552], [90.34336101391614, 22.62140551572776], [90.3420070033731, 22.621268643159798]], [[90.36204696988159, 22.621752047742575], [90.35797428830762, 22.619553254151622], [90.36524336538487, 22.620375414225553], [90.36204696988159, 22.621752047742575]], [[90.37051234958551, 22.617263821236236], [90.37051234958545, 22.61726382123625], [90.36717595708139, 22.61083575642512], [90.37051234958551, 22.617263821236236]], [[90.36797893797458, 22.610521853198602], [90.37687304752501, 22.606088606307434], [90.37745204867286, 22.606404167576304], [90.37687304752507, 22.60608860630748], [90.37200673446927, 22.60894729728318], [90.36797893797458, 22.610521853198602]], [[90.38494716305092, 22.60791461135378], [90.382086308069, 22.608930115122746], [90.3820863080689, 22.608930115122693], [90.38494716305092, 22.60791461135378]], [[90.38724312851167, 22.60543523203353], [90.38724312851164, 22.60543523203346], [90.38801216671618, 22.602104422589605], [90.38724312851167, 22.60543523203353]], [[90.38726285788009, 22.601836911575685], [90.38567920638228, 22.600677154382055], [90.38726285788022, 22.60183691157573], [90.38726285788009, 22.601836911575685]], [[90.38025266615927, 22.596699034412723], [90.38183877345624, 22.59757673197453], [90.37991383674837, 22.596685086351325], [90.38025266615927, 22.596699034412723]], [[90.37685302639028, 22.59672426879655], [90.37734704903325, 22.596695479037127], [90.3742112488993, 22.596464526233003], [90.37685302639028, 22.59672426879655]], [[90.36913364399561, 22.596969737027564], [90.37021549459202, 22.596170318727907], [90.36821202238656, 22.597675541994192], [90.36913364399561, 22.596969737027564]], [[90.36069832719399, 22.60693880480384], [90.35895789138785, 22.608809034381977], [90.3587897140039, 22.609031982521422], [90.35895789138783, 22.608809034381977], [90.36069832719397, 22.606938804803804], [90.36084265102356, 22.60648941966869], [90.36069832719399, 22.60693880480384]], [[90.35318169897351, 22.61443014843549], [90.35318169897347, 22.61443014843546], [90.35496843253836, 22.612910635112378], [90.35318169897351, 22.61443014843549]], [[90.3528056976164, 22.614159685218205], [90.350341343509, 22.61238739289459], [90.34872138512745, 22.611311981588415], [90.3528056976164, 22.614159685218205]], [[90.34768959570295, 22.610346153414568], [90.3467521245245, 22.609404373109825], [90.3485144816332, 22.61117462845667], [90.34768959570295, 22.610346153414568]], [[90.34303905654562, 22.6034074568695], [90.35479118238855, 22.59362973002863], [90.35075463637583, 22.598615282100184], [90.34826812473659, 22.600275013455246], [90.34559290947851, 22.601880627594085], [90.34303905654565, 22.603407456869547], [90.3442069177153, 22.606303906536237], [90.34303905654562, 22.6034074568695]], [[90.35774486470653, 22.59005216881402], [90.35430119039516, 22.566611607876553], [90.35917320642488, 22.570604487449145], [90.35942868375452, 22.571595099137653], [90.35972900008755, 22.57276064072073], [90.36074511162752, 22.575875887010795], [90.36136372007536, 22.57808778859396], [90.3615601024897, 22.58065211035921], [90.35915075445394, 22.587277339357684], [90.35774486470653, 22.59005216881402]], [[90.35128791529229, 22.567198081526158], [90.35161082453777, 22.56703906157532], [90.35049164818194, 22.568499949527283], [90.35128791529229, 22.567198081526158]], [[90.34269491649411, 22.573687697919183], [90.34354759870777, 22.573666745376897], [90.34204097509206, 22.574040914958328], [90.34269491649411, 22.573687697919183]], [[90.33267502462743, 22.580038664368324], [90.3323813540168, 22.580037433774947], [90.33267502462745, 22.580038664368317], [90.33267502462743, 22.580038664368324]], [[90.32004253706964, 22.577087661800817], [90.32142988629005, 22.57760811161006], [90.31946663728489, 22.57653715560544], [90.32004253706964, 22.577087661800817]], [[90.31561610156858, 22.573482019438938], [90.31561610156865, 22.573482019438927], [90.31604080633784, 22.57371895257209], [90.31561610156858, 22.573482019438938]], [[90.31216891826983, 22.574022597541727], [90.31476955576241, 22.573614772497354], [90.31149570311753, 22.574113620443267], [90.31216891826983, 22.574022597541727]], [[90.3090910780462, 22.57443874080089], [90.30858795514314, 22.573586082045505], [90.30909107804624, 22.574438740800883], [90.3090910780462, 22.57443874080089]], [[90.30696426824615, 22.56808896415255], [90.30657809775336, 22.56416383796362], [90.30564703362766, 22.562140461290863], [90.30696426824615, 22.56808896415255]], [[90.30128038022974, 22.558181836972494], [90.30377773643997, 22.560304955121527], [90.30099794762125, 22.558291890671406], [90.30128038022974, 22.558181836972494]], [[90.28699647993108, 22.562291290488474], [90.28758493951955, 22.56253172446676], [90.28619035734432, 22.56192349493008], [90.28699647993108, 22.562291290488474]], [[90.28448316914066, 22.552461486835718], [90.28097575537274, 22.556951872302594], [90.28252395017141, 22.55480275796677], [90.28448316914066, 22.552461486835718]], [[90.28404745609213, 22.549926631371992], [90.28461967534821, 22.552298361606745], [90.28461967534818, 22.55229836160678], [90.28404745609213, 22.549926631371992]], [[90.28156792176026, 22.54260694304861], [90.28396877934178, 22.54960573022927], [90.27534748294617, 22.539572665681757], [90.28156792176026, 22.54260694304861]], [[90.27125374000148, 22.5376205783466], [90.26641141135757, 22.533031363955253], [90.26425640150705, 22.530390948239937], [90.27125374000148, 22.5376205783466]], [[90.25114564713088, 22.522001088692356], [90.24441140705073, 22.519391670643913], [90.24264445384163, 22.518298271825216], [90.24441140705079, 22.51939167064387], [90.2497130025153, 22.52126429656738], [90.25114564713088, 22.522001088692356]], [[90.22907402042642, 22.509815606943675], [90.23065480944697, 22.51043988242215], [90.22663292996448, 22.50900847614864], [90.22907402042642, 22.509815606943675]], [[90.21974516296771, 22.505295229059712], [90.2197451629678, 22.505295229059755], [90.2220204421859, 22.506749441497753], [90.21974516296771, 22.505295229059712]], [[90.20464282617047, 22.497368011446614], [90.20464282617047, 22.497368011446554], [90.20795670426206, 22.499258695294003], [90.20464282617047, 22.497368011446614]]], [[[89.85405690220759, 22.247554961331545], [89.86206747668112, 22.26111116517963], [89.86805948422361, 22.23957663206319], [89.85891558199462, 22.240437380726203], [89.85405690220759, 22.247554961331545]]], [[[90.44009418104804, 22.76688692141255], [90.43132929398405, 22.789433487930125], [90.44966755324685, 22.780191226711395], [90.44009418104804, 22.76688692141255]]], [[[90.44565434323027, 22.788964174096805], [90.44359652018511, 22.796023406758707], [90.44476614730866, 22.79710163238218], [90.44565434323027, 22.788964174096805]]], [[[90.35507137582226, 22.828201909016514], [90.35014992604067, 22.844159007200687], [90.35164383761537, 22.846148741473826], [90.36931318525694, 22.834302466558654], [90.36564729840455, 22.824191365840022], [90.35172132697221, 22.81917633325793], [90.35507137582226, 22.828201909016514]]], [[[90.43099581768843, 22.997102836061686], [90.45641958347545, 22.97914173320015], [90.41227881306008, 22.927424075035617], [90.41972751470365, 22.900573614450536], [90.3989637727583, 22.893752071114477], [90.38140793474105, 22.84962814272808], [90.40472722645058, 22.816346405171203], [90.38821210979802, 22.816833235462298], [90.38548020668412, 22.81475876069544], [90.3862703695487, 22.81074312471202], [90.42821674848716, 22.78989891424112], [90.43792296553414, 22.766831068175293], [90.42007688599182, 22.749560774780434], [90.39229798908912, 22.78783564688166], [90.35242474121338, 22.80613903653716], [90.3725389914153, 22.832256196509434], [90.36791563527635, 22.842598493280775], [90.35253477843537, 22.84887659534178], [90.35734440403286, 22.907366291085566], [90.36495530240023, 22.915161808568826], [90.39190632526538, 22.90259757336389], [90.39993319526536, 22.936717721272032], [90.38734719837106, 22.960029144708415], [90.35495283564904, 22.960417728869174], [90.34084387185601, 22.985838765200924], [90.35697355372298, 23.02314547974538], [90.43099581768843, 22.997102836061686]]], [[[90.344624063622, 22.961811328686395], [90.39436405342099, 22.946795999041342], [90.39160027148432, 22.90701173304734], [90.36987497477423, 22.919860245905284], [90.37350066848398, 22.93089514234225], [90.35915756720789, 22.94600278267353], [90.31828614725947, 22.950647964252312], [90.31833127087276, 22.96992974683286], [90.33783441907855, 22.97181746135516], [90.344624063622, 22.961811328686395]]], [[[90.36954434761446, 23.057156410612208], [90.42122065621561, 23.041496734869952], [90.44603588447649, 23.046084730272412], [90.45943566570315, 23.02322627994465], [90.40842098406785, 23.005744872958644], [90.37086376163023, 23.027865073474572], [90.35823743121966, 23.027543553451494], [90.34101914798134, 23.008767368318786], [90.33743483035448, 22.988675207038455], [90.32732509073196, 22.99234816395233], [90.30887958602557, 23.031713166400834], [90.31386607763557, 23.052385767455064], [90.36954434761446, 23.057156410612208]]], [[[90.48071347763212, 21.78231774240688], [90.47272522381272, 21.762911505825095], [90.4590749379675, 21.76868610947484], [90.46307786067361, 21.781257952390337], [90.48071347763212, 21.78231774240688]]], [[[90.45086156685956, 21.802756324499878], [90.45704001614712, 21.814026967123418], [90.46576630917352, 21.81622311843729], [90.4631402801647, 21.800687026235494], [90.45086156685956, 21.802756324499878]]], [[[90.5284471382919, 21.832965386867937], [90.48002043301318, 21.81220396973677], [90.48031758966722, 21.841809398104267], [90.49542375770386, 21.854347568233962], [90.52100640253929, 21.85778426416571], [90.51996011536576, 21.8426143952366], [90.5284471382919, 21.832965386867937]]], [[[90.42975704680828, 21.835287543143917], [90.43435725515133, 21.849153485975087], [90.45684852083001, 21.863014974219958], [90.45692363911397, 21.83984053606633], [90.4404559637612, 21.834148920590874], [90.42975704680828, 21.835287543143917]]], [[[90.55033245855007, 21.855006022222362], [90.54773681242767, 21.850203807913843], [90.53483649181958, 21.845619926655186], [90.52336151612434, 21.851393084185528], [90.52622709997382, 21.858270790820672], [90.53525125472866, 21.85061465584854], [90.55033245855007, 21.855006022222362]]], [[[90.46430590258213, 21.854993193293154], [90.47347430024809, 21.870325272435704], [90.4770089861502, 21.86013795870871], [90.46430590258213, 21.854993193293154]]], [[[90.5447864705122, 21.856134551720746], [90.50913663095464, 21.86439028191542], [90.50570682865629, 21.868008431481417], [90.52686146827003, 21.88690918100122], [90.5545509343098, 21.869609920726813], [90.5447864705122, 21.856134551720746]]], [[[90.49451136000194, 21.87710994687228], [90.49322157369289, 21.905610004181803], [90.50196564234133, 21.911134678526917], [90.50922820903914, 21.890202944448895], [90.49451136000194, 21.87710994687228]]], [[[90.60502088430425, 21.972805458013628], [90.56902790407669, 21.872465982967565], [90.5645169590391, 21.88433156339164], [90.51668930756578, 21.892388628857557], [90.51154187760227, 21.909724326346808], [90.52831515533036, 21.954944726114206], [90.56515657462492, 21.96393776270837], [90.58511509176178, 21.985440925708616], [90.60502088430425, 21.972805458013628]]], [[[90.5423715397578, 21.968268363843308], [90.56657937023026, 21.987811413332675], [90.57956818621304, 21.98333359845876], [90.5641843895333, 21.965156505768885], [90.5456068225567, 21.962484410836097], [90.5423715397578, 21.968268363843308]]], [[[90.55453830076688, 21.997700798917336], [90.569570798352, 22.008891610110076], [90.55647911672176, 21.994048035308595], [90.55453830076688, 21.997700798917336]]], [[[90.48519088827099, 22.03198408719182], [90.47540459247033, 22.055900136981105], [90.48020075360107, 22.06219180860018], [90.48519088827099, 22.03198408719182]]], [[[90.59104646994798, 22.0619557652816], [90.57523247920548, 22.050300095710845], [90.50247733168112, 21.956918496366246], [90.48228035988274, 22.051136156181034], [90.49393369221579, 22.09634230772583], [90.53481358135734, 22.132727644011258], [90.56045082239544, 22.133406995215438], [90.5680400382265, 22.140882768173004], [90.57350842846944, 22.152039700534182], [90.60514934000899, 22.17228705177567], [90.60577969687961, 22.127503888791317], [90.60345972849198, 22.122919763272137], [90.60435196746944, 22.139450852697035], [90.59104646994798, 22.0619557652816]]], [[[90.60203005167088, 22.173063956974687], [90.569393390687, 22.150523114921622], [90.5602956681642, 22.135704178883703], [90.53745710113277, 22.136546347154113], [90.57247820981931, 22.181743781672964], [90.60127706742499, 22.18929500342876], [90.6069347773396, 22.18672247067865], [90.60203005167088, 22.173063956974687]]], [[[90.58633433520158, 22.240026456585177], [90.58265989353723, 22.2059102275113], [90.56330683486694, 22.18829638487629], [90.57471126313872, 22.205938480494186], [90.58633433520158, 22.240026456585177]]], [[[90.57629209189037, 22.232523747020267], [90.58338753213549, 22.239488803916124], [90.5785809164812, 22.226315737514874], [90.57629209189037, 22.232523747020267]]], [[[90.590209621667, 22.522247032370085], [90.60964261327223, 22.496118377785685], [90.61052091514249, 22.502694968092335], [90.62321058966397, 22.49001306334581], [90.60962416556043, 22.49190733232997], [90.58729801340141, 22.43639027281889], [90.6312017494924, 22.378189728742676], [90.60718624530445, 22.28932049866698], [90.58854000348757, 22.260305167690703], [90.53760778453196, 22.214289360386847], [90.52163943062257, 22.17683444981477], [90.50210635882254, 22.167420081252892], [90.48556446848514, 22.20537221460472], [90.49402451243132, 22.210593623519465], [90.48458273035709, 22.20748094393356], [90.49512769342819, 22.151451749295553], [90.43882282975423, 22.080940480400585], [90.39108672638237, 22.088187744701177], [90.38753401605396, 22.121276034505705], [90.40468031731722, 22.140777905762693], [90.40489983776055, 22.168151228357797], [90.43291895667261, 22.182292621798933], [90.43662705826702, 22.19333750304852], [90.41208598822422, 22.20978613046402], [90.39942106393775, 22.2292951771839], [90.40699083681135, 22.256321080143454], [90.4207494572677, 22.27135443269454], [90.41879661357571, 22.28030863614418], [90.4059558068267, 22.289685082074712], [90.37301921075859, 22.29463351827649], [90.42252654208541, 22.345047426144532], [90.41759553338245, 22.351771949209315], [90.40529909703642, 22.356014468020508], [90.34783998117307, 22.349173184006194], [90.3916835694814, 22.39480487110836], [90.39812538938833, 22.420451359740085], [90.42546082411876, 22.425974848261315], [90.43801767320622, 22.412781071366034], [90.45416332230097, 22.415895003285286], [90.45231190274171, 22.45623583411142], [90.44467542208633, 22.459020586520268], [90.44517527242346, 22.48237803761523], [90.43303113454289, 22.493465482741154], [90.4332067158698, 22.504387811236487], [90.46954081555164, 22.534078686674928], [90.4535436591849, 22.573355527201272], [90.51678043818691, 22.58342918823547], [90.58800693508871, 22.53725721901873], [90.590209621667, 22.522247032370085]], [[90.47003018371976, 22.531495018055686], [90.46954843412777, 22.534076422086798], [90.46954843412763, 22.53407642208684], [90.47003018371976, 22.531495018055686]], [[90.47258244097428, 22.529946434193388], [90.4725824409744, 22.529946434193448], [90.47120981511867, 22.530779811213964], [90.47258244097428, 22.529946434193388]], [[90.47984898427126, 22.531191361347], [90.47984898427131, 22.53119136134693], [90.48103939555672, 22.53353755948244], [90.47984898427126, 22.531191361347]], [[90.50965490415074, 22.532037561370405], [90.50650266571262, 22.5424515846899], [90.50346578870494, 22.54424161389369], [90.50299693034799, 22.54404292061857], [90.50965490415074, 22.532037561370405]], [[90.5102532730354, 22.532620037213963], [90.51025327303546, 22.53262003721403], [90.51012078719808, 22.532491070280965], [90.5102532730354, 22.532620037213963]], [[90.51188250273498, 22.534207629088996], [90.51381301521356, 22.534292405077228], [90.51188250273503, 22.534207629089053], [90.51188250273498, 22.534207629088996]], [[90.5256689128389, 22.539402563782076], [90.52237513406936, 22.53884436224482], [90.52361827840332, 22.53824776460544], [90.5256689128389, 22.539402563782076]], [[90.52776196557733, 22.54248262570439], [90.52776196557727, 22.54248262570445], [90.52688175431604, 22.541064886471474], [90.52776196557733, 22.54248262570439]], [[90.52698659418729, 22.549582011456778], [90.5269865941873, 22.54958201145682], [90.52124751264626, 22.550565183461504], [90.52698659418729, 22.549582011456778]], [[90.52489863615878, 22.559226977064423], [90.52489863615892, 22.559226977064498], [90.52462900360943, 22.559149018069213], [90.52489863615878, 22.559226977064423]], [[90.5358064266367, 22.561752169854632], [90.52790087272069, 22.559665164738703], [90.52676362643301, 22.559499086586065], [90.52790087272064, 22.559665164738657], [90.5358064266367, 22.561752169854632]], [[90.53596858948323, 22.561794144253017], [90.53596858948328, 22.561794144253028], [90.53671072340417, 22.56303876431214], [90.53596858948323, 22.561794144253017]]], [[[90.57726885732663, 22.571987645819508], [90.60020213443836, 22.554927187743207], [90.58379076819807, 22.549133502014612], [90.56712808938677, 22.558559628957337], [90.53583220747662, 22.614865190946837], [90.57420888171703, 22.594243665288833], [90.59082537426684, 22.573109087010707], [90.57726885732663, 22.571987645819508]]], [[[90.52923500511599, 22.621033916136867], [90.54670315733188, 22.573557975789072], [90.53194890851614, 22.588827840554643], [90.52043181553393, 22.627502010738965], [90.51962130190878, 22.639043988077503], [90.53092829103173, 22.651468826401015], [90.52923500511599, 22.621033916136867]]], [[[90.50397475896057, 22.659543265834714], [90.48886241135631, 22.679282272939304], [90.5022443536244, 22.696549519689256], [90.50397475896057, 22.659543265834714]]], [[[90.5588712106192, 22.69879068263424], [90.57109497311615, 22.679722355804927], [90.56720294432444, 22.65368623845768], [90.55931346566899, 22.652250524849194], [90.54300490796135, 22.675136731971918], [90.5316605707385, 22.677809211199133], [90.53887634696122, 22.66783347624903], [90.51988922317742, 22.650919519844365], [90.51974443886718, 22.696288129454956], [90.53163103992102, 22.708480516819748], [90.5588712106192, 22.69879068263424]]], [[[90.49877037498595, 22.79299454001199], [90.53063515801256, 22.796676172156538], [90.533002887826, 22.78700445986169], [90.52084691398284, 22.710255515868823], [90.49410103664405, 22.737138723862586], [90.48964505781618, 22.768448003255173], [90.49885365386967, 22.787932703709657], [90.49877037498595, 22.79299454001199]]], [[[90.45718133551486, 22.760163954565144], [90.45061480660473, 22.757884705222068], [90.44814196449744, 22.759378532470294], [90.45718133551486, 22.760163954565144]]], [[[90.45295770078718, 22.76112225630851], [90.44421295282058, 22.76128204297646], [90.44349514899477, 22.764663157517532], [90.45388283881346, 22.769343554182626], [90.45295770078718, 22.76112225630851]]], [[[90.4891823820825, 22.741955753498928], [90.45999640703405, 22.773808387411805], [90.45192364362089, 22.80113671587901], [90.48361579716095, 22.816588680489758], [90.49751748599272, 22.79005184200264], [90.48738498040456, 22.769266524617308], [90.4891823820825, 22.741955753498928]]], [[[90.49210104184402, 22.81104636459486], [90.49100774516648, 22.817977558694736], [90.5065660157793, 22.82021743477793], [90.50269784055382, 22.814878209415156], [90.49210104184402, 22.81104636459486]]], [[[90.46575068419884, 22.889465308084084], [90.48227383254704, 22.84348281212027], [90.4926564841623, 22.831707556124968], [90.48395539419238, 22.820139214931544], [90.45457784708503, 22.810414492096186], [90.45570625289082, 22.860507261523765], [90.44258122279444, 22.8870992426493], [90.46575068419884, 22.889465308084084]]], [[[90.48150516504461, 22.852849991360358], [90.47343828427836, 22.885577435124105], [90.50129471250278, 22.869586519670463], [90.48150516504461, 22.852849991360358]]], [[[90.53313446244994, 22.956030318204853], [90.53288643228109, 22.89799026562895], [90.49899749824255, 22.876017049338543], [90.46031357928143, 22.89621272519338], [90.44169204075922, 22.89176352847386], [90.43893774915483, 22.88344684920594], [90.45052454410944, 22.845656889694965], [90.43768034786297, 22.791359813348265], [90.38803763883607, 22.81200240186712], [90.40423797481861, 22.813597497659316], [90.40697631660237, 22.817752733146335], [90.38348920541046, 22.848210526370963], [90.39981650037998, 22.891948883056045], [90.42043866173242, 22.89779338909449], [90.41765987717298, 22.926077866051116], [90.43184788082476, 22.928836644539103], [90.46101211055338, 22.97691821247014], [90.45667688721534, 22.993470883397208], [90.44327710598856, 22.994259105822152], [90.44721821811407, 23.003323663710773], [90.48111178239333, 22.999382551585427], [90.53313446244994, 22.956030318204853]]], [[[90.81749454053472, 21.86002661417032], [90.8067690071539, 21.86281396997542], [90.81015065038912, 21.8852815507462], [90.79909592222975, 21.887766298407957], [90.7911504472478, 21.863801279783818], [90.78241199252389, 21.87295816400074], [90.7715623031701, 21.852955735047836], [90.76310826646537, 21.85451423409472], [90.80843374964283, 21.92721961383541], [90.81917445138195, 21.926254868663392], [90.81716154661216, 21.91593446736379], [90.83177010492408, 21.908265336793725], [90.83559011164525, 21.893357911536476], [90.83285160653884, 21.870280193621245], [90.81749454053472, 21.86002661417032]]], [[[90.73822762800563, 21.8581217838476], [90.70402332037585, 21.852498503202828], [90.70343054314783, 21.864350894098678], [90.7343367219069, 21.924680511111777], [90.75954354486471, 21.93759208508665], [90.76424946715451, 21.91603690701735], [90.73822762800563, 21.8581217838476]]], [[[90.68652552414923, 21.93673712255681], [90.6469138108045, 21.89132092194676], [90.61207237651217, 21.889934939376094], [90.64526890741385, 21.95969230656875], [90.64660311570907, 21.96667560602798], [90.6295686441911, 21.944865041926715], [90.62670276659524, 21.95976419633418], [90.63514847893664, 21.971318742258056], [90.70365130359535, 21.975556232269472], [90.68652552414923, 21.93673712255681]]], [[[90.87254494420081, 22.018919528175335], [90.86173887106841, 21.945648884215302], [90.83555619175763, 21.948626133637145], [90.83261547295486, 21.966831237733814], [90.85224454063928, 21.988330900564396], [90.85846953423845, 22.00989901838812], [90.82657068563722, 21.975388145089298], [90.81913706516063, 21.954393168644998], [90.7978518243716, 21.961887756725268], [90.84851402561216, 22.030545254691297], [90.87254494420081, 22.018919528175335]]], [[[90.6030070262323, 21.979299195661945], [90.58743132388344, 21.994243896824933], [90.57861140505074, 21.98850233261233], [90.56723908814914, 21.996138194947118], [90.5761290323436, 22.019199380650928], [90.59237278956168, 22.030176231101922], [90.62196635633481, 21.99411659464751], [90.6209508358932, 21.985309234682088], [90.6030070262323, 21.979299195661945]]], [[[90.70257586293287, 21.98877778604484], [90.68139176734707, 21.98704420494448], [90.71993618809252, 22.00723683016474], [90.74001315187803, 22.046038417645825], [90.75785625737322, 22.050318525016216], [90.75399658134438, 22.040201895923012], [90.70257586293287, 21.98877778604484]]], [[[90.89628284623551, 22.061423198862546], [90.88917424638018, 22.046114455982252], [90.87855173833589, 22.053845721055104], [90.88415093785876, 22.071720779559584], [90.9009302397354, 22.073050345302775], [90.91000285164648, 22.061347477492305], [90.89628284623551, 22.061423198862546]]], [[[90.80798312881214, 22.077619753369543], [90.81039684057025, 22.100698926557566], [90.81814207964301, 22.100209205659777], [90.81777431034044, 22.079697716053243], [90.800125376389, 22.071581679178415], [90.80798312881214, 22.077619753369543]]], [[[90.98790273579343, 22.1992830386005], [90.92826046130527, 22.102293908093568], [90.92051806119918, 22.073063523202702], [90.90593933577247, 22.074584665217273], [90.89758733391446, 22.110943685009005], [90.89561251229134, 22.09719732658581], [90.89155209111595, 22.10665749684168], [90.9707764675957, 22.294004499613113], [90.9687738563911, 22.35256260139979], [90.98354083114191, 22.355832841427276], [91.00021698328243, 22.28846699747495], [90.9981517738888, 22.251768258756805], [90.98790273579343, 22.1992830386005]]], [[[90.64059973171683, 22.22611525510891], [90.61529053568243, 22.195098983420575], [90.57773402153245, 22.189205447560084], [90.59215718830714, 22.224242704319725], [90.60218971965078, 22.229277344461757], [90.59276100765979, 22.227804424516634], [90.59823539624135, 22.234226476361346], [90.59871302776173, 22.242585680697808], [90.63308707547964, 22.248377223888966], [90.64059973171683, 22.22611525510891]]], [[[90.59028522440352, 22.234118320615032], [90.59721952415677, 22.2376569185243], [90.59203057237758, 22.22904050952334], [90.59028522440352, 22.234118320615032]]], [[[90.9022452505234, 22.235612393987076], [90.90214526818374, 22.27368502869979], [90.90934514508243, 22.270765448572266], [90.9081076212361, 22.23877932925346], [90.9022452505234, 22.235612393987076]]], [[[90.94320994091852, 22.29744618253124], [90.93952662960612, 22.260675792993418], [90.92146819306515, 22.232305334238095], [90.93374580452075, 22.321815468946532], [90.92326404040719, 22.296601091180918], [90.92271282890523, 22.26493121778614], [90.90606283292196, 22.29477843237872], [90.933120260704, 22.359675412575214], [90.94320994091852, 22.29744618253124]]], [[[90.65123400347957, 22.280760109126113], [90.61528920196032, 22.260118000382295], [90.64342863541214, 22.293377688412303], [90.64536049500808, 22.303029202828156], [90.61725329373346, 22.277673092660905], [90.6258958049572, 22.31159392433643], [90.64425386212159, 22.336109345890204], [90.65123400347957, 22.280760109126113]]], [[[90.65677933116675, 22.256004113530587], [90.67338445822341, 22.308915749161557], [90.67836041771301, 22.35590516871197], [90.67323442746208, 22.27759689381829], [90.65677933116675, 22.256004113530587]]], [[[91.0240384599845, 22.326504779212314], [91.03755143605522, 22.302214383690394], [91.02586430944855, 22.27655522364133], [91.01617554061858, 22.30442845706126], [91.02670138696581, 22.31723594492991], [91.01503838970123, 22.30734936617353], [90.99928035844724, 22.349335301045453], [91.0240384599845, 22.326504779212314]]], [[[90.6659633315504, 22.336021585922555], [90.65795468968695, 22.372642008950766], [90.65960544121673, 22.38902676853622], [90.66893700085124, 22.365864861093637], [90.6659633315504, 22.336021585922555]]], [[[90.89182690019642, 22.347096167963127], [90.8740249976598, 22.32540838026859], [90.86322497497697, 22.328269179422072], [90.8854871617868, 22.362418645147603], [90.87972838294075, 22.361430953463607], [90.88433644256618, 22.375419246644363], [90.87769611007928, 22.36500906730598], [90.87446332938362, 22.373689358650534], [90.87750367251908, 22.35609239710325], [90.8647305031273, 22.350300635750248], [90.87026940879164, 22.3821201297238], [90.88611031163879, 22.401111286670922], [90.89182690019642, 22.347096167963127]]], [[[90.65861485885318, 22.787911819643853], [90.69926282445527, 22.67697707189948], [90.70299095446825, 22.626410667428537], [90.71688358377955, 22.61622159528351], [90.75365262163487, 22.609712547485778], [90.77618148201041, 22.55068921608418], [90.81165192855615, 22.503927293842313], [90.8520841688469, 22.466642780231133], [90.8682067809719, 22.438551952668057], [90.86221555810057, 22.404150374490545], [90.84211823519675, 22.369557846864424], [90.84262214834166, 22.26422644014003], [90.82592104477826, 22.15958391645993], [90.81425566353488, 22.129286488703798], [90.78973232304769, 22.088259085329693], [90.7422950302491, 22.05400088436788], [90.70368073407519, 22.010741489526925], [90.63397451060183, 21.992951795391086], [90.62123182797835, 22.004933067541494], [90.62619506923234, 22.021058036905522], [90.6129882411284, 22.013299295717953], [90.59843248762218, 22.04257004533336], [90.62056297101734, 22.11048458655473], [90.62637549506385, 22.189864430852108], [90.64720007173165, 22.211278524874384], [90.67326670954886, 22.263550793154558], [90.68369342140251, 22.314305896064685], [90.66831969832873, 22.532687486532716], [90.65674982988035, 22.555985302796827], [90.62176132198779, 22.568594999652575], [90.61973933759143, 22.59143012840012], [90.61037928669343, 22.602316151934282], [90.61653249823692, 22.620892741871263], [90.6165852844056, 22.63272902095736], [90.6079500459311, 22.602184501179273], [90.61879640126712, 22.584106680590516], [90.6179685189827, 22.568609625412556], [90.59992671187139, 22.57163704972966], [90.5763719528467, 22.599271315128927], [90.53715446041282, 22.62195302650753], [90.5419061999885, 22.633773639307137], [90.57417128119006, 22.65402276889658], [90.5780287133149, 22.66887502001515], [90.56033695611609, 22.72417424468989], [90.56223534682539, 22.70542672318402], [90.54007726595074, 22.70944845476521], [90.54723938851032, 22.75366937163733], [90.53376617878553, 22.76611483621889], [90.54126172905592, 22.7789123221782], [90.58937660098707, 22.80135754387436], [90.65861485885318, 22.787911819643853]], [[90.56205128558042, 22.731586136353144], [90.56205128558045, 22.731586136353105], [90.56310791338707, 22.733195733406433], [90.56205128558042, 22.731586136353144]], [[90.57100763166389, 22.7489609077051], [90.56600427490741, 22.74159285624944], [90.56601517320402, 22.739957292457913], [90.57100763166389, 22.7489609077051]], [[90.58583739378186, 22.767009214565704], [90.58121300379908, 22.765288139608135], [90.58583739378193, 22.767009214565665], [90.58583739378186, 22.767009214565704]], [[90.58482442277204, 22.77446013560001], [90.5823071592834, 22.769553616840835], [90.58482442277207, 22.774460135600012], [90.58482442277204, 22.77446013560001]], [[90.59459451911411, 22.77577725067093], [90.58918203524468, 22.775203762894535], [90.58592038367756, 22.774647161511147], [90.58918203524465, 22.775203762894453], [90.59241062766446, 22.775462814222575], [90.59459451911411, 22.77577725067093]], [[90.59664400613198, 22.775923774736416], [90.6080021893348, 22.773059170160195], [90.60403440279367, 22.77498931388186], [90.60015856054156, 22.775833313569194], [90.59664400613198, 22.775923774736416]], [[90.61372125889227, 22.77176809284049], [90.61372125889214, 22.7717680928404], [90.61834462886334, 22.771647128010454], [90.61372125889227, 22.77176809284049]], [[90.63054812563757, 22.77538275893312], [90.63054812563746, 22.775382758933066], [90.63303818064489, 22.7758938248365], [90.63054812563757, 22.77538275893312]], [[90.65150255970906, 22.780258745165327], [90.651502559709, 22.780258745165266], [90.65439227523402, 22.780404235505905], [90.65150255970906, 22.780258745165327]]], [[[90.95063362699213, 22.385426021264227], [90.9538557090611, 22.415981579250438], [90.9650578401807, 22.423452451917875], [90.9738859928353, 22.419684000774826], [90.98447961230868, 22.406370916101753], [90.98531169540195, 22.368912109253486], [90.96285332528296, 22.369556798952978], [90.95063362699213, 22.385426021264227]]], [[[90.66070871163193, 22.392388466795005], [90.66450947302101, 22.427496859210944], [90.6686545293343, 22.438309740574564], [90.67164672913202, 22.40580761793151], [90.66070871163193, 22.392388466795005]]], [[[90.64524131580477, 22.549776976344788], [90.6537022792739, 22.539791186579045], [90.6420131536725, 22.533105951305682], [90.631650192563, 22.540757220289937], [90.6497474112968, 22.502634426382468], [90.64797764011485, 22.460785477024054], [90.62562859578073, 22.462922642468314], [90.64794227159251, 22.453175579803148], [90.6377120948188, 22.41955552525891], [90.64476345434805, 22.378403039017275], [90.59243354137637, 22.43275320104145], [90.61308263745997, 22.474532558668376], [90.63206150508428, 22.492606551352118], [90.59849785411608, 22.52507813637376], [90.59540856692912, 22.53936448920632], [90.6231888691083, 22.551034627579586], [90.64524131580477, 22.549776976344788]]], [[[90.95586685715804, 22.549691528338162], [90.98781590452646, 22.503989872606706], [90.95079308875343, 22.49012652986057], [90.94229654981639, 22.49812253244267], [90.9332938701144, 22.488784059810513], [90.92050601897604, 22.49463660952719], [90.84435236864363, 22.56367978486859], [90.83966609484669, 22.560453471013847], [90.82337648504858, 22.63195064104359], [90.95586685715804, 22.549691528338162]]], [[[90.76171212140297, 22.72944279949551], [90.77786228149357, 22.697837934591497], [90.73683659390139, 22.729030951075607], [90.73659390364327, 22.719168860823608], [90.73402932512465, 22.73661741649992], [90.72882898522329, 22.722727140936833], [90.77120532271708, 22.661587440968795], [90.76851293297455, 22.655259845838355], [90.76231196847178, 22.666385752989044], [90.75603726780633, 22.66412554324692], [90.74532096417634, 22.682845651209455], [90.74510792210569, 22.643393565545583], [90.7308797829536, 22.679917957181], [90.73178776581938, 22.707918504002084], [90.72851326391374, 22.663020292845587], [90.70529703171064, 22.70636434770829], [90.71051981679551, 22.7251872883746], [90.69890778699921, 22.71924993814322], [90.69326185179702, 22.729137788970405], [90.70033015548896, 22.737561316789584], [90.69120317417114, 22.735135237234378], [90.68656808995567, 22.757523694138943], [90.67889126300659, 22.74117654916074], [90.70232235103269, 22.793033276462133], [90.76171212140297, 22.72944279949551]]], [[[90.68485160891476, 22.819635683064632], [90.68854160530731, 22.799614809434047], [90.67481167574886, 22.794401733483596], [90.68617625606475, 22.79300164491883], [90.6766771934872, 22.78831132492479], [90.65225394296937, 22.802673540639603], [90.66117826386215, 22.808989727893902], [90.59032302462396, 22.810146338536185], [90.5418480242248, 22.793084096348196], [90.53093575278831, 22.79866281246177], [90.51068126879409, 22.80156772291599], [90.49608347646347, 22.79661236081546], [90.50958599650437, 22.82063040239217], [90.48780034918855, 22.84509764304937], [90.53333652191276, 22.890910008280343], [90.54544227618004, 22.890193130228113], [90.64221348399792, 22.868880232541585], [90.68485160891476, 22.819635683064632]]], [[[90.61293509492566, 22.87798439278879], [90.61910564924756, 22.885149270401257], [90.62344847315535, 22.880241363038976], [90.61293509492566, 22.87798439278879]]]]}}, {"id": "1", "type": "Feature", "properties": {"division": "Chattogram"}, "geometry": {"type": "MultiPolygon", "coordinates": [[[[91.05729021507707, 22.041474452088522], [91.06046141566614, 22.057937736392702], [91.08611364998809, 22.06345362078203], [91.08663025587904, 22.051229728057592], [91.06695538836439, 22.02947525277436], [91.05729021507707, 22.041474452088522]]], [[[90.97483140381112, 22.04184362415957], [90.97769959854368, 22.060015710092745], [91.0003625514158, 22.091856744292343], [91.03853579133037, 22.08237767196563], [91.04851049323278, 22.070377513104184], [91.03862529599095, 22.052819879940117], [90.99482328007755, 22.023534083291402], [90.97483140381112, 22.04184362415957]]], [[[91.04721157469143, 22.452748546965168], [91.0488942431559, 22.394441624831035], [91.04984623918618, 22.4117606250473], [91.05615378521335, 22.4124839877843], [91.06143887115131, 22.386716453598105], [91.04759616447127, 22.33075431196609], [91.03039048004038, 22.337234043758997], [91.02010774121536, 22.35436982827052], [91.04382418861846, 22.375875216205493], [91.04582163601172, 22.386563185431235], [91.01632305292352, 22.361272667315596], [91.00732761432134, 22.36744375251169], [90.99397346553135, 22.41568056878633], [91.00006729489834, 22.424815338535836], [90.99293900566462, 22.424349741600075], [90.98493866218891, 22.45573728957359], [91.00610471229183, 22.46401468426877], [91.04721157469143, 22.452748546965168]]], [[[90.76797574442766, 22.80469960975488], [90.74737483364267, 22.830845459281818], [90.75428718955868, 22.834042223472423], [90.76994872788117, 22.827119062600726], [90.76797574442766, 22.80469960975488]]], [[[90.76604988545537, 22.84926501541577], [90.7679582718084, 22.83449065552498], [90.74997389309246, 22.855978074616562], [90.76604988545537, 22.84926501541577]]], [[[90.74237270478905, 22.86589593769874], [90.75337265123937, 22.835758894094432], [90.74432881766073, 22.836999999673186], [90.73572513459669, 22.851592934991366], [90.74237270478905, 22.86589593769874]]], [[[90.76177630666754, 22.852155224371668], [90.74652930422516, 22.867978944527806], [90.75169486160718, 22.87203927417098], [90.76177630666754, 22.852155224371668]]], [[[90.73726111606875, 22.86237251185858], [90.72971523881344, 22.867714821181945], [90.7353817946214, 22.880275241852427], [90.7396919298971, 22.867668750753584], [90.73726111606875, 22.86237251185858]]], [[[90.70427665155073, 22.879129372519763], [90.71137802143957, 22.858894562445403], [90.70016386000643, 22.869731027843926], [90.69941960573097, 22.88381868815272], [90.71035830421584, 22.876020329971464], [90.70427665155073, 22.879129372519763]]], [[[90.9982745785667, 22.577601099637196], [90.89177913675007, 22.645171568656902], [90.88595498788493, 22.657359901474322], [90.88424457481136, 22.64949359564929], [90.86245313856014, 22.660313231208512], [90.8507682695134, 22.680065165241498], [90.85510854383139, 22.66583148972931], [90.81888683598388, 22.68639513053236], [90.77567958812459, 22.779066057800218], [90.77944029229542, 22.839742385750878], [90.7230729630912, 22.926179158448917], [90.7123417448085, 22.9302044772202], [90.73352515066762, 22.88909899424873], [90.72867129074092, 22.87987536333244], [90.71795965819553, 22.903698111736443], [90.72143003838514, 22.87323120122537], [90.66580015589128, 22.967816580412443], [90.62638813590432, 23.002603975841524], [90.6083445028346, 23.006587912553606], [90.54192296282851, 23.07068852829705], [90.54599364415688, 23.112744482154874], [90.59484863407721, 23.179071533381407], [90.61085037185214, 23.22413469562083], [90.57152479764441, 23.302313080417875], [90.57703456897933, 23.333528353770333], [90.54874839491355, 23.35189264358823], [90.5363509812378, 23.38495498443582], [90.59029641626331, 23.48749530039042], [90.61878172289873, 23.490988244826422], [90.6418494416593, 23.503683878343956], [90.68224884773906, 23.489232965632695], [90.70866869496733, 23.504690392372524], [90.68253091532932, 23.55843438718694], [90.64348240949785, 23.574624435367525], [90.65211922368312, 23.58835158580947], [90.6657799603735, 23.5881355754834], [90.65735936071869, 23.61169403946088], [90.62685428432552, 23.619809384330676], [90.64624333116666, 23.676019463462822], [90.6785871937553, 23.68002641241555], [90.71954464607424, 23.661897348745192], [90.73190622999064, 23.66808242211404], [90.74074329419966, 23.69608819400892], [90.72145596659938, 23.724335973631078], [90.71980589580383, 23.740847107570268], [90.76310907712687, 23.797600079024356], [90.75348251980145, 23.852292709041695], [90.7785800402103, 23.86522299669535], [90.83213116898841, 23.862326502457293], [90.85753487612826, 23.874362564914748], [90.87946958189677, 23.855295806326854], [90.90464554512515, 23.860303167895797], [90.92034149392299, 23.903250636233192], [90.94476581735475, 23.919181047634236], [90.94389678045879, 23.947705856882123], [90.96925789652254, 23.966807017106046], [90.96501622053893, 24.007017625599886], [90.98138107484189, 24.035092301277], [91.05046638948778, 24.08392823488454], [91.04298356798952, 24.11166293201163], [90.99736661994605, 24.135039014020116], [90.98109667220116, 24.16048672974029], [91.01430477543225, 24.179573141709593], [91.03531987878291, 24.207801440413807], [91.08929087109688, 24.20477786348187], [91.07603992793317, 24.218737461065437], [91.08027071033563, 24.238954978139166], [91.13830208955505, 24.24007062050521], [91.1745053477747, 24.264017718113212], [91.20134026333707, 24.236823766759436], [91.28421397895781, 24.226112410265305], [91.28449874361296, 24.248596599187028], [91.30878575008867, 24.269845386387207], [91.32251166236728, 24.26343466931961], [91.32274296473281, 24.233718031830026], [91.30440712454538, 24.2236740766041], [91.29563752362962, 24.226893836461855], [91.29356946159378, 24.21512601734172], [91.28160826177223, 24.220779249113406], [91.27354488845572, 24.203582680147523], [91.28063394066986, 24.197497596934298], [91.31108156129534, 24.206286098642632], [91.31284121855523, 24.19069613749722], [91.30187615150525, 24.194094247560244], [91.27734278185336, 24.183251225620367], [91.25948888341192, 24.14616462285832], [91.26860547838179, 24.143964084529873], [91.26840707234592, 24.128031089891117], [91.2888923813052, 24.12156632364781], [91.2691276946776, 24.1149859010608], [91.26620063790116, 24.101985632682904], [91.28891321440454, 24.097914833254602], [91.28542753699223, 24.0627650667609], [91.30116713868178, 24.06100368603376], [91.31115373780766, 24.041523367104162], [91.30588473114184, 24.017908487193335], [91.29510205592602, 24.019072970172], [91.29378150539594, 24.00371376470009], [91.30410198771784, 23.99698814721129], [91.29861959957785, 23.971222441291257], [91.28737347834243, 23.967462732119532], [91.28427032339076, 23.982079163660902], [91.26929829617914, 23.959099430863823], [91.26413945724595, 23.945340524646802], [91.27489504003594, 23.925122879742528], [91.23425383630237, 23.928016647865874], [91.24644254349295, 23.9138575941459], [91.22945683222868, 23.898945287137824], [91.22990546018728, 23.882246111306], [91.25431871215085, 23.83762034964811], [91.23312155838597, 23.8110508551379], [91.2268120320214, 23.79122980416572], [91.23074251175836, 23.766704275418466], [91.21992195419978, 23.736997792619835], [91.21058120359629, 23.749276399907288], [91.16853765192087, 23.74986984411644], [91.14993511919073, 23.71209102886644], [91.15481280673802, 23.688784655157175], [91.1959356846865, 23.69239887246874], [91.20829239124865, 23.686501430223434], [91.19964647418004, 23.64714390635298], [91.15676282408161, 23.670577373433005], [91.16302640710816, 23.596319312093378], [91.17807242053844, 23.593350257868323], [91.19512096071261, 23.565403623210596], [91.19652973574036, 23.548130770089276], [91.21343389046275, 23.551378709954157], [91.20192074347081, 23.52076380337355], [91.20988500966126, 23.513350459826693], [91.22469902418007, 23.515032481268555], [91.2197369952542, 23.500390163070012], [91.23574029825777, 23.502553514767705], [91.23736843225686, 23.490170295967467], [91.24969673820647, 23.48934036841625], [91.2520671000094, 23.454010573358225], [91.27125112503883, 23.430418254615265], [91.26437388166529, 23.424473241826455], [91.27617298623122, 23.414540306878212], [91.2792710649375, 23.38183116867642], [91.29501648918992, 23.374784034020507], [91.28508453067298, 23.36914280297608], [91.29358581001178, 23.361374531239715], [91.29155205278781, 23.350424270804066], [91.31928513555985, 23.36073380682548], [91.29460690052153, 23.330052746391633], [91.29634054902077, 23.314124302805567], [91.31008863267911, 23.313763312799413], [91.31492360699745, 23.29958458567138], [91.30413672688272, 23.296504605447627], [91.30257978142376, 23.28672509850968], [91.31637622465179, 23.28243737244055], [91.31046128703699, 23.276745092308676], [91.3193188889602, 23.253577256863828], [91.32646230225761, 23.252292745690845], [91.3179076965323, 23.24475004308834], [91.32389404911137, 23.158001005522205], [91.34739684615299, 23.118469153408977], [91.3476342245431, 23.10183821377944], [91.37204582060706, 23.06898209192449], [91.39591757407746, 23.056474286594536], [91.41674780738245, 23.065227317841458], [91.41095697087098, 23.0668263387868], [91.41697022341063, 23.082963147022756], [91.39999293349592, 23.097249431111727], [91.40260694420942, 23.113933905657674], [91.3790226374388, 23.18458468598385], [91.38674056632641, 23.207575241041617], [91.37959865510089, 23.20888664640219], [91.39049737236334, 23.22077984376531], [91.38660782690216, 23.227961985387008], [91.3991182093215, 23.230764294482892], [91.39135424672823, 23.246407820542053], [91.40727061291743, 23.24837484050754], [91.39793825792127, 23.26575769684935], [91.41110566901918, 23.25580931894637], [91.40864997875569, 23.28510459772048], [91.41649423069276, 23.282143397998784], [91.41794644777437, 23.255458129624213], [91.4212629693656, 23.26121718921254], [91.45385883545579, 23.261024271327496], [91.44711629647728, 23.24490547216062], [91.45690133201732, 23.246084467165446], [91.4692105542041, 23.228355666575723], [91.44916017363208, 23.22035670841464], [91.45744840315976, 23.21428166884218], [91.4746717644674, 23.22066246677887], [91.48318891971648, 23.2096552212464], [91.48109666679765, 23.199120335830376], [91.47006652942174, 23.19690898648194], [91.48307836982768, 23.18889927070535], [91.50442263088308, 23.190235346212734], [91.50723255575613, 23.18043002706313], [91.49101894796422, 23.17788186387139], [91.49722989893482, 23.171960008957132], [91.49094142790025, 23.159362488922447], [91.49321535432261, 23.153252243049444], [91.50725663198985, 23.154553364881764], [91.4947305822929, 23.147490658453002], [91.49909806252602, 23.142565000365195], [91.51543855499634, 23.14477319475849], [91.50377674217914, 23.127316455407104], [91.51793868449354, 23.12580182609127], [91.51451504446989, 23.118142459052077], [91.52032976674165, 23.11561763401095], [91.51122723930479, 23.104591107154477], [91.52224547918891, 23.104376271030297], [91.5193027299789, 23.094303837983116], [91.53028668551434, 23.0918400535351], [91.5255402257953, 23.083278167460314], [91.53544363846132, 23.06359363905685], [91.5248721501984, 23.055840561631364], [91.53668896649357, 23.054488854310712], [91.53081562798265, 23.038948420538524], [91.55059906734758, 23.03856039829601], [91.53821449193768, 23.019682548819492], [91.54882288274187, 23.019225174747366], [91.54236173685192, 22.999085500973887], [91.55637376144355, 22.996719412684946], [91.56006011151435, 22.976668960585695], [91.57628409984518, 22.967627443252997], [91.59076842851897, 22.97751799274867], [91.60561648189912, 22.972202505103606], [91.61344663837912, 22.957783426287687], [91.60536339712235, 22.96176687424016], [91.60051995907153, 22.955128331016045], [91.60926984802421, 22.957284003665496], [91.62110656190997, 22.9423548435355], [91.62412217904003, 22.961508110316537], [91.63083448492687, 22.960358321667623], [91.64633328702486, 22.985116139360823], [91.6526855319249, 22.97594236058766], [91.67598579983013, 22.983968199161037], [91.68507769776171, 22.97891668999505], [91.6992688760154, 22.98948744756743], [91.71390024439866, 22.98409259278888], [91.7707455232781, 23.033888503534644], [91.76727113503973, 23.040880805130865], [91.77924791689944, 23.030244702100283], [91.77645835460166, 23.070654927353157], [91.80510380116674, 23.06376970466854], [91.83392860641138, 23.094137546280486], [91.81216041545306, 23.097865594521622], [91.80846925398583, 23.16497697550814], [91.78917112341112, 23.201220654749783], [91.78200205751011, 23.240810317304156], [91.77566542014401, 23.241358982129196], [91.77484338781868, 23.268442488516555], [91.75895522433134, 23.282742944961704], [91.7639197043784, 23.301182727336517], [91.74328620097093, 23.304787455097426], [91.78772011890533, 23.340797873552916], [91.78428901256558, 23.350095655090225], [91.79740725020396, 23.364489521150617], [91.78962479562408, 23.397642133273994], [91.81083883447046, 23.385846781788583], [91.81751510416967, 23.39926224321291], [91.8255948860861, 23.39987351700165], [91.8281192733486, 23.373161852123875], [91.82039990108969, 23.359425952243424], [91.83487215401357, 23.358853950215547], [91.84906830676547, 23.399943468318746], [91.92116842088498, 23.45263723086321], [91.93779102448212, 23.450118393335945], [91.95066648192572, 23.46550027993754], [91.9655496592228, 23.466540226097038], [91.96399572735962, 23.49755114864504], [91.97076395676063, 23.50323647415133], [91.95659788481359, 23.523219146588342], [91.96455911291534, 23.53572141053077], [91.93448120081756, 23.68467885633367], [91.9422586366379, 23.6936405466372], [91.95730215085862, 23.694694794273147], [91.94837143538678, 23.71390632051526], [91.95658705302941, 23.733513632571185], [91.97854608545391, 23.73323130138671], [92.00043596564834, 23.671320932017842], [92.04063080347758, 23.648934412963513], [92.06288415071762, 23.645063314029752], [92.078736248587, 23.64808776055693], [92.08335980505944, 23.68020265525605], [92.09869224364319, 23.675800124641228], [92.10494324036894, 23.68756129675353], [92.12048640823745, 23.6935517190163], [92.14439061269766, 23.7331587243871], [92.16189271330273, 23.73967708624058], [92.17215902482212, 23.7379650327679], [92.17651944707038, 23.709099158612318], [92.2014388638807, 23.706578635808867], [92.21103253559045, 23.693509061305424], [92.20611389127434, 23.67081311789429], [92.21259038962351, 23.65271468575742], [92.22571796843613, 23.65554940402767], [92.23206624347405, 23.667224452975727], [92.23186984436703, 23.684256978917112], [92.24236717524695, 23.69553187567645], [92.24116360004487, 23.720050078878113], [92.26594175162936, 23.724277356730855], [92.2899233602785, 23.699002893138083], [92.28982563959246, 23.676331075596696], [92.27385712352452, 23.643741056451212], [92.28138493472194, 23.639561133659676], [92.27770705235332, 23.633543402442697], [92.27935412002829, 23.62538677137533], [92.2804124011377, 23.632213215885084], [92.29655326729113, 23.624161427936613], [92.28842349869697, 23.61998433824541], [92.28638595463781, 23.59707118093292], [92.29572920892132, 23.588287995323704], [92.30202817168185, 23.5921726222664], [92.3131321140994, 23.55772738384831], [92.30813932394298, 23.535609493290316], [92.31753603044034, 23.528516096799684], [92.31351565034181, 23.5177402746872], [92.32317531817952, 23.50190210191107], [92.31781531911022, 23.486625051914295], [92.32708953885741, 23.478345960184427], [92.31921072360466, 23.470155534066123], [92.32958631044218, 23.466635125837193], [92.33029080954114, 23.428331903198302], [92.34464289670946, 23.432581209644216], [92.34737226243817, 23.411753141946917], [92.35561454839201, 23.41059083980474], [92.35445074894515, 23.381990334418074], [92.3652543491715, 23.37995003039563], [92.35736658344115, 23.372259577553706], [92.36303676626868, 23.366748304849278], [92.37078819088019, 23.372000235455598], [92.37984924491795, 23.36187288663329], [92.37654167208463, 23.334975982148837], [92.36574745013067, 23.324018357162085], [92.3786253899872, 23.32047287833982], [92.38728262869668, 23.30539071714956], [92.38296002925739, 23.286364518709085], [92.40049978676763, 23.239852611619], [92.34999608503949, 23.234939004002747], [92.35298987731163, 23.185922567719025], [92.36003128875319, 23.181286195375822], [92.35518954579028, 23.179089893703736], [92.36381821965885, 23.155741746879727], [92.35673770212266, 23.13399726228486], [92.36717466817717, 23.126305307611034], [92.35774162405065, 23.10686036133584], [92.37899259187424, 23.086585011195243], [92.3924527950279, 23.052287646371145], [92.38260539284916, 23.036964146601186], [92.38450945816417, 22.983133018920693], [92.37436181165522, 22.9715878757434], [92.37197526074499, 22.935106562598534], [92.39716751379903, 22.930453158740022], [92.40175832180256, 22.912215425664545], [92.4207549303469, 22.91948782641486], [92.43406866408992, 22.885691487903465], [92.44693024252278, 22.896291257223872], [92.44801932501532, 22.877975068622142], [92.45963645726243, 22.871248333203237], [92.45473313748991, 22.866209855714942], [92.46468848905303, 22.856032781082586], [92.4582750068344, 22.85190023532872], [92.4645596959756, 22.84213875719891], [92.45381638344017, 22.84323688817546], [92.46234898018231, 22.831980581901274], [92.45587477106177, 22.820120377443626], [92.47011902381944, 22.798604375101167], [92.47780054740767, 22.749568053790576], [92.51228347014454, 22.73254268118667], [92.52825433281858, 22.66547281271855], [92.52455363381765, 22.640450632467196], [92.53190661781045, 22.63318020875657], [92.52746557679026, 22.620603358403585], [92.53505540772538, 22.61132950762987], [92.53006242581426, 22.603625623391327], [92.53795377989209, 22.57571919755423], [92.52255432780082, 22.56032769852569], [92.53949101013325, 22.540140196953423], [92.54292949598636, 22.513509441678664], [92.5509032796581, 22.51288758869116], [92.54254223544459, 22.497917352948743], [92.55118129254015, 22.418963377940266], [92.58335982556197, 22.304051529445474], [92.57732798821104, 22.268631546108736], [92.59012804104853, 22.255362207790203], [92.58752324107317, 22.216980565864514], [92.59532643425864, 22.174570346897976], [92.60708860699488, 22.171715950900456], [92.61032598912169, 22.136767576255817], [92.60058693027352, 22.123582665075897], [92.59099874621577, 22.128677920175427], [92.59172918131503, 22.140261683115043], [92.57932662555476, 22.14288850426666], [92.56189950062603, 22.131031637799698], [92.5997896914638, 22.060258316298803], [92.59232934732907, 22.039348000259057], [92.59989694528375, 22.02831498920736], [92.59799002527323, 22.008345136831625], [92.61063646050816, 21.991177186894756], [92.60439209657024, 21.97795221060405], [92.63249712235182, 21.87503666991852], [92.62912148097784, 21.861342055078964], [92.61424602238023, 21.85182328231376], [92.62031638433493, 21.82326355024488], [92.60962933983855, 21.81726403370567], [92.60695001133743, 21.804790188612117], [92.61055496629332, 21.777996782060555], [92.60078998648767, 21.700947826053202], [92.60913251176093, 21.585052505119634], [92.65147016757057, 21.359086070467587], [92.68037317211353, 21.29034343072917], [92.6345958096334, 21.27127188468036], [92.6214186500991, 21.249283197897512], [92.59602727402716, 21.24388895795985], [92.55787065934649, 21.383051718067442], [92.52461780181986, 21.37113402079866], [92.50753849273089, 21.377576674416993], [92.50863934048908, 21.36061579210939], [92.49753529722128, 21.351851762839086], [92.47583762579113, 21.353827171014256], [92.45809424765247, 21.369284000503214], [92.43959017915509, 21.36550447321039], [92.42828791087825, 21.381484075847673], [92.4267038112379, 21.431793019291895], [92.37925285252683, 21.481294572914805], [92.3672947455271, 21.479778741902717], [92.35222988947399, 21.4628008788114], [92.34337620580246, 21.467112414377837], [92.3374689482563, 21.436450795656587], [92.32663985039645, 21.4316497305075], [92.33052015778519, 21.41933338606949], [92.29764869007667, 21.41921336519465], [92.29195901548387, 21.430716981404036], [92.2687350735314, 21.42718289201135], [92.26908980817217, 21.399971476104835], [92.25428087055866, 21.38774674197514], [92.2588409954996, 21.36350106110307], [92.22431686521958, 21.351817311982607], [92.19734545931524, 21.328323977634106], [92.1983933085214, 21.309377977985505], [92.21746433178431, 21.27814638391547], [92.21986704207228, 21.2573979035326], [92.21196783357067, 21.248051438801458], [92.22066751494943, 21.23347853567225], [92.20034035260177, 21.200685089775146], [92.17482706717966, 21.182683374860417], [92.17341442294216, 21.16982127162647], [92.17742608483178, 21.15941063500792], [92.19974492836359, 21.1614271713699], [92.20134560146698, 21.123985607667567], [92.22389679153183, 21.120358742815565], [92.23405639957939, 21.096972465641034], [92.25881658917962, 21.07909556700433], [92.2645823703555, 21.06218979276266], [92.25400672010885, 21.023584646479193], [92.2715372958105, 20.980714383057858], [92.27086002119243, 20.940368152375694], [92.3158247836907, 20.884703587526005], [92.34650978681019, 20.77855980599072], [92.36180287330035, 20.74998349700023], [92.35527515383147, 20.73419233966018], [92.33930331636944, 20.7378060568645], [92.3139416684379, 20.760154691810268], [92.27273860431171, 20.843973294995205], [92.21872882613248, 20.924963255675205], [92.18077101513119, 21.01931887918495], [92.04616072179222, 21.184010333577014], [92.04681207701931, 21.283713842825808], [92.02658155133042, 21.34624433463625], [91.9478306429173, 21.460271632746636], [91.96983789523833, 21.478081742532623], [91.9699024856676, 21.450503741496746], [91.97289134519254, 21.478453259401448], [92.00119405715205, 21.515677959096763], [91.99418760965848, 21.576620623362825], [92.01029012605201, 21.606856027907057], [91.99600996763661, 21.640649598000866], [92.00064052388012, 21.655061214211585], [92.01274294145381, 21.6580393490259], [91.98001082844179, 21.655444270228802], [91.96265121961474, 21.671952090735886], [91.97132440800792, 21.679184746915897], [91.96182901280349, 21.67562956681945], [91.95558893437911, 21.68711432930021], [91.96327455662706, 21.664337149657204], [91.98895774002956, 21.629662717702786], [91.97234776801008, 21.50277625356813], [91.95797734180002, 21.501367171293623], [91.94848676741346, 21.48892126829733], [91.94312053657839, 21.495794531049967], [91.92262318618042, 21.49347754766508], [91.90593571040942, 21.50431070065903], [91.90670106444921, 21.510686928345763], [91.90020834082745, 21.51863585672395], [91.90184529454633, 21.504570147678187], [91.9119360674365, 21.493600219792647], [91.90143257926385, 21.49031495871791], [91.93393821786607, 21.48930312328798], [91.91510741918997, 21.475260227461085], [91.91772439679161, 21.466716941633774], [91.89057788589136, 21.477455016091657], [91.8447361581594, 21.52074795773235], [91.83496211698824, 21.52128134474673], [91.83969617983628, 21.531165504796718], [91.84966261881118, 21.53091190787903], [91.85415924964909, 21.54679181911629], [91.88097999225754, 21.544912808191835], [91.8539013926155, 21.562724495654745], [91.86649120311824, 21.57542822062743], [91.87122973331392, 21.621800985571976], [91.89241204364068, 21.645527157008843], [91.8818844552083, 21.63861495411638], [91.87183462469295, 21.644899241516352], [91.85751917594831, 21.665797433298767], [91.8554771809864, 21.686198724945566], [91.91001872884576, 21.816385765945995], [91.9171107985156, 21.852681989550632], [91.90562615492044, 21.925428331347202], [91.86818517450753, 22.002633452740156], [91.87792702746323, 22.01787725897097], [91.87776134551898, 22.04033745401985], [91.86300186798398, 22.088651941886667], [91.86397212223781, 22.115619446036078], [91.84885452244998, 22.144387105220748], [91.8574622650986, 22.150381021218152], [91.86015489239955, 22.128102395019095], [91.90242600346728, 22.121788518654157], [91.9060816387574, 22.129426345960507], [91.90177226571694, 22.13662766554791], [91.87820516218463, 22.149481355801054], [91.90683616583662, 22.153783893864748], [91.9174778145925, 22.183719469580105], [91.92500298812189, 22.172507085802934], [91.92638008506414, 22.179641747541762], [91.91708357089091, 22.18610766878259], [91.90529929295221, 22.15578836289684], [91.87523414991463, 22.161301506714043], [91.8760294349157, 22.14619570600695], [91.9033285994805, 22.12548573825121], [91.85993626371905, 22.13313714938691], [91.8635563499469, 22.14898732384873], [91.85281298884385, 22.15361227295402], [91.84356453381866, 22.142063339304347], [91.85550300087529, 22.11571590913492], [91.84469763728758, 22.113829204969843], [91.82458704100705, 22.15470328667241], [91.81229219234086, 22.211094355175693], [91.81536628133863, 22.22838824938828], [91.83685152807094, 22.244865097562844], [91.84060256300444, 22.26520305076191], [91.80318457184612, 22.28088027180903], [91.79942910174287, 22.294421744835752], [91.82662807436493, 22.31753148136532], [91.86132402990857, 22.324027079640313], [91.88376763701301, 22.34085282040525], [91.88846368554509, 22.386428566669053], [91.90678310955175, 22.410329245315847], [91.94642364807419, 22.42251160853805], [91.96714002075957, 22.41150377941951], [92.0037690100084, 22.413725194981676], [92.02642517371672, 22.432635816935814], [92.02479865059982, 22.44559212484884], [92.02001023667017, 22.42828693017524], [92.00167680825709, 22.415473644650902], [91.93170668074299, 22.424586674880715], [91.89127758034627, 22.407976408503444], [91.86525936653715, 22.336795156448325], [91.8204157711481, 22.321623537786945], [91.79551591452282, 22.298096165512987], [91.79733711889263, 22.280239849303157], [91.83365675860196, 22.260039686547145], [91.80103615742686, 22.22597088128188], [91.76402337771613, 22.276141600151295], [91.76861042115908, 22.29872136136541], [91.75103318136607, 22.373209339586126], [91.71022957120464, 22.487495277480324], [91.56477887738387, 22.660904833667356], [91.52735619586934, 22.691607045856216], [91.4698176476748, 22.72018398982358], [91.45967513065264, 22.740905091812497], [91.4667984402598, 22.760967242466407], [91.45827301473282, 22.751231830600055], [91.44872842341871, 22.767541087120108], [91.45019501429636, 22.78374984074349], [91.42172717082528, 22.80863964984516], [91.42270341583277, 22.81944560228681], [91.40973072735066, 22.797430779789835], [91.42808048103768, 22.77563785670424], [91.42437569903437, 22.751637940163366], [91.39142057992308, 22.781168872752872], [91.36762433643662, 22.77736896517974], [91.3343101495563, 22.79407402372739], [91.33508237447569, 22.784654522019604], [91.38933503664065, 22.767167602496258], [91.38723180360367, 22.75136427109054], [91.33433769573364, 22.75251577320811], [91.31159853286853, 22.745694377303977], [91.27926898601531, 22.752165329944546], [91.27705193243628, 22.745974287764387], [91.30162864387948, 22.741770171994652], [91.26952459858546, 22.702472370998933], [91.25911420560918, 22.697146841067756], [91.23441574051668, 22.711159050052604], [91.22550414212385, 22.704418028301404], [91.23392451786488, 22.704553424768598], [91.24410306337933, 22.684245556036892], [91.23095031063131, 22.685749225660462], [91.23435178527257, 22.679914938776985], [91.26001035398752, 22.677111225278107], [91.27323360263816, 22.6599824572792], [91.27394695223293, 22.643753639919368], [91.28856654401739, 22.641628240602735], [91.26592389041953, 22.630814015803264], [91.28651384767639, 22.62639426603718], [91.29058940918245, 22.59231367727969], [91.24172246055653, 22.55217789454877], [91.22875308059136, 22.553696182225153], [91.1800080932451, 22.52431278762334], [91.16662910161587, 22.523090683429675], [91.15445637967548, 22.534576036012716], [91.1574939565028, 22.51498003513323], [91.14791092509981, 22.50098745412203], [91.0995603194889, 22.490174744753983], [91.09097076044469, 22.495487158363797], [91.09184635368287, 22.51036121286147], [91.11479530301972, 22.536388999493656], [91.09939156797535, 22.53053556606041], [91.07789273776308, 22.50312471379154], [91.07392636348305, 22.514451100359295], [91.05563323863728, 22.519965007124338], [90.9982745785667, 22.577601099637196]]], [[[90.74359384087907, 22.871759495479832], [90.74012791560669, 22.879994087784134], [90.74237448327068, 22.886846507178266], [90.75044050075502, 22.8736107439865], [90.74359384087907, 22.871759495479832]]], [[[92.32879378898474, 20.637346550884445], [92.34005510404592, 20.580116456846426], [92.33720362179533, 20.577018901308936], [92.32501498872261, 20.593853982316585], [92.32487194878618, 20.619109637297], [92.31517581256125, 20.62716273445457], [92.32879378898474, 20.637346550884445]]], [[[91.83420048208652, 21.758061391970024], [91.84587304073958, 21.77271997688232], [91.84289660098536, 21.80696962247199], [91.85118484459403, 21.82369531006753], [91.84230080507959, 21.857431010839296], [91.84593990847173, 21.898855418360824], [91.86359770240384, 21.91866398378725], [91.88034872731447, 21.922588965039175], [91.89643206917766, 21.88726273464136], [91.89124571882289, 21.84730778612098], [91.84540232424774, 21.735899168343348], [91.83420048208652, 21.758061391970024]]], [[[91.12245537714895, 22.13158409858162], [91.0588708425491, 22.07762113270299], [91.03222305109058, 22.0950675551641], [91.02002144193918, 22.11689921373074], [91.06830916246273, 22.236881981767404], [91.07112564248659, 22.439679078137903], [91.10495529417678, 22.431877278620277], [91.12619597288521, 22.41742562162598], [91.13754671484267, 22.384852259897897], [91.18775061718716, 22.301315873239197], [91.19429524375701, 22.26223870296233], [91.19409468628761, 22.238566845571434], [91.1674034849917, 22.1690192309921], [91.13699483705645, 22.146200009913514], [91.1375684689125, 22.132119500586573], [91.12245537714895, 22.13158409858162]]], [[[91.23428394282827, 22.409898330742223], [91.25557883290988, 22.43767534631282], [91.27065044180918, 22.428889668867797], [91.26105451897125, 22.398627165384738], [91.23428394282827, 22.409898330742223]]], [[[91.27074296576293, 22.445597171742676], [91.27956483217613, 22.449979995027242], [91.28426881390418, 22.440632972567215], [91.27976728631305, 22.440398846561166], [91.27074296576293, 22.445597171742676]]], [[[91.48088574465302, 22.395202917661322], [91.41906152104391, 22.51237034129238], [91.42931170262975, 22.589044080652027], [91.44923905546167, 22.604620232229372], [91.47667246768188, 22.592131526674958], [91.50782700137304, 22.555511797889366], [91.55624893868361, 22.485320617527766], [91.57037319362816, 22.451783365709094], [91.57440895595187, 22.418343983854555], [91.56347246553432, 22.39852726778077], [91.52426659656201, 22.386010056114486], [91.48088574465302, 22.395202917661322]]], [[[91.37777928901804, 22.673877270426374], [91.41039022942681, 22.651911930400676], [91.38391473096924, 22.592957699777156], [91.33494885404221, 22.61974228542773], [91.33070528962769, 22.637943519399112], [91.30515148936405, 22.672727779697993], [91.30553452270794, 22.713158342833356], [91.33273831461054, 22.717621887680245], [91.36286946457886, 22.69861631548928], [91.37345903201664, 22.68387613438158], [91.35811371539951, 22.664669407934074], [91.36311275676925, 22.659353068402716], [91.37777928901804, 22.673877270426374]]]]}}, {"id": "2", "type": "Feature", "properties": {"division": "Dhaka"}, "geometry": {"type": "MultiPolygon", "coordinates": [[[[90.53744162436891, 23.377564121471956], [90.54874839491355, 23.35189264358823], [90.57703456897933, 23.333528353770333], [90.57152479764441, 23.302313080417875], [90.60892020663665, 23.230632304422944], [90.61023502532977, 23.214273176675743], [90.54231606991699, 23.101455644557095], [90.52222456142319, 23.099514086023504], [90.51097041786123, 23.070072381028734], [90.48820981428025, 23.081367492792054], [90.45931862739907, 23.066907297841905], [90.44056831693106, 23.07022223838761], [90.45808466549708, 23.02156007250828], [90.4234206852832, 23.007772413627276], [90.40835168387616, 23.022637912637073], [90.42344456292741, 23.034759313990833], [90.42122065621557, 23.041496734869988], [90.36954434761434, 23.05715641061225], [90.31816472023331, 23.055195575783788], [90.3088795860255, 23.031713166400753], [90.31801033287078, 23.023212752499628], [90.32582534380606, 22.98998506949847], [90.33717120270227, 22.98417657229374], [90.33550602944334, 22.97436418196956], [90.28398088530048, 22.973074264638477], [90.27293027669195, 22.979332961138116], [90.25557148425585, 22.963863305904603], [90.25753095501564, 22.978609516551302], [90.2404136279977, 22.978668019148824], [90.23448839117712, 22.968355593848106], [90.22950072699466, 22.97423972930796], [90.22380457315111, 22.99042228672578], [90.23320262471076, 23.00750903390089], [90.2280642185303, 23.01693951008263], [90.23423593525366, 23.04289983936924], [90.21717385833861, 23.068028517886003], [90.21063691019307, 23.071835896687393], [90.18970617816461, 23.05746771696388], [90.15971565832248, 23.068493934891116], [90.14934792107812, 23.054449798331195], [90.13190744541251, 23.049647677614033], [90.13981918466595, 23.0438137610593], [90.12359629330199, 23.00528380800126], [90.09514898799283, 23.003808413404276], [90.06930905034307, 22.969145041654876], [90.05794555642228, 22.968539274077], [90.05644059521063, 22.934361973275536], [90.032316690561, 22.929238780154066], [90.01491573277264, 22.867116130036397], [89.96118699560954, 22.851740777006263], [89.93624653925312, 22.862609256184502], [89.94591003038798, 22.825341625705725], [89.94042609871539, 22.81906210263513], [89.9345890720634, 22.81863607723928], [89.92322476347564, 22.84559935297818], [89.91023504938514, 22.837108256468536], [89.88740628828393, 22.83825458030519], [89.87042637779248, 22.848549633412713], [89.8458819073055, 22.84278180487011], [89.81584378813136, 22.873944680410435], [89.82542031336035, 22.87075362967745], [89.82531329840194, 22.880586023836575], [89.83887698980195, 22.884240883935142], [89.84943167054973, 22.880791922794103], [89.84935548542184, 22.895164301857957], [89.86448914999988, 22.892221679719555], [89.86549322521361, 22.8982885895387], [89.8313116198986, 22.93129171686092], [89.8014220250373, 22.937903563553558], [89.81279197137721, 22.9645566428815], [89.78626002717999, 22.970327116846295], [89.78975620100874, 22.98572087656709], [89.75495970519307, 22.9995823924328], [89.7459365847309, 23.03501978827493], [89.7244521726401, 23.043595456219318], [89.73319982431815, 23.06201987980016], [89.71983800203654, 23.071152051089378], [89.72267474114602, 23.079786143510933], [89.69362062972138, 23.091315419780173], [89.67065801223107, 23.118912687081167], [89.68030460848567, 23.135585883999482], [89.69325804278517, 23.110033375740663], [89.73446985976908, 23.122268597991752], [89.73962899075453, 23.13766086737074], [89.72259183406429, 23.163487780352504], [89.7621776564305, 23.177050998975485], [89.73168546089966, 23.182976336703337], [89.69151989643059, 23.159075991750328], [89.67618603147947, 23.17776257276098], [89.68433930249567, 23.20158380996315], [89.6757648205568, 23.21873161486096], [89.67993876179193, 23.23769619082889], [89.61908597731846, 23.233141600823387], [89.63996371429485, 23.270903346424404], [89.63055436064386, 23.29421607354258], [89.61003942908597, 23.309718978460342], [89.59851701878328, 23.3385519102788], [89.5916524421225, 23.38494810993112], [89.61671684414935, 23.384155114673483], [89.603482748548, 23.4163745868138], [89.60411593442151, 23.464430875345904], [89.52946408626974, 23.506437972765276], [89.48842760118808, 23.497629345841936], [89.50224358689485, 23.52161970043371], [89.5353888824181, 23.53348381606452], [89.50789484825523, 23.54530771663454], [89.50035590874987, 23.575056295673708], [89.47038099417202, 23.594816802043667], [89.48967922931703, 23.6138441110818], [89.4875640357261, 23.624082853444722], [89.4412225578123, 23.63598576571237], [89.4381472452102, 23.65131796792563], [89.40909661783203, 23.675696231358096], [89.37608073524035, 23.66031565309607], [89.35143095028414, 23.66585685075288], [89.30986594835565, 23.72507389370057], [89.29603390055712, 23.7315311013178], [89.31554978930812, 23.74547692552062], [89.32192475564712, 23.76344859204322], [89.31085414275138, 23.76608441301155], [89.31257395532916, 23.77140242112525], [89.32761316138787, 23.775034642771637], [89.32539862785887, 23.790284817746738], [89.33754990041797, 23.823675099326408], [89.36382151543172, 23.86605047721448], [89.35922514099627, 23.893984602235324], [89.36479863366347, 23.888398792406512], [89.36639382361001, 23.905308901409533], [89.37785180609558, 23.908034821014773], [89.50893134024356, 23.812448271765113], [89.55309747665666, 23.807777340261133], [89.55750184103103, 23.799757430504304], [89.6991363361456, 23.809406547177087], [89.71419331806652, 23.825115542616032], [89.73697823848244, 23.833268377326483], [89.70774008402587, 23.88177511983866], [89.6988929699893, 23.870171766471632], [89.70313881542046, 23.921940005445247], [89.68922501255877, 23.93073087782009], [89.6977969015429, 23.99470955952822], [89.74349070308328, 24.0271389918917], [89.77623382640158, 24.031289824938845], [89.81087839867877, 24.063129435113545], [89.817014092066, 24.085575163435852], [89.80961668591073, 24.108829644286928], [89.81296827226194, 24.137098207999003], [89.79641137490667, 24.156586402535524], [89.77954712902361, 24.154321315885902], [89.77202932123852, 24.163398249946816], [89.79028249725187, 24.178393988272834], [89.774564583808, 24.235988056593655], [89.78000499992854, 24.282722953047603], [89.76360383677888, 24.32901568653753], [89.74335156146665, 24.347153218558088], [89.76060708233084, 24.373701762534367], [89.75394744595488, 24.404812464646714], [89.73409379119164, 24.407045317313564], [89.71836200521808, 24.443970850752667], [89.75257503012554, 24.4793379585817], [89.74285143827446, 24.48125619921852], [89.75121805780525, 24.50741975963386], [89.73093803044506, 24.51832400239033], [89.74362284913276, 24.52424657482281], [89.74305639830652, 24.539119588441366], [89.7676048623024, 24.55068264680355], [89.78106582872748, 24.573299336715454], [89.7893043103418, 24.56570985333814], [89.80413049346346, 24.56684469385801], [89.80672835034045, 24.58255119813883], [89.82241309120674, 24.587694814157807], [89.820999183249, 24.598500571636922], [89.831661029204, 24.603284371923756], [89.82376889156832, 24.608522686804374], [89.83876190014254, 24.6231424196591], [89.84802884698958, 24.620188018824813], [89.84066860866854, 24.643448508943194], [89.86364796723812, 24.6464537730906], [89.8652691356722, 24.66521316102201], [89.87478818047046, 24.676434586552393], [89.88960069488763, 24.674116074145708], [89.89650671372328, 24.68134394270884], [89.8925766176737, 24.69871778158929], [89.87720812774299, 24.71344310291585], [89.87583904665618, 24.735272123062696], [89.8825845163509, 24.743419395731298], [89.90591192860893, 24.737575578875454], [89.92176534633792, 24.748216949531038], [89.91853283724393, 24.756400521206995], [89.93242009391912, 24.75678392552249], [89.9425091898373, 24.744342824771643], [89.95549306651901, 24.743872527285976], [89.96416615622951, 24.723349181369553], [89.9816646546332, 24.725014130834783], [90.02329739035494, 24.759498879013314], [90.02689791627529, 24.773815888715095], [90.08522636590378, 24.791743938163297], [90.0993301337541, 24.76646992885913], [90.09816728024816, 24.73930925772571], [90.1352184567061, 24.73536472677566], [90.13197063851518, 24.716355294197218], [90.15293315348374, 24.63066196408596], [90.13625751318216, 24.617782608665134], [90.13243926841966, 24.593626508871974], [90.156370876409, 24.57445258847692], [90.15522297445543, 24.547042183009133], [90.17320881234201, 24.516296854305025], [90.1848707412071, 24.52087167837011], [90.20766417459859, 24.507234114611837], [90.20461688218046, 24.49733897449699], [90.21457764920578, 24.49716483645807], [90.2262508310598, 24.4828489230755], [90.24062369126182, 24.48365706648787], [90.20963299582313, 24.458587703389817], [90.23341665994607, 24.415252899839363], [90.25015786701329, 24.411550790674713], [90.23323944825844, 24.340178332503143], [90.2466609463049, 24.33065500968738], [90.26150669407201, 24.288157647558556], [90.28875728324813, 24.279122120618663], [90.31924705815216, 24.2998113563122], [90.35250162642217, 24.3018157264927], [90.3617555702503, 24.285180990751382], [90.38013711432808, 24.29091087043704], [90.39476575311106, 24.283291336895324], [90.4229016081461, 24.30679264814501], [90.42444223464298, 24.331630842313995], [90.45196241529703, 24.33959640997138], [90.48560979070595, 24.313290286827666], [90.52739742318266, 24.302722103523195], [90.52059113282237, 24.28647491733104], [90.54408066842315, 24.275223218778702], [90.56958510384462, 24.24892765309185], [90.62105332259863, 24.270087300875115], [90.65099267915913, 24.261647327262764], [90.64348938547232, 24.30670071959224], [90.61882102238648, 24.337858375478522], [90.6328682017898, 24.361381245910913], [90.64408626671808, 24.41310759515178], [90.63018039373111, 24.432210092822743], [90.5868822426626, 24.44520895948385], [90.57454430137707, 24.4775088787819], [90.59099581490906, 24.494131564557126], [90.60225454483262, 24.49531479225046], [90.63868052742899, 24.47622519291061], [90.63673417501393, 24.471468216421627], [90.67107161534938, 24.459209703765467], [90.68001723318582, 24.46568416153911], [90.6795235160368, 24.495249338841813], [90.70247118160705, 24.506997331918207], [90.70228741568137, 24.493462546565365], [90.72430573160646, 24.468230139264286], [90.74322938937961, 24.50340077709669], [90.75147423074205, 24.495664232792386], [90.75620857452785, 24.505891026704546], [90.79043093576195, 24.50164040501534], [90.81547730379619, 24.57905485394129], [90.8372329144402, 24.572518968044704], [90.85421968892412, 24.590817450562724], [90.90539297853675, 24.58607129300962], [90.91099914343164, 24.603322003690792], [90.91949365449473, 24.60675625585415], [90.93523626309846, 24.595020213866587], [90.95820698344093, 24.602423808326307], [90.97193365851194, 24.589893096730936], [90.99078852595662, 24.59313303023855], [91.02045572195087, 24.600176911589195], [91.01788275469552, 24.610251677930467], [91.0325454569636, 24.62132436556463], [91.03377912466973, 24.60676190159145], [91.06434366820932, 24.609118043716943], [91.10112086262406, 24.5921904333485], [91.10207606934773, 24.601739426654973], [91.11949682967261, 24.6010549242984], [91.13415931378907, 24.613665097841103], [91.12947817168889, 24.63397758319687], [91.16071326611022, 24.62532680946103], [91.17525016492638, 24.63426626500244], [91.19306818052047, 24.625465894395088], [91.19307571223608, 24.617087407594557], [91.17408005662485, 24.62587324594811], [91.17660663307512, 24.611433741489947], [91.19958576051565, 24.603018919116288], [91.20281334833736, 24.590907784291044], [91.19597571200289, 24.582034074244902], [91.23202419057344, 24.566130712206608], [91.21174098237127, 24.519993768765364], [91.18513927966397, 24.49089955304226], [91.17791315559161, 24.484794474404698], [91.16974193492032, 24.498786959189584], [91.14828434417751, 24.480021956779336], [91.15139137472377, 24.4714153269546], [91.16618931035264, 24.479541637579633], [91.19274316248212, 24.472889950343063], [91.1818284860258, 24.46772335041269], [91.18359786961015, 24.452967200033843], [91.20112652061391, 24.47493497395334], [91.21857978583044, 24.46884247731042], [91.20993397366985, 24.481899403884583], [91.22762814722499, 24.477069868754903], [91.2394689498997, 24.434385873371983], [91.23632012073394, 24.426180972589457], [91.21428175090657, 24.426831279399103], [91.21614947978603, 24.41363685524753], [91.23534196118023, 24.4094792582834], [91.25266730658345, 24.382370905594936], [91.22974887046725, 24.368065828105973], [91.21594047630103, 24.37049017225194], [91.21210951743382, 24.362127523303773], [91.2321046404896, 24.33728309200575], [91.23473668329419, 24.319403792569222], [91.17265821945942, 24.32157799226035], [91.15709033550377, 24.283428550856495], [91.18718061625893, 24.293426560407422], [91.1946761723168, 24.286055777562193], [91.16902419850753, 24.25817415209121], [91.13274944630568, 24.23878112887858], [91.08027071033563, 24.238954978139166], [91.07603992793317, 24.218737461065437], [91.08929087109688, 24.20477786348187], [91.03531987878291, 24.207801440413807], [91.01430477543225, 24.179573141709593], [90.98109667220116, 24.16048672974029], [90.99736661994605, 24.135039014020116], [91.04298356798952, 24.11166293201163], [91.05046638948778, 24.08392823488454], [90.98138107484189, 24.035092301277], [90.96501622053893, 24.007017625599886], [90.96925789652254, 23.966807017106046], [90.94389678045879, 23.947705856882123], [90.94476581735475, 23.919181047634236], [90.92034149392299, 23.903250636233192], [90.90464554512515, 23.860303167895797], [90.87946958189677, 23.855295806326854], [90.85753487612826, 23.874362564914748], [90.83213116898841, 23.862326502457293], [90.7785800402103, 23.86522299669535], [90.75348251980145, 23.852292709041695], [90.76310907712687, 23.797600079024356], [90.71980589580383, 23.740847107570268], [90.72145596659938, 23.724335973631078], [90.74074329419966, 23.69608819400892], [90.73190622999064, 23.66808242211404], [90.71954464607424, 23.661897348745192], [90.6785871937553, 23.68002641241555], [90.64624333116666, 23.676019463462822], [90.62685428432552, 23.619809384330676], [90.65735936071869, 23.61169403946088], [90.6657799603735, 23.5881355754834], [90.65211922368312, 23.58835158580947], [90.64348240949785, 23.574624435367525], [90.68253091532932, 23.55843438718694], [90.70866869496733, 23.504690392372524], [90.68224884773906, 23.489232965632695], [90.6418494416593, 23.503683878343956], [90.61878172289873, 23.490988244826422], [90.59029641626331, 23.48749530039042], [90.5417486668228, 23.400074721236347], [90.53744162436891, 23.377564121471956]]], [[[90.52768652159907, 23.05723440936433], [90.5045151490882, 23.044779328712956], [90.52530235066035, 23.08712398558676], [90.53412486720123, 23.075596922517366], [90.52768652159907, 23.05723440936433]]], [[[90.54201658931001, 23.10089210482648], [90.53579230485141, 23.080779678054725], [90.52219961525984, 23.09305944079942], [90.54201658931001, 23.10089210482648]]]]}}, {"id": "3", "type": "Feature", "properties": {"division": "Khulna"}, "geometry": {"type": "MultiPolygon", "coordinates": [[[[89.2477347632935, 21.689517655771112], [89.28991239034764, 21.692946658050122], [89.29400622179116, 21.679751808917963], [89.26432188811098, 21.659515604911345], [89.21207130083154, 21.653088775016855], [89.20672634432694, 21.662343873707574], [89.22704483337625, 21.699655625051978], [89.2477347632935, 21.689517655771112]]], [[[89.24227254623625, 21.72542525157825], [89.25763066309266, 21.735612984281833], [89.25458241984275, 21.70744991988544], [89.26557734134337, 21.70179123664417], [89.24910664544946, 21.692637064076198], [89.22645048238215, 21.704428912367163], [89.22054198440043, 21.739281003674854], [89.23852647936728, 21.72501903337047], [89.24227254623625, 21.72542525157825]]], [[[89.28773100290513, 21.74437839576559], [89.28138130391781, 21.70588193351341], [89.2689010186906, 21.7033626660545], [89.25722182842867, 21.707072724888782], [89.2581793904308, 21.73691271944453], [89.23949544930286, 21.725542111735713], [89.2220237213786, 21.74744847410887], [89.26473319487448, 21.75866983643781], [89.28773100290513, 21.74437839576559]]], [[[89.26853430650553, 21.830551449742014], [89.28785740979906, 21.785831131442407], [89.2899815817018, 21.757999203799855], [89.2620789303844, 21.761771475485542], [89.21907320167387, 21.75195030573333], [89.19380607793028, 21.78369762360019], [89.18532853487977, 21.818611223173207], [89.19672840716265, 21.826585527185788], [89.25026640567216, 21.81684893070765], [89.2555230857608, 21.821153543721334], [89.25879589742479, 21.833102236422114], [89.26853430650553, 21.830551449742014]]], [[[89.13232070646565, 21.768153405480856], [89.14895783951269, 21.738322677531613], [89.1388556460791, 21.722476468886182], [89.11687549452068, 21.719018129483953], [89.0689488530463, 21.7731569295521], [89.04595937264453, 21.786229278090058], [89.06165717620237, 21.848742193541554], [89.05412992612258, 21.877194550240947], [89.03447303224455, 21.894767573296154], [89.03665454370358, 21.91971106537402], [89.05976459984566, 21.91900916889495], [89.05922484359087, 21.89209824922415], [89.0852338048314, 21.857314902285058], [89.07761555228554, 21.816910504759285], [89.08525781958879, 21.797231551880664], [89.13232070646565, 21.768153405480856]]], [[[89.20021418102047, 22.000727070990184], [89.24374663692763, 21.985776427921916], [89.2047501814004, 21.960535955884847], [89.21251494148945, 21.935517428625978], [89.24205286011212, 21.92993372653906], [89.25176610542019, 21.911108717715372], [89.28692743600082, 21.906624665095137], [89.26915483753706, 21.881490353612815], [89.27527045029763, 21.851820719464182], [89.2568447029499, 21.834261135858174], [89.24997774294803, 21.818923238362448], [89.19413451475245, 21.829595087921433], [89.20289914311482, 21.886087436517204], [89.21461250035968, 21.907662399145295], [89.20999103295784, 21.92038172296908], [89.15412383536521, 21.92604995428122], [89.1415840643203, 21.942406717208257], [89.14267893452956, 21.962232031704726], [89.17072270030829, 21.994087178651117], [89.16538683385214, 22.021585312581177], [89.1854959520536, 22.022307857613693], [89.20021418102047, 22.000727070990184]]], [[[89.2605717062082, 22.08122904943352], [89.29591371209767, 22.085779808401846], [89.27754408751035, 22.055250520789066], [89.30560007393332, 21.9989466366949], [89.34469530428052, 21.95178488469715], [89.3607168519782, 21.90562381432985], [89.31330725935128, 21.86595787338192], [89.29823853172195, 21.8182574171426], [89.28235117986111, 21.83561146099104], [89.29751761250402, 21.84274042263445], [89.3087301925219, 21.870622165849024], [89.29446590962385, 21.84228189436443], [89.28625451746704, 21.84313757299256], [89.2787936650334, 21.874521715227985], [89.29599568294876, 21.898610544762093], [89.29441305330435, 21.91265141474718], [89.28142452769953, 21.919972179969832], [89.26092005289809, 21.91658526871864], [89.23925503605435, 21.94191329828396], [89.21059958456277, 21.951901660164847], [89.24247120232117, 21.96994455679832], [89.25148610334809, 21.98364091433986], [89.2418192457479, 21.99764392047529], [89.219886525632, 22.007429070302326], [89.25361650620985, 22.05883157202923], [89.2522066914403, 22.07075366705102], [89.22576412513556, 22.09610999623934], [89.2377386546135, 22.099644626536147], [89.2605717062082, 22.08122904943352]]], [[[89.1058353711769, 22.157753484094606], [89.1262587129932, 22.151899979528395], [89.12921346464776, 22.137162617432832], [89.14122261996701, 22.129222082948225], [89.1163040140867, 22.127205567028646], [89.12639888782913, 22.101834186375807], [89.17378837888968, 22.06213668322569], [89.15497184833421, 22.055134792330694], [89.1474703078965, 22.042618471121184], [89.1632399374386, 21.99475100288945], [89.13297342886062, 21.962575747932828], [89.13755202171038, 21.92877654001219], [89.15210317415895, 21.91456949578669], [89.20206370128088, 21.91379940324691], [89.18598190568453, 21.87259838861952], [89.18584704664725, 21.83704737473761], [89.168890779411, 21.803923645135676], [89.15449228307125, 21.794433350364212], [89.0999183334492, 21.813999589406258], [89.10141080768726, 21.8710601072813], [89.08069308584962, 21.902806944941705], [89.09466825752844, 21.953501205059073], [89.09280878472941, 22.007874221785645], [89.06826036075209, 22.05552744067822], [89.05454412339819, 22.067376598041783], [89.04827907809724, 22.097709614709466], [89.10234803685532, 22.149729670104307], [89.0935039480207, 22.162707532741383], [89.07301451889303, 22.152547829375763], [89.06765052251325, 22.173940369026774], [89.07677236858143, 22.191809593665596], [89.0819326999711, 22.18022074074208], [89.1058353711769, 22.157753484094606]]], [[[89.34605942449446, 22.131033899994218], [89.34968131026807, 22.112684669105093], [89.36862081667783, 22.096043344362432], [89.38481025010582, 22.091239353766973], [89.3424814751851, 22.030568307207282], [89.34830698920693, 21.971418778026347], [89.32497576062786, 21.994554202360156], [89.28963370952637, 22.061895465874443], [89.30541205365344, 22.072008225040868], [89.33631009672119, 22.05440057750691], [89.34370962260424, 22.056314027045282], [89.34484968939445, 22.064637041985463], [89.31955469378266, 22.10761779444916], [89.27856758571406, 22.118899561850064], [89.29086280135601, 22.15285533948878], [89.32346843264224, 22.184351319843948], [89.33217593131367, 22.181438217212474], [89.33736251801744, 22.15352176977467], [89.3266977242171, 22.128600979465713], [89.33446737632315, 22.1242380637308], [89.34605942449446, 22.131033899994218]]], [[[89.31804661284546, 22.105963642373045], [89.34319359644768, 22.05866619244667], [89.33106988576128, 22.058774056653125], [89.30876375905785, 22.07531844130854], [89.29989275383511, 22.098510025218804], [89.26364149500806, 22.090898248654195], [89.27792163504891, 22.11348197311635], [89.31804661284546, 22.105963642373045]]], [[[89.26706221918424, 22.360771667574525], [89.27361101507657, 22.34595203356879], [89.25611685285212, 22.350086576557477], [89.24882547953314, 22.342026507557428], [89.27445443568432, 22.308030797843376], [89.27930581795135, 22.287183567658303], [89.31382879961231, 22.28231656353103], [89.28850253033801, 22.259331683095013], [89.3097670025687, 22.231230102524652], [89.30395639593392, 22.212763788721407], [89.31242736558623, 22.18794831792263], [89.27803220640179, 22.157900114818613], [89.26416516335372, 22.13523697666297], [89.26512309452553, 22.112954280898872], [89.2528838646079, 22.102147523135724], [89.22844977692087, 22.104388160191085], [89.21804217251706, 22.098060691792515], [89.20453055589249, 22.126304216193788], [89.21505283696526, 22.090434174232193], [89.23737021693472, 22.074216604101466], [89.24587673150134, 22.05785458088711], [89.20476545415661, 22.002569550149648], [89.18865325894517, 22.024228550353214], [89.15491409268694, 22.036457288066863], [89.17864646299802, 22.06639887199819], [89.12975178792749, 22.104363176704073], [89.11951145871178, 22.126045692741275], [89.14425892438032, 22.128531419542647], [89.13173687810036, 22.13772542491345], [89.12929170674457, 22.15183771789832], [89.10751062181174, 22.159253495197046], [89.0822308308183, 22.192560586331517], [89.07180214471119, 22.19375969240373], [89.04122460880006, 22.22688162378365], [89.03289827372923, 22.259226742607247], [89.01341446319778, 22.25403737477118], [89.01942863979522, 22.26972578559691], [88.99540701488733, 22.28494013349533], [88.99829521438778, 22.29682689016958], [89.0240567734082, 22.296233257679926], [88.99989941614172, 22.324036844558876], [88.98664688292946, 22.325023292470853], [88.98900786616824, 22.364263960453496], [88.98247100682926, 22.374763883595556], [88.99157762316513, 22.390797773625376], [88.97124963673375, 22.409956325003616], [88.99955435790595, 22.43058593329778], [88.9887501320542, 22.446595062310365], [88.99618455297094, 22.46897584298328], [88.97510219509131, 22.49701732816382], [88.96277081362221, 22.54950046988093], [88.94422385730178, 22.560121612498158], [88.93941613862837, 22.590425179707413], [88.95797949155059, 22.61651254870975], [88.93760986369796, 22.623843761669743], [88.92774675560752, 22.645003208717313], [88.94485461309674, 22.662078626865817], [88.94912691215066, 22.679492001770946], [88.96107423538085, 22.68544665039038], [88.96132564775453, 22.69499340270697], [88.916697894418, 22.73243604651109], [88.92107216004726, 22.75349364837695], [88.91195895455205, 22.75920169164007], [88.93897650223823, 22.793195540394645], [88.9590301094494, 22.796835182702452], [88.95558568420961, 22.8105693980789], [88.96875532260623, 22.84474721053668], [88.94664147937019, 22.87928809437942], [88.92888791141505, 22.87224325900427], [88.9098024220798, 22.879546767067488], [88.89562375567422, 22.91182286052726], [88.90836651869944, 22.919393183495934], [88.88720530789676, 22.933348120054603], [88.89426278766038, 22.952532526853492], [88.86969790712641, 22.950947536174255], [88.85982620699183, 22.942410809457353], [88.85631862217927, 22.965694500516104], [88.87152559481285, 22.978688024714028], [88.86374528982441, 23.000120182979384], [88.84562977779004, 23.008656145091372], [88.88078670280382, 23.007957350672154], [88.87234069580595, 23.01807677306615], [88.88418088475994, 23.040242299879882], [88.87504205614857, 23.04519722355302], [88.87358935916062, 23.066019105969765], [88.86109770572382, 23.07807218784545], [88.87397724416509, 23.09025070377379], [88.86910585349034, 23.099645459835777], [88.8833628265394, 23.1046243323711], [88.88267346563397, 23.110865199187053], [88.89990142251168, 23.112386804399637], [88.91048581185515, 23.13000080407534], [88.91772416384805, 23.12929419952287], [88.92079471904695, 23.14271058810768], [88.93240994739187, 23.147474026015264], [88.92822927409419, 23.16361952158527], [88.96249590122954, 23.19319757133979], [88.97482828951318, 23.19273645937509], [88.97622614642856, 23.18250296152455], [88.98037476514547, 23.18310343718743], [88.98772713267272, 23.20264313402513], [88.98247481908706, 23.21504215824119], [88.99831945731528, 23.212227585796835], [88.98315254326961, 23.221850086329393], [88.97992481174586, 23.216131523341094], [88.97668298169702, 23.224885278628577], [88.97879311663864, 23.214876034140403], [88.97129695816113, 23.22287037485799], [88.9447061828355, 23.206768137747908], [88.92703416906494, 23.217924653796324], [88.91669339111688, 23.219664688479686], [88.92158965913885, 23.217090885377218], [88.91599547295672, 23.21278925717078], [88.9149653728834, 23.228785928696144], [88.9066455825074, 23.235725317015493], [88.88581765485043, 23.22632682424825], [88.85490306046725, 23.23659981064083], [88.84633286014663, 23.23076401203949], [88.83697648939575, 23.243667159394693], [88.8243013010397, 23.233103147980966], [88.82837945620197, 23.244654930711256], [88.8114323282975, 23.25695093918569], [88.80550524150964, 23.238025455742445], [88.81129511997217, 23.221482320349946], [88.78971958824216, 23.218345664254464], [88.77423319654399, 23.224597629327576], [88.77772953985425, 23.2358790419338], [88.76913569327846, 23.24473026802542], [88.75204821246663, 23.24040021404445], [88.74155171487607, 23.24637732415406], [88.74346799098142, 23.2890566195397], [88.71660038053989, 23.29516402629283], [88.72248539250296, 23.30523093423697], [88.69510843848045, 23.323902760256082], [88.70974633458154, 23.3298329570045], [88.70467907851008, 23.324688329516746], [88.72338349535354, 23.321549847596884], [88.72793106331707, 23.33409217682169], [88.73007624655673, 23.326740946535235], [88.74359915195656, 23.327231565726375], [88.74729614715375, 23.335167788174477], [88.73096683053113, 23.339222463850756], [88.73710810895808, 23.348451017432343], [88.73046440978577, 23.35309877182285], [88.74444670464442, 23.351734887195036], [88.74785528042614, 23.363143122379565], [88.75728954806435, 23.36011315195034], [88.76498850051459, 23.36726110199278], [88.75904177230765, 23.374705197063722], [88.76279769978629, 23.387453699807942], [88.7534458908943, 23.38941378171832], [88.74987469121459, 23.40076276668745], [88.76082421202827, 23.4098375076003], [88.75452658716321, 23.41528877252767], [88.76400577297125, 23.448150269440355], [88.77258298551146, 23.44898452473098], [88.77891729268447, 23.437614932848522], [88.7943470429891, 23.444107232684747], [88.78718132252588, 23.470003933606737], [88.80112158959432, 23.485889341756877], [88.79476803919233, 23.48648214376063], [88.79939490657223, 23.498790053167124], [88.78948083962857, 23.503257321569077], [88.7839612161041, 23.497755341162247], [88.78316216622211, 23.500724422269265], [88.78736173808215, 23.50487554394633], [88.78655905186271, 23.50750931772007], [88.76806394117912, 23.491317435375908], [88.77433189015727, 23.48018980402133], [88.76082773814021, 23.490249662651625], [88.76049122093384, 23.478685563066687], [88.74773092419301, 23.48214648949915], [88.72434086609809, 23.512595774468398], [88.69879076435062, 23.516569808636273], [88.6804368874676, 23.545444547445932], [88.65512450852805, 23.55631518506897], [88.65182018919221, 23.582595918734256], [88.63897357624953, 23.590942632898532], [88.64578834811972, 23.608533204435517], [88.60590800692997, 23.599680903575177], [88.60640495346438, 23.610987616189977], [88.59704780151795, 23.60172619502578], [88.5812998150064, 23.60288636918439], [88.5856233317147, 23.615595047354127], [88.59405170353153, 23.617468785114454], [88.59381200015136, 23.640749415083157], [88.56315748655166, 23.63691929284672], [88.55831349820701, 23.64984425217877], [88.57422320590139, 23.667498770108114], [88.5652062613191, 23.712255520682696], [88.57689036647344, 23.733126278489486], [88.57076803849677, 23.74851346562789], [88.58085333602737, 23.764818268083626], [88.57956668710175, 23.774705795218715], [88.55649622157543, 23.784912064685443], [88.57852890931733, 23.786953723913346], [88.58128490348079, 23.79693542059535], [88.59634137449235, 23.80505233630789], [88.5857106314672, 23.813867956665597], [88.5939019324431, 23.80930446679596], [88.60318585054308, 23.817696529940186], [88.5870406093885, 23.830812663571916], [88.59146016664049, 23.8531814347493], [88.57833241009075, 23.851117542818873], [88.57644339638361, 23.862168800435807], [88.58763514418429, 23.87134933943344], [88.60901473642309, 23.863044453954924], [88.60965480625757, 23.87307711576256], [88.61934540429935, 23.87679524932706], [88.6278781201488, 23.86516152707387], [88.66777189129215, 23.86977162408041], [88.66442191232991, 23.882340017241827], [88.68415999576676, 23.889948663652966], [88.68868391670844, 23.901748845628607], [88.70400460929716, 23.898965694936653], [88.69970524753154, 23.910062209846167], [88.70696922884204, 23.91629720514134], [88.73577998328199, 23.914756064865145], [88.73538840093063, 23.93305854324201], [88.74375038736893, 23.930057188231885], [88.74271363127943, 23.951153992829205], [88.73335508934682, 23.961184903740612], [88.73774033692379, 23.98194577697929], [88.76884680600106, 23.981727843822526], [88.75891501270982, 24.00652457899643], [88.72838434580196, 23.997036934321997], [88.74220366648902, 24.032799055973037], [88.73537318194039, 24.03827417790318], [88.73848169174941, 24.04692310887832], [88.72731410848007, 24.053729621210035], [88.73746931515024, 24.062045852511766], [88.72398730712186, 24.066849568725463], [88.72909182110953, 24.097587540563254], [88.72104757672568, 24.104010693102257], [88.70264905166053, 24.093980015672084], [88.69495096381833, 24.109553857468885], [88.69903627159893, 24.120423197524005], [88.70755097230779, 24.11928932952176], [88.7460765623461, 24.147743976418074], [88.73207250611004, 24.18010024597614], [88.73447403710722, 24.20828785123263], [88.75060171097418, 24.173552453957953], [88.78452402531757, 24.140633415667118], [88.86037874632025, 24.116503612487822], [88.8784093542896, 24.120820117499825], [88.87308184830115, 24.106128634151286], [88.90792541423829, 24.117950450170106], [88.90715419549645, 24.130335013021703], [88.91929453360726, 24.134890680650173], [88.91839806082973, 24.123777211620418], [88.93602711151183, 24.131781268127245], [89.00824564908018, 24.12045676627667], [89.06053667251307, 23.984643290964897], [89.09266796090179, 23.974314340670716], [89.09547599089699, 23.962653050660915], [89.12012627554078, 23.962880992737063], [89.16203083329664, 23.949390058118464], [89.18571735298202, 23.969733945435173], [89.20712669365716, 23.92598250883799], [89.23098642224505, 23.939385662298157], [89.24913911951165, 23.976063506243722], [89.31004724645246, 23.95394406903954], [89.32629480498659, 23.931769330322922], [89.36639382361001, 23.905308901409533], [89.36721456689187, 23.891344174620727], [89.35922514099627, 23.893984602235324], [89.35680913243479, 23.879532228738526], [89.36382151543172, 23.86605047721448], [89.33754990041797, 23.823675099326408], [89.32539862785887, 23.790284817746738], [89.33002660117518, 23.780956687836103], [89.31257395532916, 23.77140242112525], [89.31085414275138, 23.76608441301155], [89.32192475564712, 23.76344859204322], [89.31554978930812, 23.74547692552062], [89.29603390055712, 23.7315311013178], [89.30986594835565, 23.72507389370057], [89.35143095028414, 23.66585685075288], [89.37608073524035, 23.66031565309607], [89.40909661783203, 23.675696231358096], [89.4381472452102, 23.65131796792563], [89.4412225578123, 23.63598576571237], [89.4875640357261, 23.624082853444722], [89.48967922931703, 23.6138441110818], [89.47038099417202, 23.594816802043667], [89.50035590874987, 23.575056295673708], [89.50789484825523, 23.54530771663454], [89.5353888824181, 23.53348381606452], [89.50224358689485, 23.52161970043371], [89.48842760118808, 23.497629345841936], [89.52946408626974, 23.506437972765276], [89.60411593442151, 23.464430875345904], [89.603482748548, 23.4163745868138], [89.61671684414935, 23.384155114673483], [89.5916524421225, 23.38494810993112], [89.59851701878328, 23.3385519102788], [89.61003942908597, 23.309718978460342], [89.63055436064386, 23.29421607354258], [89.63996371429485, 23.270903346424404], [89.61908597731846, 23.233141600823387], [89.67993876179193, 23.23769619082889], [89.6757648205568, 23.21873161486096], [89.68433930249567, 23.20158380996315], [89.67618603147947, 23.17776257276098], [89.69151989643059, 23.159075991750328], [89.73168546089966, 23.182976336703337], [89.7621776564305, 23.177050998975485], [89.72259183406429, 23.163487780352504], [89.73962899075453, 23.13766086737074], [89.73780565498762, 23.124532498314338], [89.70827724990147, 23.1193062834873], [89.69653131107705, 23.10925663174727], [89.68260982085191, 23.120638823255696], [89.68030460848567, 23.135585883999482], [89.67097872188333, 23.125569729800016], [89.67296387593372, 23.113208466589303], [89.69362062972138, 23.091315419780173], [89.72267474114602, 23.079786143510933], [89.71983800203654, 23.071152051089378], [89.73319982431815, 23.06201987980016], [89.7244521726401, 23.043595456219318], [89.7459365847309, 23.03501978827493], [89.75495970519307, 22.9995823924328], [89.78975620100874, 22.98572087656709], [89.78626002717999, 22.970327116846295], [89.81279197137721, 22.9645566428815], [89.8014220250373, 22.937903563553558], [89.8313116198986, 22.93129171686092], [89.86549322521361, 22.8982885895387], [89.86448914999988, 22.892221679719555], [89.84935548542184, 22.895164301857957], [89.84943167054973, 22.880791922794103], [89.83887698980195, 22.884240883935142], [89.82531329840194, 22.880586023836575], [89.82542031336035, 22.87075362967745], [89.81584378813136, 22.873944680410435], [89.82722253908082, 22.856335686255086], [89.8458819073055, 22.84278180487011], [89.87042637779248, 22.848549633412713], [89.88740628828393, 22.83825458030519], [89.91023504938514, 22.837108256468536], [89.92322476347564, 22.84559935297818], [89.93452738169788, 22.820914235927642], [89.9142164546452, 22.796643746777296], [89.93374593965108, 22.79447790483355], [89.93886895830464, 22.77895096979789], [89.9026909747343, 22.773034828771127], [89.91219114180944, 22.76415480138136], [89.91094933122957, 22.750269226554337], [89.93106769649893, 22.751592458690734], [89.92810839171717, 22.72213395948079], [89.90478935265105, 22.7269655827341], [89.86132472183567, 22.697931627442664], [89.87101637998057, 22.689447939326296], [89.90829766740728, 22.6939950699609], [89.93466175246874, 22.678001163346323], [89.91147725419589, 22.662487927178926], [89.90595046209111, 22.673773431630234], [89.89317827510335, 22.67654050789915], [89.88807959984145, 22.660473985690682], [89.9248869461458, 22.642215408979855], [89.9172096791776, 22.603439491807315], [89.96252414955657, 22.591563556415956], [89.95085308171498, 22.546293128683498], [89.9201463228637, 22.50874362013175], [89.96286673094161, 22.50771852357895], [89.96431065106401, 22.49210941391308], [89.97726926526039, 22.49077387371518], [89.9806307711534, 22.478509428874055], [89.97247747515097, 22.453086867206146], [89.89463560120208, 22.39031897655201], [89.87239524476594, 22.411413231977967], [89.88308713605872, 22.436024921472203], [89.87199497202859, 22.445620330625665], [89.87653014249585, 22.436466100824543], [89.86776007986728, 22.409699795305688], [89.88904901892504, 22.37916537701365], [89.88906127011026, 22.36370421891087], [89.84662878352246, 22.28755282051708], [89.83578590864201, 22.233988593871373], [89.84009343822882, 22.21966216958537], [89.86137237766046, 22.20891160542497], [89.87649975820254, 22.189468534979223], [89.88438773236004, 22.123552089214233], [89.87806923542965, 22.099662600370657], [89.84753729927434, 22.063852728013384], [89.82013905580285, 22.0666041482858], [89.80726695361435, 22.0763173872998], [89.83538023833347, 22.101622641836855], [89.84225406775079, 22.122474754394656], [89.8148191651734, 22.14476748605478], [89.83717283655994, 22.16389911431302], [89.80595438684973, 22.218322121996387], [89.80176184075029, 22.281024974827307], [89.76279803213588, 22.315532600883653], [89.76593148646432, 22.34118692602149], [89.75834338476623, 22.352039659423045], [89.77584092470275, 22.36534306686439], [89.77321965591975, 22.373941905096068], [89.77281354591447, 22.3649362622718], [89.75789872786613, 22.359080558904182], [89.75813145703079, 22.3496252445686], [89.76463279693357, 22.34178835856135], [89.76173028808199, 22.313204444754703], [89.79952289557632, 22.28032743476595], [89.80204081145362, 22.21527763738868], [89.83400028412781, 22.16571973550549], [89.81128063566062, 22.1413760890877], [89.83554239426375, 22.122468132921597], [89.80208126475105, 22.072290563443392], [89.79091522382895, 22.083909135069252], [89.77625630028628, 22.092730523931298], [89.75782394207337, 22.134910567350236], [89.74347963862904, 22.138983776703242], [89.74737083920182, 22.186958113413663], [89.73153898365545, 22.199558550161353], [89.73644158707825, 22.20931628146307], [89.7475638960509, 22.19597694052599], [89.75216622415645, 22.198421302725308], [89.76214209031227, 22.242845754133572], [89.74986441487994, 22.19763772544065], [89.73717005011213, 22.211657345910346], [89.72933990572477, 22.19979855433682], [89.74538334909315, 22.185980157420854], [89.74149608528897, 22.13639681004413], [89.73762874185903, 22.133758242069263], [89.72297881481644, 22.13334414638965], [89.71293322464199, 22.1299448230924], [89.69427757095026, 22.184500708467464], [89.71058261465417, 22.184801798776594], [89.71492537319442, 22.197148079025414], [89.70763194039414, 22.203643520061295], [89.69250105741435, 22.197920935060672], [89.73821414459945, 22.279625558722266], [89.72859298777976, 22.282728265951096], [89.70340272593683, 22.27604038567565], [89.70916742101323, 22.306219132875643], [89.69369921250397, 22.316563028030906], [89.6909050882639, 22.32808277544333], [89.68068955793647, 22.33416441105151], [89.67203070735025, 22.359908483395014], [89.6642835337294, 22.368841444873627], [89.64198218033368, 22.367709003291964], [89.63531570835018, 22.3526439061207], [89.62312928336807, 22.411787616365725], [89.596622035949, 22.46045681409456], [89.5774017889672, 22.548321919350695], [89.53532879424394, 22.610027553926088], [89.54166621869538, 22.628507022763728], [89.52674840089185, 22.60667892529677], [89.56557677918347, 22.553608513162832], [89.58293450699296, 22.49332775721346], [89.58736842470532, 22.445476030182693], [89.61527465027773, 22.393263767500077], [89.62496939504169, 22.34615243850215], [89.58247083464506, 22.279118829706984], [89.58590446414863, 22.242374140219784], [89.57801465409855, 22.240290394696544], [89.57417488204197, 22.250498586575457], [89.57207435615123, 22.234923254983435], [89.54087574684519, 22.202146929649786], [89.58389720098921, 22.124370003303667], [89.53297330246036, 21.99449648153568], [89.51104358715091, 22.01803289320065], [89.53291020648632, 22.05594694303827], [89.53530609030139, 22.084776915243282], [89.51739088726023, 22.10394008113083], [89.47637324662288, 22.230774452602592], [89.49456697814733, 22.26443033310858], [89.49143975638783, 22.27789204728103], [89.43458856367862, 22.357012500804746], [89.44686396397033, 22.373045474364112], [89.44940575539567, 22.3965885470315], [89.44908991161121, 22.409173341889094], [89.43697021026914, 22.41975763650878], [89.43166202254616, 22.48613460318238], [89.42563293255145, 22.49022133108362], [89.41704033520642, 22.47594483613881], [89.42663841329917, 22.406832005158556], [89.43918547233403, 22.384517488963102], [89.42479084771011, 22.36291636507554], [89.42076597630454, 22.344468080914165], [89.42481421033796, 22.32756170062626], [89.40688754898383, 22.310752463730793], [89.40825869917411, 22.30000568481975], [89.42765544935153, 22.281215725056075], [89.40830329128296, 22.24439614358284], [89.41716967139334, 22.231213666103894], [89.46150555812787, 22.244933670491157], [89.45788643956028, 22.201296941107124], [89.47260494397759, 22.162743826012616], [89.46675432753516, 22.15867072144379], [89.46298870340212, 22.148330629410612], [89.44343941755864, 22.16482467305609], [89.42976310307978, 22.168188636947], [89.41458341211487, 22.160263034711964], [89.4056101030357, 22.15052174959759], [89.40555728989438, 22.129529961202316], [89.38194164004672, 22.119995984623436], [89.37733365255399, 22.099788663298753], [89.35040361659082, 22.11870112575815], [89.35189243424638, 22.136407860340718], [89.33324507321552, 22.128360218114768], [89.32991389572692, 22.135514510642412], [89.34081919216896, 22.153991146754088], [89.3378765082678, 22.17877471902638], [89.3250753798093, 22.1952526479884], [89.33470731348572, 22.19862524382274], [89.33205305396768, 22.21306247722094], [89.34540046217242, 22.216126704748035], [89.35646938936777, 22.24627083328818], [89.34338340789246, 22.232773772993436], [89.34280301718772, 22.218524347461205], [89.32966434144355, 22.216865257789248], [89.32392747374301, 22.199784901913272], [89.31048803102138, 22.215982534224693], [89.31426166738584, 22.23767023183511], [89.29692733918412, 22.255856730786178], [89.32271182984476, 22.273424181130558], [89.32502536426755, 22.285473680426144], [89.31033027792805, 22.29223443113874], [89.28512468664286, 22.28771095422641], [89.27677286574799, 22.318475696477908], [89.2546643687775, 22.33924427868978], [89.2779364790021, 22.343764321019005], [89.27351739054924, 22.364011107599286], [89.26706221918424, 22.360771667574525]]], [[[89.33067825554724, 21.70106569037426], [89.33696615855858, 21.719892853477102], [89.33975908027844, 21.720050534149888], [89.35051138624438, 21.703664348737156], [89.33986756175734, 21.696264553510098], [89.33067825554724, 21.70106569037426]]], [[[89.40217649625538, 21.91631680574528], [89.42548377314483, 21.887246720565784], [89.45016202918202, 21.875985118967773], [89.42379923467115, 21.865676247176808], [89.41965611682323, 21.855142528901123], [89.42532251441546, 21.847047467924735], [89.45334079252994, 21.844587935508603], [89.47525207864238, 21.79499259172996], [89.4566938714823, 21.766454841562272], [89.44719471388588, 21.768377091929864], [89.44419158849102, 21.75439112042467], [89.42557626108099, 21.743056939999267], [89.42016623732606, 21.728385991890192], [89.40073132741185, 21.72200505419845], [89.38656469322078, 21.72525928363513], [89.36088519179825, 21.749507049392886], [89.34871437472754, 21.808743251072688], [89.38316521895007, 21.880706921340426], [89.38230165922377, 21.922680897771357], [89.38749844466379, 21.921672678895682], [89.40839953561857, 21.9303148739232], [89.40217649625538, 21.91631680574528]]], [[[89.33880567413863, 21.787938319287598], [89.31104282944929, 21.84823217050806], [89.36618711637486, 21.884729377509554], [89.35233830645487, 21.833431266143805], [89.33848127370135, 21.81698258858477], [89.33880567413863, 21.787938319287598]]], [[[89.32527005934534, 21.86700133962964], [89.34735066583266, 21.880989289966152], [89.3517417552595, 21.881006629899552], [89.32527005934534, 21.86700133962964]]], [[[89.42380802088309, 21.983566544435046], [89.41855503470256, 21.967844422790378], [89.42877103351408, 21.951199797977367], [89.45799133800213, 21.934392919884566], [89.44794688154417, 21.907760826137007], [89.47244313280343, 21.902731923430213], [89.4584797725964, 21.89043898839586], [89.44977110285097, 21.851939728938103], [89.4235377296949, 21.850572578425126], [89.42252499360072, 21.862290652372923], [89.45209509551, 21.875765980148238], [89.40541279661926, 21.912647035476812], [89.41001237234133, 21.9297947008894], [89.40823452097601, 21.931291118065083], [89.40275639302465, 21.93172217992178], [89.39407413338284, 21.928133712063808], [89.39003701383307, 21.930623551326217], [89.39918973146735, 21.937269247448604], [89.39933368164534, 21.94132702996065], [89.37398836429381, 21.95430618009459], [89.38054979784266, 21.964249274376385], [89.38910989953875, 21.95917188865652], [89.40165476150797, 21.964026854052893], [89.40356367294135, 21.969894514237026], [89.40126502225209, 21.98017986646223], [89.40414817963, 21.98424759684569], [89.42380802088309, 21.983566544435046]]], [[[89.54547492171653, 21.880558300401848], [89.542973062821, 21.955264672706182], [89.5444555068449, 21.961415040711735], [89.56794749273116, 21.934781336466397], [89.54547492171653, 21.880558300401848]]], [[[89.47027199706042, 22.046315956746504], [89.50980874996009, 21.95821620196025], [89.50452558605178, 21.91129438692569], [89.48726199696259, 21.918015070492242], [89.4539014034066, 21.909948953833286], [89.46291096660494, 21.926911924231124], [89.46085871256739, 21.94172189883576], [89.43831657836685, 21.950790589358466], [89.42280373015552, 21.971564610668043], [89.43960886054626, 21.991519509851404], [89.43373416257293, 22.05347470468317], [89.44227653183057, 22.062103781303705], [89.45481856860354, 22.049990454858243], [89.47027199706042, 22.046315956746504]]], [[[89.43767064902849, 22.16323040167389], [89.46302398765745, 22.143182117997945], [89.45905985911558, 22.11968326888862], [89.48561849587385, 22.08956424791712], [89.45100546739845, 22.0755516810001], [89.42868202663142, 22.053836023072687], [89.43377329664536, 21.989687248464612], [89.40751648528732, 21.98794154311589], [89.39996826694433, 21.98205341299428], [89.40116857167851, 21.96477633995841], [89.38006123933772, 21.965449553112787], [89.37589374038271, 21.960624997343853], [89.37285415228168, 21.95580464847668], [89.37513371577431, 21.95025330379425], [89.39837313693315, 21.939971192429336], [89.38777185750718, 21.93301938933136], [89.38636560499691, 21.922945965980162], [89.36365872874103, 21.958774869542758], [89.35430158414995, 22.033047768498765], [89.39101203108977, 22.079546976235015], [89.38295123988077, 22.11448956287127], [89.40852641185325, 22.126654343019275], [89.4089873363846, 22.151190121813297], [89.43767064902849, 22.16323040167389]]], [[[89.4812043051283, 22.039559709056928], [89.48151689330524, 22.05267256588423], [89.51858939207953, 22.074638375356187], [89.51683933940636, 22.058831929903672], [89.49736205926492, 22.030415694610944], [89.4812043051283, 22.039559709056928]]], [[[89.4725160157941, 22.04860943965054], [89.44468833660345, 22.0636461096062], [89.45115183508042, 22.0710641348782], [89.4885956150001, 22.090012313836954], [89.5135187513979, 22.080674937398953], [89.4725160157941, 22.04860943965054]]], [[[89.49197171231123, 22.09249399131958], [89.47191069895105, 22.124027021708542], [89.47162883901761, 22.140134070517842], [89.48070508715894, 22.143467459552507], [89.49649536837634, 22.129061082264418], [89.50882853625043, 22.08800211749255], [89.49197171231123, 22.09249399131958]]], [[[89.4666253884474, 22.114923132652503], [89.46589342817288, 22.132681117233005], [89.4714116567545, 22.111833464643777], [89.4666253884474, 22.114923132652503]]], [[[89.46938349907741, 22.147768002885066], [89.47422063483762, 22.1585221856277], [89.47849969432738, 22.149835169910087], [89.46938349907741, 22.147768002885066]]], [[[89.4186837956386, 22.252365445676453], [89.4344863651242, 22.27797895485994], [89.40994856684694, 22.303537049350325], [89.42632915751028, 22.32774323041577], [89.42454676620729, 22.34659661685376], [89.4568795753735, 22.31515800272645], [89.47953482925627, 22.27023721980443], [89.46147692121458, 22.252424779959807], [89.41875214746449, 22.235797318369283], [89.4186837956386, 22.252365445676453]]], [[[89.60445078078743, 21.781706046889354], [89.58726820690949, 21.759977954329596], [89.60800284765199, 21.718814132607672], [89.58785123395285, 21.7135541588155], [89.56248639500905, 21.719173963210853], [89.54017324207322, 21.75653776524808], [89.542712788572, 21.7730723040725], [89.54355129764885, 21.75738931865942], [89.54712384364316, 21.768031527261428], [89.55122613171739, 21.75351523595545], [89.55495567468651, 21.750051188285052], [89.55726213712256, 21.769585269999364], [89.54995398083986, 21.800146975635077], [89.53082923925969, 21.82293775550685], [89.54124689535853, 21.85133759772397], [89.60292428463777, 21.80396751549742], [89.60445078078743, 21.781706046889354]]], [[[89.84460054335962, 21.80521867942508], [89.84966910028321, 21.81520879937841], [89.85528255491447, 21.81596257325053], [89.84460054335962, 21.80521867942508]]], [[[89.86408697708846, 21.83456759895503], [89.84990645786142, 21.855483203615783], [89.85390233299674, 21.858772617998707], [89.8663484934096, 21.846426735669183], [89.86408697708846, 21.83456759895503]]], [[[89.61752564577759, 21.94758044939031], [89.64726253628848, 21.910866404823487], [89.6302298194383, 21.89114208376534], [89.62556234229574, 21.865970722016698], [89.66188091895125, 21.82158538480609], [89.69587153146131, 21.797834829151114], [89.70166310887443, 21.781903563654787], [89.69901293324045, 21.770758608843938], [89.67293296284696, 21.75543948880096], [89.63448515830527, 21.75535903157128], [89.60978525099344, 21.765482223009197], [89.61899134167709, 21.783174174749792], [89.61544390479382, 21.802468863091867], [89.56286644326617, 21.84574547376869], [89.55023443858799, 21.872120675513113], [89.5755592054576, 21.936529860042814], [89.5899380157999, 21.947513922193668], [89.61752564577759, 21.94758044939031]]], [[[89.63831566438274, 21.867535654328258], [89.63353887545425, 21.884811143459476], [89.64663630206631, 21.897466194019483], [89.66157156162545, 21.865664342630215], [89.65130340322696, 21.857384144684428], [89.63831566438274, 21.867535654328258]]], [[[89.70387047460517, 22.00761968890465], [89.70541345551105, 21.98528769739689], [89.71274690849876, 21.977390383776946], [89.7222247135145, 21.977871975725932], [89.7116210838156, 21.95838815396844], [89.72780318189614, 21.930186874853902], [89.71190011883557, 21.902318461892317], [89.72970626355213, 21.89071598405729], [89.7418845358574, 21.865065454917815], [89.74326152170123, 21.838389518191143], [89.72400038395, 21.833007043981073], [89.68676076453261, 21.845504140511135], [89.67348841074664, 21.837257970213514], [89.66681438124496, 21.849652904931144], [89.67025578217958, 21.870444053077026], [89.65891821328405, 21.886474385067384], [89.67881957528206, 21.904816572681035], [89.69353168978961, 21.942457373334307], [89.68710220103674, 21.993551735337697], [89.70387047460517, 22.00761968890465]]], [[[89.82575147665189, 22.03928050291641], [89.83857680792418, 22.02587705477605], [89.84092627772974, 22.00742200936409], [89.80950565692241, 21.995600654987996], [89.80436021273151, 21.98814981971808], [89.84364254501052, 21.957248667100377], [89.81506470964341, 21.94124292220771], [89.80908954684801, 21.933635977380955], [89.80744515772244, 21.920372595767596], [89.84554205330242, 21.891873316686578], [89.83724931261655, 21.876975273596727], [89.84026525594754, 21.854565305959678], [89.77633132507977, 21.832310698270646], [89.76785034357505, 21.837572732443128], [89.7847535162264, 21.865902588557024], [89.78672105051025, 21.883615992248323], [89.77380519425819, 21.854177240811573], [89.74904382645616, 21.856933420535935], [89.73185421610839, 21.897466408836447], [89.71721280326466, 21.905352302901754], [89.73412614852953, 21.92701759834485], [89.71593886232348, 21.961110003210432], [89.74900531011653, 21.973727301595275], [89.74915663897414, 21.982180789056244], [89.7379974414117, 21.991624513541947], [89.75278835682317, 21.997851667366447], [89.74510280504649, 22.01738302562934], [89.75973002860279, 22.02368666073728], [89.76171885259974, 22.028187630181723], [89.75687810416014, 22.037796916087643], [89.74639861311002, 22.037005469821963], [89.74254432752181, 22.052354432895388], [89.75268725942348, 22.05609256325211], [89.75350226307782, 22.065710155264767], [89.77361343732092, 22.080163612489784], [89.7765953382288, 22.088853508992695], [89.82404128460178, 22.051604034869804], [89.82575147665189, 22.03928050291641]]], [[[89.85403728950182, 22.035740635334506], [89.87710321666157, 21.910512522898834], [89.87628252703811, 21.89841359364552], [89.857356983836, 21.87668362386836], [89.8450553105668, 21.88093774965822], [89.84603419550888, 21.89784543533934], [89.81043594098198, 21.921228998441883], [89.81274534747833, 21.934803393045716], [89.84613503370782, 21.958569230455222], [89.80635292534936, 21.990245949192694], [89.8420942330327, 22.004243530153595], [89.84340492100029, 22.02239185797263], [89.82790115667343, 22.049907105857564], [89.84037978870121, 22.049842106916934], [89.85403728950182, 22.035740635334506]]], [[[89.54964749477612, 21.967520554683023], [89.56875760583426, 22.036869001234688], [89.60617856501503, 22.020807152783778], [89.5972346692942, 21.995228673066908], [89.56285636303966, 21.97647749042883], [89.56666733238642, 21.96808046872038], [89.5825696737212, 21.954502466184817], [89.57732505150858, 21.942431398191115], [89.56068448397542, 21.948532336997], [89.54964749477612, 21.967520554683023]]], [[[89.75563028279382, 22.132616228996177], [89.77410105348916, 22.0874542568207], [89.74021405045725, 22.052893667816726], [89.74507227490736, 22.034444103956602], [89.75821732982357, 22.032913201716426], [89.74244035034276, 22.017921499989285], [89.74912790451498, 21.99869931027973], [89.73433764275272, 21.992161548320905], [89.74700447048113, 21.97682647808858], [89.72872567489173, 21.969662520133276], [89.72504505774715, 21.981288964629403], [89.70790527542128, 21.986687988596326], [89.70769586514115, 22.007781551395706], [89.69839576565036, 22.009688212816098], [89.70531248533518, 22.03414476576681], [89.67898585989347, 22.05270769527314], [89.71122025784771, 22.074249136271046], [89.71310979138383, 22.128495678779586], [89.75563028279382, 22.132616228996177]]], [[[89.87826590956388, 22.087589838601435], [89.8868410194489, 22.086206378625967], [89.87119964287432, 22.06951851083247], [89.87156781150581, 22.074382758430428], [89.87826590956388, 22.087589838601435]]], [[[89.67191312753263, 22.34777317133702], [89.6913694899721, 22.31574525362529], [89.70581646739625, 22.306009539504807], [89.69976186256284, 22.275423603599304], [89.73501193368514, 22.278061112366426], [89.68754882043686, 22.19872487818288], [89.69644944805279, 22.190063978135516], [89.68992421137557, 22.177984385626143], [89.70894337010785, 22.129616190803286], [89.71032569552314, 22.104880203380745], [89.7052350251554, 22.071679453619403], [89.67365237180594, 22.056729618523136], [89.67902882718498, 22.041849489957194], [89.7000771285383, 22.031941295421515], [89.67788932183952, 21.990644270763887], [89.68675373800923, 21.95408761747077], [89.67710613445924, 21.920713277597986], [89.65802000653916, 21.903119359466267], [89.6249759727319, 21.94986190032195], [89.58815727664287, 21.95057639920512], [89.56412495679228, 21.97429480909973], [89.59652134065173, 21.992368361273712], [89.60925781630161, 22.01577048192837], [89.60816212577458, 22.020811907167598], [89.60093169940959, 22.02701551154322], [89.56909526317732, 22.038466435378407], [89.59918061498723, 22.09148345177296], [89.60431744014588, 22.12769852804181], [89.55415295431803, 22.20648184136435], [89.59195327154421, 22.226580167051985], [89.59944995859402, 22.253377543313352], [89.59413932058618, 22.27654968503167], [89.63086560247775, 22.326533457940418], [89.6411173001305, 22.363842760457548], [89.66166322938265, 22.36727676159504], [89.67191312753263, 22.34777317133702]]], [[[89.88996287150273, 22.14657233620358], [89.88696382419313, 22.165852012967008], [89.8911653406351, 22.144708377833528], [89.88996287150273, 22.14657233620358]]], [[[89.70970230262441, 22.188189797804053], [89.69731730890992, 22.19264178308306], [89.70887501919137, 22.200540487261872], [89.70970230262441, 22.188189797804053]]]]}}, {"id": "4", "type": "Feature", "properties": {"division": "Mymensingh"}, "geometry": {"type": "Polygon", "coordinates": [[[90.23672576717715, 25.20505110088655], [90.3099719079743, 25.188457068758247], [90.33028117206051, 25.193155991026956], [90.36905987622227, 25.163209654834468], [90.40500234722512, 25.159607240742726], [90.44558831414747, 25.144455004857708], [90.50984619476378, 25.175062257092357], [90.64194320467585, 25.174325338362408], [90.64056950117903, 25.182410811431083], [90.65099013627083, 25.1819883103304], [90.64837098485731, 25.193863105146303], [90.65704608422834, 25.185178105545386], [90.66320072619695, 25.19657029223103], [90.66621417696871, 25.165403718415597], [90.67518373183937, 25.17632331368395], [90.69770826339281, 25.15632917024377], [90.71291436388145, 25.16710687415568], [90.73378586119128, 25.15456995019591], [90.74155786692609, 25.159719796988828], [90.73479343565381, 25.16614482428951], [90.74736453853426, 25.162824165768022], [90.77986544767245, 25.18621059779566], [90.80554027101094, 25.166875661297222], [90.84111757442588, 25.165633667608795], [90.84753166928628, 25.159232419586036], [90.96511333789238, 25.17240384388439], [90.97116412416494, 25.155217238857247], [90.95369348833768, 25.14826074677869], [90.95638423411356, 25.120281512480286], [90.95003688474256, 25.109294206637273], [90.9709719324376, 25.09168972893074], [90.97371227922638, 25.073637351198602], [90.95767844398269, 25.068990070344682], [90.94507456073822, 25.0793229960021], [90.93030058170677, 25.076122549815988], [90.93247192971697, 25.043283268350653], [90.96369545982444, 25.03493420708564], [90.93301420825584, 25.01693220990266], [90.94635192471388, 25.00063114597277], [90.94274526661131, 24.97143068482041], [90.95955103620149, 24.967632727117678], [90.97071892508325, 24.95369876691877], [90.96675505812591, 24.941499130292083], [90.94592609923714, 24.9330420698675], [90.95266222908413, 24.933498096441248], [90.95381066190274, 24.908666706169353], [90.98969766509747, 24.90792832534265], [91.00122286651292, 24.886576442957015], [91.01510870349068, 24.890448095226464], [91.02948412166856, 24.87788946383866], [91.04281393455156, 24.899855130986776], [91.07978444721707, 24.894636800770304], [91.10243383918673, 24.878675130621048], [91.11474534291025, 24.84144705276949], [91.129505433114, 24.83322486011849], [91.11435298023883, 24.80748728193984], [91.1305175483285, 24.784523461640923], [91.14638736884424, 24.786703780011216], [91.13304260094331, 24.801360987338622], [91.14720612036514, 24.811523201846292], [91.14406722763141, 24.8193843116907], [91.15487287633051, 24.833050778141835], [91.1712804128412, 24.824176324116504], [91.17309120733191, 24.80586428087687], [91.15809811039868, 24.78381145333119], [91.17297262141207, 24.775637914613696], [91.15909578831621, 24.766558878458373], [91.16039128805659, 24.757502270808946], [91.1359110810373, 24.754314256527138], [91.15773422145384, 24.74049632980075], [91.15368544489903, 24.733297701919227], [91.14629134604183, 24.736779712880303], [91.15060475132127, 24.72353877447086], [91.13971340022019, 24.716072046488907], [91.15697906544625, 24.715847870647284], [91.16070176326959, 24.708653594595326], [91.17889335522551, 24.717057736151332], [91.2051267165341, 24.70175193503778], [91.22321927864029, 24.715837038791516], [91.22570987869102, 24.69709272716884], [91.21743225896643, 24.69148633636657], [91.23721092467113, 24.68358410600992], [91.23659304615389, 24.668284795868484], [91.21753826181904, 24.665256181108703], [91.22837618877315, 24.650624841921548], [91.2196801053765, 24.64199223241103], [91.20457923009249, 24.64174375291414], [91.20179764884618, 24.62485909396341], [91.17525016492638, 24.63426626500244], [91.16071326611022, 24.62532680946103], [91.12947817168889, 24.63397758319687], [91.13415931378907, 24.613665097841103], [91.11949682967261, 24.6010549242984], [91.10207606934773, 24.601739426654973], [91.10112086262406, 24.5921904333485], [91.06434366820932, 24.609118043716943], [91.03377912466973, 24.60676190159145], [91.0325454569636, 24.62132436556463], [91.01788275469552, 24.610251677930467], [91.02045572195087, 24.600176911589195], [90.99078852595662, 24.59313303023855], [90.97193365851194, 24.589893096730936], [90.95820698344093, 24.602423808326307], [90.93523626309846, 24.595020213866587], [90.91949365449473, 24.60675625585415], [90.91099914343164, 24.603322003690792], [90.90539297853675, 24.58607129300962], [90.85421968892412, 24.590817450562724], [90.8372329144402, 24.572518968044704], [90.81547730379619, 24.57905485394129], [90.79043093576195, 24.50164040501534], [90.75620857452785, 24.505891026704546], [90.75147423074205, 24.495664232792386], [90.74322938937961, 24.50340077709669], [90.72430573160646, 24.468230139264286], [90.70228741568137, 24.493462546565365], [90.70247118160705, 24.506997331918207], [90.6795235160368, 24.495249338841813], [90.68001723318582, 24.46568416153911], [90.67107161534938, 24.459209703765467], [90.63673417501393, 24.471468216421627], [90.61201831628601, 24.492185669162975], [90.59099581490906, 24.494131564557126], [90.57454430137707, 24.4775088787819], [90.57905664191233, 24.45487233587404], [90.5929338424524, 24.442488329424744], [90.63018039373111, 24.432210092822743], [90.64408626671808, 24.41310759515178], [90.6328682017898, 24.361381245910913], [90.61882102238648, 24.337858375478522], [90.64348938547232, 24.30670071959224], [90.65099267915913, 24.261647327262764], [90.62105332259863, 24.270087300875115], [90.57215433534559, 24.24798435793502], [90.54513447376775, 24.267041771811243], [90.54408066842315, 24.275223218778702], [90.52059113282237, 24.28647491733104], [90.52739742318266, 24.302722103523195], [90.48560979070595, 24.313290286827666], [90.45196241529703, 24.33959640997138], [90.42444223464298, 24.331630842313995], [90.4229016081461, 24.30679264814501], [90.39476575311106, 24.283291336895324], [90.38013711432808, 24.29091087043704], [90.3617555702503, 24.285180990751382], [90.35250162642217, 24.3018157264927], [90.31924705815216, 24.2998113563122], [90.28875728324813, 24.279122120618663], [90.26150669407201, 24.288157647558556], [90.2466609463049, 24.33065500968738], [90.23555097344365, 24.336437822413743], [90.23183527716614, 24.34979942705086], [90.25015786701329, 24.411550790674713], [90.23341665994607, 24.415252899839363], [90.20952433526249, 24.454971203968817], [90.24062369126182, 24.48365706648787], [90.2262508310598, 24.4828489230755], [90.21457764920578, 24.49716483645807], [90.20461688218046, 24.49733897449699], [90.20766417459859, 24.507234114611837], [90.1848707412071, 24.52087167837011], [90.17320881234201, 24.516296854305025], [90.15900157943669, 24.536724088033463], [90.156370876409, 24.57445258847692], [90.14600849477179, 24.576706781806696], [90.13129023732112, 24.597044848672173], [90.13625751318216, 24.617782608665134], [90.15284711669325, 24.627451332360767], [90.13197063851518, 24.716355294197218], [90.13590741765643, 24.73322252443339], [90.09816728024816, 24.73930925772571], [90.0993301337541, 24.76646992885913], [90.08522636590378, 24.791743938163297], [90.02689791627529, 24.773815888715095], [90.02329739035494, 24.759498879013314], [89.9816646546332, 24.725014130834783], [89.96416615622951, 24.723349181369553], [89.95549306651901, 24.743872527285976], [89.9425091898373, 24.744342824771643], [89.93242009391912, 24.75678392552249], [89.91853283724393, 24.756400521206995], [89.92176534633792, 24.748216949531038], [89.90591192860893, 24.737575578875454], [89.8825845163509, 24.743419395731298], [89.87583904665618, 24.735272123062696], [89.87720812774299, 24.71344310291585], [89.8925766176737, 24.69871778158929], [89.89650671372328, 24.68134394270884], [89.88960069488763, 24.674116074145708], [89.87478818047046, 24.676434586552393], [89.8652691356722, 24.66521316102201], [89.86364796723812, 24.6464537730906], [89.84247930063077, 24.64549831843645], [89.83982359380299, 24.632662816178414], [89.84802884698958, 24.620188018824813], [89.83876190014254, 24.6231424196591], [89.82376889156832, 24.608522686804374], [89.831661029204, 24.603284371923756], [89.820999183249, 24.598500571636922], [89.82241309120674, 24.587694814157807], [89.80672835034045, 24.58255119813883], [89.80413049346346, 24.56684469385801], [89.78676899483236, 24.56705199776698], [89.76610000472527, 24.616639113801092], [89.76855487180023, 24.625449791488435], [89.78713275175997, 24.63153005320406], [89.78666594736279, 24.671480849123157], [89.80274831064548, 24.68484176774734], [89.79420056364336, 24.707899469212297], [89.77662633352634, 24.72565947970548], [89.79106350769919, 24.741155617122196], [89.773772395538, 24.77654480953561], [89.75800004601724, 24.76768522848744], [89.74225344679456, 24.779483250420448], [89.73589274098273, 24.76866785838276], [89.71919044520057, 24.779561440161263], [89.72436324332455, 24.79421646848849], [89.7465265000935, 24.804021320152042], [89.73158689792561, 24.804162909747735], [89.69612932963807, 24.823521372859098], [89.66825195030759, 24.86850985064461], [89.66042473481514, 24.89634551850925], [89.6850176265351, 24.90863950304773], [89.67295399584214, 24.92563102488669], [89.67829729607223, 24.9591740294075], [89.65151331306367, 25.03325060874277], [89.65546212002003, 25.0751657280404], [89.64041093123032, 25.08669976580928], [89.65321919912932, 25.110381061756154], [89.6515806654883, 25.140472599402347], [89.67409050205643, 25.168440437423317], [89.67459730906363, 25.18429064665723], [89.70075192743496, 25.227659267224517], [89.74157713929736, 25.231238546930918], [89.75410813015992, 25.24388948706328], [89.74777301683054, 25.26120884856042], [89.7545058437864, 25.28560095011367], [89.72284787277053, 25.35623020785524], [89.74891253184204, 25.380041053853425], [89.77868256808202, 25.385656783063965], [89.78392735649679, 25.410299502843742], [89.77431953166854, 25.415963046881135], [89.77128455107591, 25.432437447561313], [89.82531570754212, 25.414127602251252], [89.82131803615353, 25.356564932181808], [89.84147493483508, 25.314455283558374], [89.83122481909436, 25.29584397981703], [89.87661116077362, 25.28500798809205], [89.9025504124881, 25.30550973441152], [89.937979446159, 25.299199458375327], [89.94429714827876, 25.30409044330972], [89.94938062651943, 25.292566197519267], [89.96703233667486, 25.30360792425292], [89.9797871088167, 25.293100104625438], [89.98182629567091, 25.280549277425685], [90.00416371609333, 25.28099171759854], [90.03331285522883, 25.263030273101744], [90.05489058838685, 25.261330550940503], [90.11644090796725, 25.224091797250153], [90.16894049787845, 25.223604812277006], [90.22599701089501, 25.201076254810445], [90.23672576717715, 25.20505110088655]]]}}, {"id": "5", "type": "Feature", "properties": {"division": "Rajshahi"}, "geometry": {"type": "Polygon", "coordinates": [[[89.74349070308328, 24.0271389918917], [89.6977969015429, 23.99470955952822], [89.68922501255877, 23.93073087782009], [89.70313881542046, 23.921940005445247], [89.6988929699893, 23.870171766471632], [89.70774008402587, 23.88177511983866], [89.73697823848244, 23.833268377326483], [89.71419331806652, 23.825115542616032], [89.70290391395898, 23.810405727318734], [89.67635814906934, 23.806632638567432], [89.5899733024194, 23.806889016977756], [89.57115035208987, 23.79866522274025], [89.550551576898, 23.808372289986174], [89.51295200711571, 23.810520198049673], [89.40478457967829, 23.884177513511545], [89.3848501955446, 23.9081002329311], [89.35689278100854, 23.909298889297443], [89.31004724645246, 23.95394406903954], [89.25480836742207, 23.974600324377565], [89.24390105915357, 23.974361816749607], [89.23098642224505, 23.939385662298157], [89.20712669365716, 23.92598250883799], [89.18571735298202, 23.969733945435173], [89.16203083329664, 23.949390058118464], [89.12012627554078, 23.962880992737063], [89.09547599089699, 23.962653050660915], [89.09266796090179, 23.974314340670716], [89.06053667251307, 23.984643290964897], [89.00824564908018, 24.12045676627667], [88.93602711151183, 24.131781268127245], [88.91839806082973, 24.123777211620418], [88.91929453360726, 24.134890680650173], [88.90715419549645, 24.130335013021703], [88.90792541423829, 24.117950450170106], [88.87308184830115, 24.106128634151286], [88.8784093542896, 24.120820117499825], [88.86037874632025, 24.116503612487822], [88.79311273032849, 24.135139141036483], [88.74316797136409, 24.18499022139566], [88.73447403710722, 24.20828785123263], [88.7371864507275, 24.27095437400832], [88.72420842565397, 24.297517038920486], [88.69762905844493, 24.314991093815447], [88.62864523894501, 24.3045136113134], [88.62398079042309, 24.31491657251254], [88.59952465243431, 24.310037896281806], [88.58874054767935, 24.31362347319967], [88.58701971871486, 24.323883748582226], [88.56770182946173, 24.326136280757055], [88.55525512441491, 24.292936712193697], [88.52701512536548, 24.34408666648395], [88.50792223456324, 24.342216542368917], [88.4356418128998, 24.382023626074417], [88.39491468604243, 24.3721064491694], [88.33417696077298, 24.380787318814296], [88.27475658138897, 24.43964796657911], [88.2020209673057, 24.460304585272258], [88.1734994186688, 24.493099132743396], [88.14164069370301, 24.510948107083447], [88.09648584529214, 24.557037266406162], [88.04066229259867, 24.64387492938917], [88.00888921838258, 24.66778770177957], [88.06309139243572, 24.721136703284458], [88.07516254458281, 24.76061352590126], [88.06913606622896, 24.768941077845014], [88.0783075581325, 24.76890615856812], [88.08996646302433, 24.782459850671795], [88.10645982054282, 24.78021545631121], [88.10691666772388, 24.80256030330738], [88.12410857290104, 24.82312138299378], [88.13684155079451, 24.805162632841554], [88.13269840429983, 24.836153376173392], [88.14171769753122, 24.834813391233496], [88.14516892391501, 24.851029229107663], [88.16130907223331, 24.848489827766635], [88.16272290967065, 24.857477390275967], [88.17605252566307, 24.86113474564013], [88.16564474319796, 24.864247845861648], [88.15942800309534, 24.8731663071815], [88.1637758896885, 24.878546531254514], [88.15291458214261, 24.884502043376283], [88.16879566099672, 24.893443346790306], [88.14297993412539, 24.913722551869494], [88.13801115127126, 24.935682437968726], [88.15694076582827, 24.933268027323713], [88.17096634874557, 24.950081544526753], [88.2266183688023, 24.96032073040619], [88.26253328054344, 24.915488745014297], [88.2577724313618, 24.87775199924162], [88.26679624485699, 24.877701880088082], [88.276364334047, 24.89757630809381], [88.27814591094857, 24.888092013978408], [88.30194722325594, 24.885525251874835], [88.30262228542273, 24.87198028824395], [88.32069243601191, 24.883599823642427], [88.33062108356776, 24.870260583912124], [88.34685601239421, 24.892696740111425], [88.3429096013471, 24.900014255118336], [88.33262107142104, 24.896735582951862], [88.32457310350992, 24.914477167748434], [88.33583906527225, 24.91797952971981], [88.3404013927852, 24.941037354574153], [88.36456497918853, 24.95315769870498], [88.38247254678708, 24.9386046207348], [88.39892754249311, 24.945025844769336], [88.39501221574247, 24.968004551887052], [88.40711898880619, 24.97906125028319], [88.41719902793793, 24.976738889590727], [88.41233520317054, 24.99704556484716], [88.42553440370843, 25.016957500135234], [88.43504981720805, 25.0057836538144], [88.43890070205896, 25.023111738709186], [88.45246937178311, 25.03639811472093], [88.43743788078285, 25.04410553486322], [88.43565616498165, 25.053980195809928], [88.45281881612564, 25.07819838960938], [88.44654453804091, 25.081639436256737], [88.44134319711992, 25.127819939386104], [88.45751665939338, 25.135522074862088], [88.46067662381176, 25.151486364852488], [88.45693870849539, 25.164989581508785], [88.44390673827208, 25.17358624668193], [88.44298924499012, 25.19588667320795], [88.43571204569885, 25.19957485825563], [88.44025591118859, 25.210006464909934], [88.43744226644624, 25.198813858962716], [88.46394582148399, 25.19569049933063], [88.47171628279838, 25.197890520109162], [88.47595005839098, 25.213792789460804], [88.49732646931616, 25.210308113254637], [88.49959385224096, 25.203284093145268], [88.52909101739415, 25.199041155244068], [88.53755375943206, 25.186355815351952], [88.54236426578682, 25.193772668667375], [88.55671248713875, 25.1927627397261], [88.55636481657228, 25.17847988199508], [88.56576536140666, 25.174919028603377], [88.57942432227543, 25.176597582116628], [88.59106270192974, 25.19242522129716], [88.61332910239788, 25.20379572793216], [88.64318715046369, 25.206296743576434], [88.67222511810442, 25.198242097518925], [88.6807072166056, 25.20911541370529], [88.71094849669291, 25.207663772555694], [88.73302243668522, 25.199454918424053], [88.73515221623386, 25.185037261785087], [88.74328453545118, 25.187133124399214], [88.75007492209633, 25.17704654020378], [88.77088893364991, 25.18987582750642], [88.77538459787836, 25.17915267345167], [88.80455597577881, 25.170581095029426], [88.84167098539187, 25.213657290052577], [88.85140628785436, 25.200843898394115], [88.86270502524948, 25.2019843160276], [88.86643551519319, 25.18969467598517], [88.87452063116075, 25.195949143331248], [88.87512227356146, 25.180148775675487], [88.90975149704211, 25.180464972030098], [88.91226639094253, 25.168555017867828], [88.92259542252582, 25.165181136347975], [88.93425167220417, 25.18155322104136], [88.9413385837726, 25.17390382675661], [88.94816389967164, 25.176979213819667], [88.94738736373219, 25.19402050060164], [88.93551136642901, 25.19667834117229], [88.93595631202584, 25.213316843072104], [88.90760153524347, 25.22668805223884], [88.89497297462935, 25.223204041263564], [88.89292543310847, 25.235109144345675], [88.87737786179534, 25.234019432813465], [88.88888980242135, 25.251931741563233], [88.95515496250277, 25.250282734167268], [88.9866329166654, 25.273498443239312], [88.9977771974317, 25.268833838929655], [89.00251519969068, 25.27481326796805], [89.01739391309334, 25.26440786439061], [89.02836582527081, 25.27678438783289], [89.06017035363597, 25.26035198414473], [89.07463130852801, 25.268788794290437], [89.10073618351349, 25.241454031388994], [89.1216571526043, 25.241954096274405], [89.12510862373844, 25.255469014427096], [89.13686375968256, 25.248557876146588], [89.14817912674891, 25.262073462046647], [89.17736139467354, 25.24281945101276], [89.19114105901147, 25.25130610041963], [89.20322620975091, 25.231662088435986], [89.19231367194605, 25.22276163518344], [89.18285294494834, 25.190950103031135], [89.21442701557596, 25.168408070864373], [89.21510628964008, 25.152488272472468], [89.23032872974069, 25.14542961292387], [89.25083856758876, 25.101824395714928], [89.27529730376801, 25.095217034430867], [89.29387308834778, 25.116981090006657], [89.32841620626868, 25.12206156759879], [89.34248932761989, 25.113983568412163], [89.33046453444155, 25.102031937017916], [89.36254318624327, 25.091165472476046], [89.359927436321, 25.072788089518866], [89.38530979903923, 25.052114547586907], [89.38984667259349, 25.069046676337376], [89.40252601010701, 25.0692788587854], [89.39870601180347, 25.077569442296305], [89.4129368758803, 25.08175796915721], [89.42518215214982, 25.06414852986895], [89.4315302155453, 25.07156577635778], [89.4530949166739, 25.073153233872464], [89.45074181793858, 25.056761009492362], [89.45602518664067, 25.063907445547645], [89.46462918514563, 25.054526924620685], [89.48752563939055, 25.061887101729003], [89.49380601348432, 25.051457144895423], [89.52149002783663, 25.040503584690605], [89.56947494551241, 25.038173071078734], [89.606357134944, 25.049688764602468], [89.63879534590241, 25.036423981486372], [89.64969347924537, 25.0443651543184], [89.66176313249449, 24.991173955402463], [89.67829729607223, 24.9591740294075], [89.67295399584214, 24.92563102488669], [89.6850176265351, 24.90863950304773], [89.66042473481514, 24.89634551850925], [89.68320712964571, 24.836872656008552], [89.70490206512378, 24.81678637321018], [89.7465265000935, 24.804021320152042], [89.71718923334566, 24.78346823724808], [89.73291117541044, 24.76979205428846], [89.74225344679456, 24.779483250420448], [89.75800004601724, 24.76768522848744], [89.76760520904557, 24.777941434484102], [89.78096649497532, 24.76942750130688], [89.78200088182314, 24.748641029896707], [89.79106350769919, 24.741155617122196], [89.77662633352634, 24.72565947970548], [89.79420056364336, 24.707899469212297], [89.80274831064548, 24.68484176774734], [89.78666594736279, 24.671480849123157], [89.78713275175997, 24.63153005320406], [89.7663897786528, 24.6228543937065], [89.78106582872748, 24.573299336715454], [89.7676048623024, 24.55068264680355], [89.74305639830652, 24.539119588441366], [89.74362284913276, 24.52424657482281], [89.73107562076757, 24.521365089760433], [89.75121805780525, 24.50741975963386], [89.74285143827446, 24.48125619921852], [89.75257503012554, 24.4793379585817], [89.71836200521808, 24.443970850752667], [89.73409379119164, 24.407045317313564], [89.75394744595488, 24.404812464646714], [89.76060708233084, 24.373701762534367], [89.74335156146665, 24.347153218558088], [89.76360383677888, 24.32901568653753], [89.78000499992854, 24.282722953047603], [89.774564583808, 24.235988056593655], [89.79028249725187, 24.178393988272834], [89.77202932123852, 24.163398249946816], [89.77954712902361, 24.154321315885902], [89.79641137490667, 24.156586402535524], [89.81296827226194, 24.137098207999003], [89.80961668591073, 24.108829644286928], [89.817014092066, 24.085575163435852], [89.81087839867877, 24.063129435113545], [89.77623382640158, 24.031289824938845], [89.74349070308328, 24.0271389918917]]]}}, {"id": "6", "type": "Feature", "properties": {"division": "Rangpur"}, "geometry": {"type": "MultiPolygon", "coordinates": [[[[89.74891253184204, 25.380041053853425], [89.72284787277053, 25.35623020785524], [89.7545058437864, 25.28560095011367], [89.74777301683054, 25.26120884856042], [89.75410813015992, 25.24388948706328], [89.74157713929736, 25.231238546930918], [89.70075192743496, 25.227659267224517], [89.67459730906363, 25.18429064665723], [89.67409050205643, 25.168440437423317], [89.6515806654883, 25.140472599402347], [89.65321919912932, 25.110381061756154], [89.64041093123032, 25.08669976580928], [89.65546212002003, 25.0751657280404], [89.6548710336051, 25.046244989277472], [89.63879534590241, 25.036423981486372], [89.606357134944, 25.049688764602468], [89.56947494551241, 25.038173071078734], [89.52149002783663, 25.040503584690605], [89.49380601348432, 25.051457144895423], [89.48752563939055, 25.061887101729003], [89.46462918514563, 25.054526924620685], [89.45602518664067, 25.063907445547645], [89.45074181793858, 25.056761009492362], [89.4530949166739, 25.073153233872464], [89.4315302155453, 25.07156577635778], [89.42518215214982, 25.06414852986895], [89.4129368758803, 25.08175796915721], [89.39870601180347, 25.077569442296305], [89.40252601010701, 25.0692788587854], [89.38984667259349, 25.069046676337376], [89.38530979903923, 25.052114547586907], [89.359927436321, 25.072788089518866], [89.36254318624327, 25.091165472476046], [89.33046453444155, 25.102031937017916], [89.34248932761989, 25.113983568412163], [89.33178061613894, 25.121393269443132], [89.29387308834778, 25.116981090006657], [89.27529730376801, 25.095217034430867], [89.24904126940052, 25.1031529505004], [89.23032872974069, 25.14542961292387], [89.21510628964008, 25.152488272472468], [89.21442701557596, 25.168408070864373], [89.18285294494834, 25.190950103031135], [89.19231367194605, 25.22276163518344], [89.20322620975091, 25.231662088435986], [89.19344743020292, 25.250143088635507], [89.17736139467354, 25.24281945101276], [89.14817912674891, 25.262073462046647], [89.13686375968256, 25.248557876146588], [89.12510862373844, 25.255469014427096], [89.1216571526043, 25.241954096274405], [89.10073618351349, 25.241454031388994], [89.07463130852801, 25.268788794290437], [89.06240898739362, 25.260065968931972], [89.03191631659007, 25.276271568241743], [89.01739391309334, 25.26440786439061], [89.00799565344238, 25.26897059399515], [89.00070625317383, 25.29287269459392], [88.984953795732, 25.298761526350194], [88.9842842866036, 25.305795124626712], [88.94104689449739, 25.3009653203025], [88.92959247229962, 25.304389550739653], [88.92813105672822, 25.317297109309983], [88.91453650893345, 25.314533856478633], [88.9064697200579, 25.336228435038816], [88.88802193676405, 25.33709714385854], [88.8876829538535, 25.326218383205518], [88.87934063190204, 25.33086694715529], [88.86732902355746, 25.343303656186972], [88.86921443773602, 25.352856770896665], [88.83849964021785, 25.368764138542627], [88.83754336459738, 25.402110910655068], [88.82494682874369, 25.4012906863124], [88.82317356390837, 25.409873644413178], [88.81321002794286, 25.411080233041744], [88.83035956454887, 25.417512330051068], [88.83463312412601, 25.431839856937216], [88.82606326460497, 25.4444082599162], [88.83928739601657, 25.458125197366893], [88.82972634969897, 25.490597860724712], [88.81309559353096, 25.491208572827734], [88.81110046019526, 25.522987889958365], [88.78363419033303, 25.51541382209543], [88.7601680040691, 25.525533566458897], [88.76172696182283, 25.510438705202038], [88.77194698616103, 25.50452026806353], [88.76758754240757, 25.497058867242334], [88.7436470764215, 25.487752628896082], [88.74124628119789, 25.50498673641068], [88.71268580997503, 25.495343981487245], [88.70757806188779, 25.499623976839153], [88.71047112093514, 25.480798420321666], [88.6990703775275, 25.471020292183905], [88.6486487769497, 25.478685044955135], [88.64292409960936, 25.491710045646915], [88.6486309551843, 25.495844385520567], [88.62313771676803, 25.497274189143887], [88.60697129299672, 25.509279937004553], [88.609220928096, 25.51676982441155], [88.5975761234796, 25.506533062307252], [88.5560347909729, 25.51422454387961], [88.55317712693967, 25.521297413299887], [88.5406532385233, 25.508409534767335], [88.53946901730151, 25.534835276118034], [88.5332384602641, 25.53236181505309], [88.52818602217788, 25.543319806693038], [88.52202921602054, 25.535729662479184], [88.5184039269865, 25.545840007743287], [88.50900169884716, 25.544272356766523], [88.49476055400643, 25.559141030294303], [88.49924554952648, 25.584454959746367], [88.46922150266204, 25.583800744096624], [88.45758662848212, 25.59889296439501], [88.44463062906037, 25.597106353601035], [88.44535128329088, 25.615116994740678], [88.45554243086534, 25.628788381894413], [88.45483967559741, 25.662092451226787], [88.40674771528661, 25.671261984583133], [88.4037257034137, 25.685351716455823], [88.39046196827024, 25.683909295222257], [88.3919531100895, 25.693293473329465], [88.37127504947176, 25.69685347379242], [88.37425950689429, 25.717077859198806], [88.33676791408665, 25.737827331179414], [88.32020203346295, 25.73787530787856], [88.31739069973055, 25.752413682117265], [88.26869008688757, 25.78104074653695], [88.26896831578225, 25.80781533530802], [88.24882358506377, 25.813160359519078], [88.24720339520674, 25.80558650769586], [88.23666389372292, 25.808486622905797], [88.23167110178987, 25.796811580547136], [88.21592626762117, 25.800599194381352], [88.20753648522373, 25.78708016216535], [88.19376790346777, 25.801292633087986], [88.183760945727, 25.801267255507415], [88.15113738007825, 25.775950473516346], [88.14262137016723, 25.780006354308277], [88.14475348211084, 25.79350102053834], [88.11488165198882, 25.79846987396119], [88.12026088804302, 25.812608263973264], [88.1082328266682, 25.81438341171682], [88.11159106683701, 25.82123631560153], [88.10208086248053, 25.83000118966718], [88.10845285555834, 25.835756669681004], [88.10222493206275, 25.84421891781798], [88.11399028986267, 25.852891481239787], [88.11183351692287, 25.867074221080205], [88.10314728123527, 25.861316813402574], [88.10263967936467, 25.871291758456344], [88.0943529325109, 25.873896315310713], [88.10316600552049, 25.889245936738664], [88.09077393622694, 25.89664956181114], [88.09386432656355, 25.911027773247092], [88.08642203489572, 25.916107176456777], [88.09686339424229, 25.933361928185445], [88.11156459977406, 25.933483823007858], [88.12256326949785, 25.948089684638415], [88.11562158855729, 25.962287992902805], [88.12482080755825, 25.96680472230965], [88.1195412866569, 25.971178586110927], [88.12828334836796, 25.976552383712143], [88.13022203790052, 25.99686773970417], [88.1431003446998, 25.999407788773738], [88.14026221147003, 26.012486330463286], [88.18304354654677, 26.02738067933363], [88.17152046714988, 26.03149549161778], [88.16996424234699, 26.046399107855084], [88.17982777624259, 26.046314459291814], [88.1758129759723, 26.058480716891758], [88.18597569668964, 26.063430906644264], [88.18322063736548, 26.072922568469664], [88.16864546016477, 26.08402822011801], [88.15868776256637, 26.08072793614275], [88.16563659272913, 26.088254651938886], [88.15889209732269, 26.094894329487456], [88.16348406301181, 26.10716290338923], [88.17868980769705, 26.12382997288471], [88.17767829242116, 26.148666585219743], [88.19583955793378, 26.152375718310456], [88.19695406357746, 26.164132045045147], [88.20615060012602, 26.15950440057157], [88.21595071253917, 26.163294528143094], [88.21401075096503, 26.170226896335475], [88.22762911311926, 26.1689390743363], [88.24193843764739, 26.189087505163883], [88.27436535296084, 26.187858085600485], [88.28481999236391, 26.199478648719804], [88.32494133444571, 26.204979746094054], [88.33145511420813, 26.21705442831081], [88.35079792550489, 26.220459779323097], [88.35895279749644, 26.240568413618476], [88.34845790455296, 26.249846683480932], [88.34961149937173, 26.283244478755957], [88.384971952256, 26.314228583127214], [88.41486834394759, 26.31579276632751], [88.41525983085724, 26.324724050107346], [88.4042390887133, 26.330074049236835], [88.41427368821805, 26.33747728184281], [88.43545378478149, 26.336166414949286], [88.4579468254652, 26.37725720899708], [88.46278688183263, 26.358233691896555], [88.47729602230774, 26.35784252779882], [88.48346161570856, 26.349941158344542], [88.49130175264654, 26.350971838375198], [88.48873429666884, 26.360566998174612], [88.50781642362998, 26.362737932404062], [88.50628905417605, 26.348926174653137], [88.52356502895887, 26.36104035354489], [88.51595300051521, 26.366318986095333], [88.52455204709418, 26.375742961512167], [88.51842071158012, 26.370844797079624], [88.51369481143273, 26.37769344614535], [88.51988608460083, 26.389374401664284], [88.51248942390676, 26.388318215449885], [88.50532506273862, 26.399565219045], [88.51090936250309, 26.405756535962905], [88.4955023522442, 26.40945174345623], [88.50209254560384, 26.417464552278908], [88.4944409665375, 26.41661573035576], [88.49723905193137, 26.424571290977767], [88.48895705623298, 26.430130667582524], [88.49588923689545, 26.43495053112281], [88.47865686010522, 26.45260291486315], [88.48527399352403, 26.460581238105746], [88.43888033451486, 26.465265046797487], [88.42890337617867, 26.473324167065954], [88.41989952223625, 26.466157620319514], [88.40459094471319, 26.48645822889812], [88.38873725976329, 26.47888071615649], [88.37311544854587, 26.48932446799201], [88.36092388869098, 26.484097666970857], [88.36568552582526, 26.471485596483063], [88.35396258123748, 26.445874316071766], [88.34905177503597, 26.46562074535805], [88.3321308598076, 26.482248158324268], [88.37163187048476, 26.561148600916823], [88.37684378425547, 26.595436707181847], [88.39910694418892, 26.60351078256808], [88.388164621751, 26.611026334224558], [88.39896222460976, 26.626674124121447], [88.41633193936312, 26.63162642686276], [88.42167944963735, 26.570383022077277], [88.43282316198838, 26.548073610545803], [88.44831958682825, 26.535689160083148], [88.45653539395673, 26.53662183809104], [88.45946095803946, 26.547605222605103], [88.4849889749178, 26.54122014224289], [88.49046102826442, 26.51052149297945], [88.52097203925929, 26.507963056697065], [88.52357706476526, 26.487380361655028], [88.53189619541487, 26.481007002727214], [88.55688452949084, 26.484162462388422], [88.55355144994, 26.475292448652915], [88.56057728654832, 26.472873535329406], [88.5629067397661, 26.457271370702834], [88.59326927990625, 26.4497466099542], [88.59734380029472, 26.470877014072464], [88.62276455805556, 26.47031195846607], [88.62444566641307, 26.43444116750912], [88.64957271887, 26.429058691886937], [88.64658959962983, 26.418244476487057], [88.67080291053973, 26.406909112587357], [88.6838305535671, 26.412882500403384], [88.68784373246208, 26.400755348199162], [88.67089840925232, 26.39778052224346], [88.68987903329077, 26.395046324147348], [88.6888042117572, 26.386644983446622], [88.70238590161486, 26.388369547493834], [88.68183564290014, 26.378771783287863], [88.69636949243663, 26.36212576298837], [88.70386898105927, 26.334042677519637], [88.73505583669768, 26.34889893334828], [88.73301222865196, 26.353989091980118], [88.74828743366831, 26.353434427399808], [88.76133768547302, 26.33319722489324], [88.75758017246072, 26.29527896221399], [88.79370952664894, 26.309866103739438], [88.81929151212105, 26.29456378696315], [88.81039408656332, 26.275634581566226], [88.813087511519, 26.25481599401422], [88.82908813225102, 26.250286971842968], [88.82748887770987, 26.240726924770946], [88.83973949343013, 26.231905686661467], [88.87831735264908, 26.233537469112406], [88.87787742161231, 26.24266809329518], [88.86222612264888, 26.251289663635763], [88.86119954876156, 26.271946020315124], [88.88294292595515, 26.286858697579113], [88.9250626826835, 26.283831913600636], [88.95339304611043, 26.242871254744266], [88.96501911608375, 26.23933779114273], [88.99240950697728, 26.24601397745922], [89.04836683550968, 26.240792586065393], [89.05233826567334, 26.255663923319034], [89.06302200811554, 26.2538379613614], [89.06332990404402, 26.269868965420912], [89.05444971735626, 26.27695987552587], [89.0626286331028, 26.278354860100123], [89.05943789596998, 26.292903642345195], [89.04625251220338, 26.295202456128347], [89.04540072776378, 26.275058112004185], [89.04110606282694, 26.285548573574808], [89.02120120501792, 26.28824921957355], [89.02698515203356, 26.305081426656457], [89.02197857005719, 26.309005337310282], [89.01473464468839, 26.30002806594693], [89.01817698822555, 26.289367308111927], [89.00795374601863, 26.304519944738697], [89.00024288891665, 26.290471947914135], [88.99726691306698, 26.299089374606805], [88.98457518718845, 26.301003335700507], [88.98483942260228, 26.317237578915748], [88.99605290237083, 26.31247039715023], [88.99142395229212, 26.321437219601357], [89.000442154711, 26.328067025579877], [88.9862233611758, 26.3320340043752], [88.9811532231167, 26.339601832917786], [88.98940961311169, 26.337658763501665], [88.98699584853281, 26.348033648155006], [88.96089046493285, 26.35020822535003], [88.9574573593658, 26.329511833509972], [88.95211814534042, 26.33818545923065], [88.95841495951379, 26.342860757138315], [88.94634226356098, 26.344537007192365], [88.9583603192992, 26.360951873062305], [88.95107738572887, 26.365463765662284], [88.9464952566843, 26.354853225072223], [88.91142081475897, 26.36696729055798], [88.92190864816506, 26.376870158253624], [88.90912533587057, 26.38064369526884], [88.91664877951563, 26.384032323133994], [88.9185447206581, 26.398273204521455], [88.90593302917425, 26.407537508769735], [88.92689368585775, 26.406524849704688], [88.93149050158145, 26.414935382025945], [88.92403767831493, 26.422819987749108], [88.93344163376997, 26.425834832645506], [88.92666132678781, 26.429798908839913], [88.94465685947837, 26.42457168891998], [88.9513270058552, 26.434691424022322], [88.94723048257958, 26.44626621552279], [88.96516517992345, 26.45018013314257], [88.9591545340028, 26.4578800408715], [88.98392156652073, 26.44511377713354], [88.98118446840769, 26.424123378290737], [88.99628389629368, 26.411269713438163], [88.99422301589178, 26.423709525860723], [89.02149319573299, 26.414306452056508], [89.01984978270377, 26.40469781896448], [89.02967369179514, 26.407507789775003], [89.03699543286963, 26.39477838687045], [89.06302793982977, 26.40123064428272], [89.07480580983687, 26.391080613728274], [89.0838171344528, 26.39832148077716], [89.08258967121739, 26.390389240727202], [89.09349210273781, 26.393549919940757], [89.0890599404807, 26.367844082413633], [89.08042281588453, 26.362721504171954], [89.09830103237258, 26.359454471506133], [89.10021627737393, 26.33823646631099], [89.08370855387014, 26.3213027935492], [89.09851861132424, 26.32907962635697], [89.11311399056703, 26.318566871899435], [89.13641585671913, 26.320151466205782], [89.130091190995, 26.312764302154918], [89.13625491981897, 26.30795135533312], [89.12576175424022, 26.30466898858183], [89.1329219315995, 26.29892944659961], [89.1215213751806, 26.287408083351632], [89.10634649345917, 26.316344392062113], [89.1006012356852, 26.279543019816337], [89.12496604455524, 26.263860857474292], [89.13157201811612, 26.239685324332424], [89.14041673032052, 26.235721176387678], [89.14832608896083, 26.20958358408098], [89.13442094409, 26.18223630759879], [89.15635742222166, 26.16138242665315], [89.14952041096257, 26.152319325084722], [89.15504238119004, 26.140194128806677], [89.1920638941548, 26.123254434855298], [89.20246161907578, 26.12861191718649], [89.22870024741357, 26.123489553849883], [89.2408871589844, 26.104257577941453], [89.25173071991384, 26.101736383595536], [89.25140645609724, 26.092536664716754], [89.26618382813652, 26.089659998721654], [89.25464284521297, 26.06496374661353], [89.27038645942083, 26.060611314108634], [89.2806762208187, 26.066525831578108], [89.27808416069706, 26.049383025214507], [89.29976560139275, 26.051041134945358], [89.35658407252586, 26.008464367992662], [89.39257833909005, 26.0084868687461], [89.39173101070207, 26.023057022300517], [89.40735535556672, 26.031794263713998], [89.40672348559349, 26.04160735931979], [89.42575639620577, 26.04578594708537], [89.43344065360068, 26.03715241493902], [89.43216959165665, 26.01134987636579], [89.47753398460515, 25.99707064180436], [89.49163278946483, 26.006045587825838], [89.5390844291058, 26.006274035610705], [89.54845306919324, 25.99828632932541], [89.53608880208087, 25.990460194079684], [89.53908331631354, 25.97197854978623], [89.55737973385422, 25.96523906153005], [89.56664351091042, 25.980551670940194], [89.56848924285273, 25.96814858727367], [89.57772522655581, 25.968458005346523], [89.57574939758666, 25.981538631133677], [89.58539651378206, 25.975488423713106], [89.58689153190186, 25.980507613061782], [89.5782885119282, 26.026410326052346], [89.58389026950734, 26.025015104704202], [89.58682246286195, 26.038796651253765], [89.596440823532, 26.037346350739416], [89.59186132471399, 26.044772835777458], [89.61266577686061, 26.053004826629195], [89.60488668874463, 26.06422741436502], [89.6177069701865, 26.053943239399086], [89.6499993214325, 26.066415577363106], [89.6356004225043, 26.07617435100384], [89.63918986275253, 26.08954560827174], [89.62715488024409, 26.107969935729386], [89.62178952663798, 26.10067242547331], [89.61399814705958, 26.103691389018064], [89.61670711254982, 26.094594469420635], [89.60976457372598, 26.095890799321392], [89.60854715414334, 26.088156424643255], [89.59406295107947, 26.100586335244586], [89.60072851548745, 26.105243350814828], [89.59710021856311, 26.11311442908328], [89.61486736614108, 26.107293717585062], [89.63004670766597, 26.118630101852464], [89.6240496991021, 26.128804518521193], [89.62009071757487, 26.120090712095262], [89.61161796698912, 26.127604477897787], [89.60339837471217, 26.117873005217835], [89.6068391323437, 26.12468455168337], [89.59594649153338, 26.135041288847777], [89.59791674966016, 26.152693423545287], [89.59116612933849, 26.15735681332025], [89.60928003736633, 26.153822354495965], [89.61879486872824, 26.167326748579928], [89.61127358686647, 26.168157110236073], [89.61514106565063, 26.17911132170509], [89.62286165677136, 26.178849020516143], [89.62362721560476, 26.171059643258893], [89.63575178831086, 26.17863672683271], [89.63178597633764, 26.172195893551415], [89.6491241394616, 26.164729968796458], [89.65539795801348, 26.181019812112932], [89.62854306542201, 26.18287856079759], [89.63217610337463, 26.19554900980376], [89.64311006170057, 26.184879350484586], [89.64997515118074, 26.19000919998941], [89.63270662326735, 26.21108284930513], [89.63376528397276, 26.229138360118704], [89.6710778743985, 26.21955965590161], [89.67872574874299, 26.237932843374118], [89.68871142374462, 26.22166329346975], [89.67882320006147, 26.223872402471077], [89.6791744331012, 26.214441271110672], [89.69166761784658, 26.21247927883918], [89.6728195912933, 26.202056473023156], [89.69938173374943, 26.174240103755903], [89.6811465744864, 26.16408771561169], [89.70082707270338, 26.151339486598552], [89.71449065821415, 26.168758283088106], [89.72874024802945, 26.15742430120655], [89.74781509752661, 26.156781741948038], [89.76626497113061, 26.127913394814367], [89.75668263634745, 26.107840314186998], [89.77898985843242, 26.107629601969457], [89.7857740205383, 26.101566218100153], [89.78348236226324, 26.082836237209456], [89.7937197280713, 26.08836389958697], [89.79031993455595, 26.075496107773105], [89.79676400813169, 26.07552507788608], [89.79851320180427, 26.059422918286174], [89.78586832366557, 26.05678269644351], [89.7886835596752, 26.04904548782651], [89.77492206329055, 26.036232855813285], [89.80107686888732, 26.040180577177136], [89.79111055922347, 26.017442955603038], [89.80502935154867, 26.043683889243802], [89.81202375181412, 26.039930548253793], [89.82179294356266, 26.009724567377063], [89.82120545308932, 25.997817963010878], [89.81490482478756, 25.998220896635388], [89.82010356145432, 25.987739250671854], [89.83643925954394, 25.98273237532331], [89.83490137332795, 26.01217198335352], [89.84990505305058, 25.991280220911722], [89.87089458563014, 25.981711848823114], [89.86904421240332, 25.972887961778163], [89.83863524144745, 25.967263787304468], [89.84760049038934, 25.949818083057114], [89.83156728618053, 25.95504050802568], [89.82565977859056, 25.945689227159313], [89.84516692919021, 25.940208202892862], [89.88685252712753, 25.945533234678425], [89.87735721094796, 25.922482720673873], [89.83229613643391, 25.87054046259633], [89.83498510396504, 25.842505790609266], [89.81693194618977, 25.81468730536342], [89.82637029218502, 25.810967193685247], [89.84140848782292, 25.759325175456777], [89.82680714687592, 25.739636280485318], [89.82782286123539, 25.728618377933937], [89.8497029334783, 25.713571140891073], [89.8479992554353, 25.69251647919288], [89.87128460411938, 25.662113031021455], [89.88240054736765, 25.62024706166252], [89.86621648551228, 25.547081255175414], [89.85202641196409, 25.538271384981964], [89.86062288131947, 25.5178845046331], [89.84877312663451, 25.49010680921166], [89.85212434715382, 25.465674182676906], [89.8350668404055, 25.443790221111623], [89.82531570754212, 25.414127602251252], [89.77128455107591, 25.432437447561313], [89.77431953166854, 25.415963046881135], [89.78392735649679, 25.410299502843742], [89.78093829182484, 25.389429876709308], [89.74891253184204, 25.380041053853425]]], [[[88.92278681549928, 26.334702491240897], [88.93774596281304, 26.334401652585576], [88.93540757495502, 26.31560776463346], [88.95127491182922, 26.316636010376854], [88.95255085035446, 26.303351306750095], [88.96350200604465, 26.302902682325374], [88.95981106596325, 26.294724820177645], [88.98241474426443, 26.30066976692204], [88.9804317072779, 26.283094948058444], [88.95214815279907, 26.27438796464409], [88.93518583309202, 26.293145875431406], [88.92357848333226, 26.295228374766783], [88.93011267575176, 26.304086301983126], [88.91857241278758, 26.32578896558821], [88.92278681549928, 26.334702491240897]]]]}}, {"id": "7", "type": "Feature", "properties": {"division": "Sylhet"}, "geometry": {"type": "Polygon", "coordinates": [[[92.24832487772079, 24.831509449241857], [92.27138341470533, 24.828482615851883], [92.27276640829714, 24.80169566590011], [92.28856095478527, 24.78510072433821], [92.2809603273175, 24.767720725124093], [92.28791493371752, 24.76014951287175], [92.23676794919542, 24.597513125875142], [92.23014322572341, 24.500610045124066], [92.20941434143187, 24.504543348541436], [92.17023401590808, 24.531506455978164], [92.16013050060546, 24.52867304282828], [92.15131694387179, 24.49151200206185], [92.16873631060315, 24.4217063938795], [92.13821902283433, 24.425327565977412], [92.12152631246347, 24.381951826227994], [92.1039638660925, 24.38342232244239], [92.09270169599031, 24.373054093026386], [92.0462071750675, 24.375550620980263], [92.02114962074695, 24.387065515322387], [92.00793587044323, 24.38197220016715], [91.9978550487032, 24.39450519702872], [91.98645528895528, 24.37724416224562], [91.97304566201994, 24.384308570216135], [91.96740796248953, 24.379582775144865], [91.99847542174814, 24.336174535381566], [91.99604882084374, 24.321545100956005], [91.98276204569004, 24.324193046912995], [91.95692470609394, 24.356473265888695], [91.91982342888988, 24.336834308026084], [91.94127293969801, 24.268266218192597], [91.91016793946339, 24.14165874786875], [91.88458541606416, 24.139234293902806], [91.8721359653501, 24.174532566352752], [91.84220842587538, 24.200338562571616], [91.85427857328584, 24.211557275111456], [91.84967289670439, 24.223466012356404], [91.83696767712772, 24.225079733578653], [91.81493077711865, 24.21011490502258], [91.7447107708362, 24.246844950362195], [91.76163202266454, 24.143826601742674], [91.73029130655794, 24.143006836485842], [91.68437234487193, 24.169666125405737], [91.66636359016685, 24.233420640670417], [91.64781960271085, 24.217181407055705], [91.6596500284085, 24.187695007086813], [91.65590063882534, 24.17580600921005], [91.64654597521903, 24.1789711899512], [91.64480555054371, 24.154095258477465], [91.63467953315734, 24.138160585022156], [91.63842334927011, 24.104640540275874], [91.61082131756673, 24.092724579207697], [91.59474856428936, 24.097322262538995], [91.59711418840959, 24.08000649117556], [91.58948371298794, 24.076011252730417], [91.54345454350474, 24.074048553238597], [91.49628603859071, 24.086823697570864], [91.49267691771833, 24.096864396845547], [91.44441230088023, 24.096711255726383], [91.42779540475182, 24.107840925112573], [91.40107211423839, 24.110877570074102], [91.37483939403174, 24.107476049382853], [91.37688203675097, 24.080729166803344], [91.39694087406781, 24.046397472109188], [91.37411942627112, 24.004907712493345], [91.3802617254436, 23.981135990360908], [91.3748557422283, 23.975260462483078], [91.36193204667458, 23.98555889149318], [91.34235170438517, 23.981647945364543], [91.3318494357815, 23.99134420168187], [91.3147702922371, 23.989775175697176], [91.29378150539594, 24.00371376470009], [91.29510205592602, 24.019072970172], [91.30588473114184, 24.017908487193335], [91.31115373780766, 24.041523367104162], [91.30116713868178, 24.06100368603376], [91.28542753699223, 24.0627650667609], [91.28891321440454, 24.097914833254602], [91.26620063790116, 24.101985632682904], [91.2691276946776, 24.1149859010608], [91.2888923813052, 24.12156632364781], [91.26840707234592, 24.128031089891117], [91.26860547838179, 24.143964084529873], [91.25948888341192, 24.14616462285832], [91.27380138258992, 24.165527770806644], [91.27435073345445, 24.18070818499038], [91.30187615150525, 24.194094247560244], [91.31284121855523, 24.19069613749722], [91.31108156129534, 24.206286098642632], [91.28063394066986, 24.197497596934298], [91.27354488845572, 24.203582680147523], [91.28160826177223, 24.220779249113406], [91.29356946159378, 24.21512601734172], [91.29563752362962, 24.226893836461855], [91.30440712454538, 24.2236740766041], [91.32274296473281, 24.233718031830026], [91.32251166236728, 24.26343466931961], [91.30084232061236, 24.26742453995589], [91.28449874361296, 24.248596599187028], [91.2857685442869, 24.227205530204138], [91.26065604517098, 24.225893902525847], [91.19074693928943, 24.24217702041029], [91.1745053477747, 24.264017718113212], [91.19128165019511, 24.27888383468883], [91.192392962328, 24.293709152407445], [91.15709033550377, 24.283428550856495], [91.17265821945942, 24.32157799226035], [91.23313387484573, 24.317220701587633], [91.23486839164056, 24.33185245989073], [91.21210951743382, 24.362127523303773], [91.21594047630103, 24.37049017225194], [91.22974887046725, 24.368065828105973], [91.25266730658345, 24.382370905594936], [91.23534196118023, 24.4094792582834], [91.21614947978603, 24.41363685524753], [91.21428175090657, 24.426831279399103], [91.23632012073394, 24.426180972589457], [91.2394689498997, 24.434385873371983], [91.2251464947032, 24.48107298220132], [91.20993397366985, 24.481899403884583], [91.21857978583044, 24.46884247731042], [91.20112652061391, 24.47493497395334], [91.18359786961015, 24.452967200033843], [91.1818284860258, 24.46772335041269], [91.19274316248212, 24.472889950343063], [91.16618931035264, 24.479541637579633], [91.14844829662752, 24.475051079335003], [91.16974193492032, 24.498786959189584], [91.17791315559161, 24.484794474404698], [91.18513927966397, 24.49089955304226], [91.21174098237127, 24.519993768765364], [91.23184485285091, 24.564703700955576], [91.19597571200289, 24.582034074244902], [91.20281334833736, 24.590907784291044], [91.19958576051565, 24.603018919116288], [91.17660663307512, 24.611433741489947], [91.17408005662485, 24.62587324594811], [91.19307571223608, 24.617087407594557], [91.19306818052047, 24.625465894395088], [91.20256243899952, 24.62529094955505], [91.20457923009249, 24.64174375291414], [91.2196801053765, 24.64199223241103], [91.22837618877315, 24.650624841921548], [91.21753826181904, 24.665256181108703], [91.23659304615389, 24.668284795868484], [91.23721092467113, 24.68358410600992], [91.21743225896643, 24.69148633636657], [91.22641547744253, 24.701141495618323], [91.22151427636474, 24.716817157234544], [91.2051267165341, 24.70175193503778], [91.17889335522551, 24.717057736151332], [91.16070176326959, 24.708653594595326], [91.15697906544625, 24.715847870647284], [91.13971340022019, 24.716072046488907], [91.15060475132127, 24.72353877447086], [91.14629134604183, 24.736779712880303], [91.15368544489903, 24.733297701919227], [91.15773422145384, 24.74049632980075], [91.1359110810373, 24.754314256527138], [91.16039128805659, 24.757502270808946], [91.15909578831621, 24.766558878458373], [91.17297262141207, 24.775637914613696], [91.15809811039868, 24.78381145333119], [91.17309120733191, 24.80586428087687], [91.1712804128412, 24.824176324116504], [91.15487287633051, 24.833050778141835], [91.14406722763141, 24.8193843116907], [91.14720612036514, 24.811523201846292], [91.13304260094331, 24.801360987338622], [91.14638736884424, 24.786703780011216], [91.1305175483285, 24.784523461640923], [91.11435298023883, 24.80748728193984], [91.129505433114, 24.83322486011849], [91.11474534291025, 24.84144705276949], [91.10243383918673, 24.878675130621048], [91.07978444721707, 24.894636800770304], [91.04281393455156, 24.899855130986776], [91.02948412166856, 24.87788946383866], [91.01510870349068, 24.890448095226464], [91.00122286651292, 24.886576442957015], [90.98969766509747, 24.90792832534265], [90.95381066190274, 24.908666706169353], [90.95266222908413, 24.933498096441248], [90.94592609923714, 24.9330420698675], [90.96675505812591, 24.941499130292083], [90.97071892508325, 24.95369876691877], [90.95955103620149, 24.967632727117678], [90.94274526661131, 24.97143068482041], [90.94635192471388, 25.00063114597277], [90.93301420825584, 25.01693220990266], [90.96369545982444, 25.03493420708564], [90.93247192971697, 25.043283268350653], [90.93030058170677, 25.076122549815988], [90.94507456073822, 25.0793229960021], [90.95767844398269, 25.068990070344682], [90.97371227922638, 25.073637351198602], [90.9709719324376, 25.09168972893074], [90.95003688474256, 25.109294206637273], [90.95638423411356, 25.120281512480286], [90.95369348833768, 25.14826074677869], [90.97116412416494, 25.155217238857247], [90.96511333789238, 25.17240384388439], [91.0201209589284, 25.188323356614223], [91.07175350681423, 25.191983954716818], [91.07274738457512, 25.198663374448532], [91.12976324557899, 25.193769657294624], [91.19957049990163, 25.201728727038425], [91.250946747163, 25.19484807652827], [91.26841782727185, 25.206079793520736], [91.29183891870674, 25.192691249978555], [91.28624656620585, 25.185105030684202], [91.35396392469627, 25.17142242924248], [91.36186369416622, 25.17784595132197], [91.39887319341243, 25.16493941031998], [91.41532358435529, 25.170661019564328], [91.44047019434375, 25.150668945785565], [91.46867576009093, 25.152066785684685], [91.46455944173258, 25.135900960304664], [91.47272030424901, 25.133904208783292], [91.50013338453468, 25.13579331259765], [91.51056119888091, 25.147901816325508], [91.55687516717862, 25.14969009994829], [91.56348859737977, 25.160841503798398], [91.5764285393117, 25.159969560742685], [91.57748294784685, 25.17204497562137], [91.61016908557023, 25.177129312590324], [91.61548899182557, 25.170688660712898], [91.60039931128013, 25.15969712926664], [91.60293674475653, 25.14121732225489], [91.6206741037374, 25.143906699865276], [91.622460075491, 25.130113964427675], [91.63728280128348, 25.122580748664664], [91.6573308616568, 25.13194960262441], [91.66494432330904, 25.128359482469648], [91.67099600884528, 25.138252612296647], [91.6907465100596, 25.1374060993442], [91.70378426822842, 25.159661774133774], [91.74757303631603, 25.140037393815224], [91.7444572451506, 25.170270235516096], [91.75585371992489, 25.177377198239665], [91.75928019229713, 25.168475896301906], [91.77589741758064, 25.163289379952975], [91.82714926978261, 25.177852332300027], [91.86107458728682, 25.172878873293175], [91.93100106957633, 25.181293162885815], [91.98108726696074, 25.172120262429804], [92.00426017943292, 25.186066914142064], [92.0263920931364, 25.17869247637043], [92.0631175926117, 25.18680071105392], [92.13321245711234, 25.159578659839305], [92.13989513322063, 25.15344602576088], [92.13472348513247, 25.143430289502028], [92.14562939631939, 25.139656272573546], [92.1364287036846, 25.139307475620093], [92.16376615841884, 25.135993796566275], [92.16087451871525, 25.12625261327241], [92.17865759816895, 25.126059871444934], [92.18189032304758, 25.118821913794193], [92.18958704959684, 25.136390622131394], [92.19418784376444, 25.1262137473605], [92.22138313110926, 25.115803036202905], [92.20075405974613, 25.12011529468387], [92.19634173335362, 25.108041518235996], [92.22044495206939, 25.104486421025157], [92.22663585352976, 25.09463127679958], [92.30944281280046, 25.070106199886094], [92.33210997687019, 25.079644406898844], [92.3478789004165, 25.07464339453604], [92.34089840875652, 25.049700944115955], [92.36322624029404, 25.050006694772748], [92.36958623672416, 25.042021035860213], [92.42636400779173, 25.029284268962776], [92.41682032949564, 24.989955947043846], [92.42299339673622, 24.987724258800665], [92.42060809952349, 24.967062109292154], [92.45927667129324, 24.970473377472175], [92.46936528991961, 24.961616773095002], [92.45239096890248, 24.952196353131168], [92.45006610384291, 24.938682891826364], [92.4886333347192, 24.94628787218151], [92.48483274409344, 24.93005093407485], [92.49802012468017, 24.901530440372216], [92.4927940875613, 24.87457067156033], [92.47540034086491, 24.868095950569685], [92.44575558243855, 24.872566808397107], [92.4391374897653, 24.857809352479826], [92.42553033041197, 24.852912708092706], [92.40565898936805, 24.85904868490824], [92.40211260798606, 24.85007062030475], [92.38661560727316, 24.85148177862641], [92.37483927356621, 24.8724812349248], [92.36299766851724, 24.872182908731094], [92.34823219510227, 24.889405235572987], [92.33893360521327, 24.87832307584585], [92.32615595950642, 24.895532557118955], [92.30722020913907, 24.900197211903524], [92.30050993439272, 24.91435234453276], [92.28159296659109, 24.906069529449088], [92.24692906953959, 24.908888172706995], [92.23230490153475, 24.900036494376593], [92.24702083378405, 24.883591034353042], [92.24620418722247, 24.866376872329482], [92.23540471744776, 24.861434881346817], [92.24272693758358, 24.840188234816946], [92.25383256864174, 24.83836976361284], [92.24832487772079, 24.831509449241857]]]}}]}