{"type": "Feature", "properties": {}, "geometry": {"type": "MultiPolygon", "coordinates": [[[[89.25838154540445, 21.697478599854797], [89.27601648620535, 21.696129374524137], [89.28991239034764, 21.692946658050122], [89.29381951729263, 21.68874735739474], [89.29438420180699, 21.6868039648427], [89.29400622179116, 21.679751808917963], [89.29137081613479, 21.677265980337918], [89.28641700689349, 21.675079307080964], [89.28148633973652, 21.668252267537497], [89.26495224898453, 21.665705292666843], [89.26397519437522, 21.662607516846805], [89.26432188811098, 21.659515604911345], [89.25737581657587, 21.65886582847087], [89.24581151294234, 21.655410841744377], [89.24119015676034, 21.653224356290618], [89.22564629626258, 21.651606042642907], [89.22167075041388, 21.65251546248634], [89.2150559416836, 21.651865762291717], [89.21207130083154, 21.653088775016855], [89.20873707198217, 21.657713197609713], [89.20672634432694, 21.662343873707574], [89.20836557366198, 21.665135688641207], [89.21133229900904, 21.66731522941822], [89.21329598215732, 21.671345962638572], [89.21526981569633, 21.67352072728152], [89.21919130272184, 21.6828194776498], [89.21982646023667, 21.68777215738324], [89.22408600989235, 21.695834961324184], [89.22704483337625, 21.699655625051978], [89.23129377622138, 21.70137637571074], [89.23240908926738, 21.70047359090614], [89.23354292410211, 21.696068378005723], [89.2353589118597, 21.69387153068771], [89.23744767184868, 21.692583869554433], [89.2477347632935, 21.689517655771112], [89.25161786264356, 21.69018372047868], [89.25355277481502, 21.69174917769498], [89.25658316496752, 21.696302852481292], [89.25838154540445, 21.697478599854797]]], [[[89.33088370902867, 21.70328392203768], [89.33270836046822, 21.70520630545369], [89.33417797028179, 21.713980747208645], [89.3374943925887, 21.71994070347582], [89.33975908027844, 21.720050534149888], [89.34096441088131, 21.715922902590407], [89.34378982616411, 21.71129800784883], [89.34779192226237, 21.708794025167006], [89.35072302300352, 21.7045722992998], [89.34686259440113, 21.699618363845502], [89.34460049843716, 21.699004690597906], [89.34449812397874, 21.697794790726416], [89.33986756175734, 21.696264553510098], [89.3359846253182, 21.69634984263617], [89.33403829038738, 21.69745074037865], [89.3320830941827, 21.700466609114194], [89.33067825554724, 21.70106569037426], [89.33088370902867, 21.70328392203768]]], [[[89.24572096712137, 21.729721854630885], [89.25512608427702, 21.736639557485876], [89.25763066309266, 21.735612984281833], [89.25712526645079, 21.725881565934063], [89.25980815298504, 21.717072645069496], [89.2595397886629, 21.715255537157713], [89.25458241984275, 21.70744991988544], [89.25514770755797, 21.705506682043602], [89.25807202660133, 21.703703602169217], [89.26362765059116, 21.703079871362213], [89.26557734134337, 21.70179123664417], [89.26391649112674, 21.700875914753176], [89.25504010683443, 21.699409403105324], [89.25227891677571, 21.696542957243143], [89.25035372237883, 21.693032030883103], [89.24910664544946, 21.692637064076198], [89.24062846090055, 21.6948036961869], [89.23714888566639, 21.696603915994167], [89.23488645139678, 21.70450645625119], [89.22863536910774, 21.70538543962554], [89.22645048238215, 21.704428912367163], [89.22634514077906, 21.70667260575016], [89.22830644571583, 21.71132172463736], [89.22426375024544, 21.724450042558225], [89.22323073004664, 21.731869424131784], [89.22021747891216, 21.738042060464874], [89.22158048666444, 21.74199109417762], [89.22762240499914, 21.73910780758192], [89.23181031283627, 21.734846722586315], [89.2354563301074, 21.727988196073817], [89.23852647936728, 21.72501903337047], [89.2404719181514, 21.724638641117394], [89.24227254623625, 21.72542525157825], [89.24572096712137, 21.729721854630885]]], [[[89.28606002718263, 21.747464625737084], [89.28973279504767, 21.741293565716497], [89.28978143455947, 21.73139461805928], [89.28912974296766, 21.729226389214812], [89.28655249491563, 21.726919158938824], [89.28642404845664, 21.72484295186687], [89.28504016929809, 21.72392902772881], [89.2838254775867, 21.71691873014931], [89.28066544646495, 21.710289316090176], [89.28165121610127, 21.707439846058158], [89.28138130391781, 21.70588193351341], [89.27806160939285, 21.70353239647755], [89.2689010186906, 21.7033626660545], [89.26486563952767, 21.705290604332767], [89.25764412163093, 21.705906922910895], [89.25722182842867, 21.707072724888782], [89.25693886365296, 21.708109280920457], [89.26038269547455, 21.71331324020786], [89.26120239871005, 21.71591145648954], [89.26090353936878, 21.720061135859442], [89.2586416806489, 21.72796400358909], [89.25930346499126, 21.73432319860517], [89.2581793904308, 21.73691271944453], [89.25720427674855, 21.737556844789502], [89.25415229825614, 21.737024215548967], [89.24792284372276, 21.73349354021092], [89.24488115282557, 21.731015019768524], [89.2408824473042, 21.725807928299407], [89.23949544930286, 21.725542111735713], [89.23726449612786, 21.727348036896238], [89.23026314179504, 21.73860119749355], [89.22280117102353, 21.74359194572965], [89.2220237213786, 21.74744847410887], [89.23282293028271, 21.75333644649266], [89.23768335108196, 21.753229039581473], [89.2471078252838, 21.756644807120423], [89.25349939067205, 21.75589568533413], [89.2597355598293, 21.758388379494104], [89.26473319487448, 21.75866983643781], [89.27613123402361, 21.75638528049428], [89.28225912502641, 21.752779877572554], [89.28529219521272, 21.75062842525652], [89.28606002718263, 21.747464625737084]]], [[[89.26869287400689, 21.826660642722157], [89.27249378408867, 21.816818784624598], [89.27369919613689, 21.816347533185038], [89.2801378041726, 21.80621411919454], [89.28785740979906, 21.785831131442407], [89.28855967610212, 21.777791048039447], [89.28763487804106, 21.763866818841343], [89.2899815817018, 21.757999203799855], [89.28806867284212, 21.755084739777114], [89.2841864973844, 21.7561608679031], [89.276250094566, 21.76040721638794], [89.2620789303844, 21.761771475485542], [89.25362298676595, 21.758879544641413], [89.24528780024433, 21.759490509600038], [89.23725115654199, 21.75621062493422], [89.23197319921809, 21.756445664706042], [89.22781655880107, 21.754740013843094], [89.22643556561184, 21.753306711906667], [89.21907320167387, 21.75195030573333], [89.21479066431225, 21.76183554396602], [89.21113955735655, 21.76336500688491], [89.21013938010344, 21.764597643610934], [89.21045369706141, 21.767692525673915], [89.208108419311, 21.772630663112963], [89.20610786310596, 21.775095884972412], [89.20146112366356, 21.776929477047208], [89.19747134499177, 21.779694107970954], [89.19380607793028, 21.78369762360019], [89.19008989815819, 21.79667174504724], [89.18905099999797, 21.804709320964072], [89.19033775696073, 21.811521183964317], [89.18467662707462, 21.816752052348004], [89.18532853487977, 21.818611223173207], [89.19256439814, 21.82591644309641], [89.19672840716265, 21.826585527185788], [89.19950818550873, 21.82633958339903], [89.20966899421053, 21.822886114144286], [89.21550794383256, 21.82213561591219], [89.23064969318105, 21.822336749771893], [89.2349712061646, 21.819502867445756], [89.25026640567216, 21.81684893070765], [89.2555230857608, 21.821153543721334], [89.25879589742479, 21.833102236422114], [89.26643914327889, 21.83274735551017], [89.26853430650553, 21.830551449742014], [89.26869287400689, 21.826660642722157]]], [[[89.13161307881006, 21.766812643205608], [89.1332584536627, 21.760971682389346], [89.13560529134529, 21.757473920578224], [89.14438285189213, 21.7556810956474], [89.14618473181385, 21.75351769006641], [89.1469141555446, 21.751181606191622], [89.14639030168368, 21.74900619073958], [89.14425841054113, 21.746488204114772], [89.1474991763086, 21.742995154537365], [89.14895783951269, 21.738322677531613], [89.1473730404154, 21.734052653693364], [89.14293877263552, 21.727678742265905], [89.14079632175455, 21.72699911421669], [89.14027462164316, 21.724489424956545], [89.1388556460791, 21.722476468886182], [89.13278506296166, 21.720606351189925], [89.12742230944485, 21.720076799008886], [89.12652196223686, 21.721074845776073], [89.12668972272449, 21.722914179853298], [89.12579541300559, 21.722909463116697], [89.12563978568265, 21.71906461093855], [89.12099153547196, 21.7187054710068], [89.11490500415655, 21.719509009528743], [89.11328607011089, 21.721004535849747], [89.11167941877164, 21.720494535273932], [89.10791102942476, 21.722479862011518], [89.10610073345545, 21.725979856611527], [89.10160627498392, 21.72963242057046], [89.10319640074867, 21.73281652403624], [89.10783472707001, 21.734847148132225], [89.10639855505883, 21.735675058613463], [89.10495098252613, 21.738341332948558], [89.09723096135599, 21.74281222483016], [89.09489154314599, 21.744972144751568], [89.09381821705941, 21.744966272466776], [89.10011394011215, 21.739485310737855], [89.10442159165322, 21.73716855510172], [89.10478762947452, 21.735833488221118], [89.09996003839242, 21.73547305736005], [89.09834285536654, 21.736634173561104], [89.09815667828043, 21.737803073500167], [89.09690661405853, 21.737461999052815], [89.0920555951579, 21.740778358066], [89.08031334459339, 21.758763834959222], [89.07129957261836, 21.769326182248466], [89.0689488530463, 21.7731569295521], [89.06608394940113, 21.773475031561635], [89.0576418922175, 21.778441270974852], [89.05673413966171, 21.780441633909525], [89.05351200702732, 21.780590345696677], [89.0527864088282, 21.782090342869637], [89.04595937264453, 21.786229278090058], [89.0450536212216, 21.787895324724133], [89.04555945283428, 21.792577821995835], [89.0603233686536, 21.833692867872085], [89.06165717620237, 21.848742193541554], [89.05996403572574, 21.861267351655695], [89.05412992612258, 21.877194550240947], [89.03447303224455, 21.894767573296154], [89.0335581014695, 21.90080750502514], [89.03401084614023, 21.913344535829665], [89.03470131718883, 21.917192742159525], [89.03665454370358, 21.91971106537402], [89.03897502187675, 21.92089451423009], [89.04917174664378, 21.922792156278476], [89.0579603830839, 21.921004352296997], [89.05976459984566, 21.91900916889495], [89.05825375199643, 21.903624674630468], [89.05922484359087, 21.89209824922415], [89.06177116522139, 21.88609623217474], [89.0700978977456, 21.872271655551895], [89.07821315914438, 21.86329238335553], [89.0852338048314, 21.857314902285058], [89.0834861817965, 21.850619803271915], [89.08212340247609, 21.839748911109464], [89.07807753917348, 21.828612057843827], [89.07761555228554, 21.816910504759285], [89.08072430358192, 21.806565595348232], [89.08525781958879, 21.797231551880664], [89.08940223322595, 21.792741677768518], [89.09983155211579, 21.784776601066408], [89.10611560168246, 21.781384541178856], [89.11902363636109, 21.777442422345356], [89.13230864735985, 21.770158914718913], [89.13161307881006, 21.766812643205608]]], [[[89.4101141885868, 21.90507509143304], [89.41966605680408, 21.89248575280333], [89.42548377314483, 21.887246720565784], [89.45016202918202, 21.875985118967773], [89.45017411744787, 21.87282931346019], [89.44455166334905, 21.869654610812844], [89.42379923467115, 21.865676247176808], [89.41979273254127, 21.861154012565937], [89.41900070030681, 21.85799538367212], [89.41965611682323, 21.855142528901123], [89.42257723671126, 21.849291973415003], [89.42532251441546, 21.847047467924735], [89.43208739608079, 21.846018951698237], [89.43417711735023, 21.846777406041035], [89.44705212169174, 21.84742214976309], [89.45204768031353, 21.84593627607349], [89.45334079252994, 21.844587935508603], [89.45593770978024, 21.838886159410226], [89.46337637102891, 21.829668505556782], [89.4637014619447, 21.828767805051935], [89.46242517703317, 21.825757983036493], [89.46583517713935, 21.81765435856184], [89.46825137909849, 21.817060797285265], [89.47293827708812, 21.81166583112843], [89.47488302113729, 21.80791534965913], [89.47472985309211, 21.805810942102294], [89.47360722408547, 21.80475540787747], [89.47525207864238, 21.79499259172996], [89.4746183313449, 21.792285573348508], [89.47030101818335, 21.78483295730555], [89.4566938714823, 21.766454841562272], [89.45492820358766, 21.765397069702747], [89.45187220064939, 21.76523677182058], [89.44880270396501, 21.768532658023116], [89.44719471388588, 21.768377091929864], [89.44706240015523, 21.760862715328194], [89.44419158849102, 21.75439112042467], [89.43553311835025, 21.747148558419788], [89.43248343464131, 21.74548508698559], [89.42718007339604, 21.74426465880654], [89.42557626108099, 21.743056939999267], [89.42768470277059, 21.738705910139927], [89.42785438777176, 21.736452370844756], [89.42016623732606, 21.728385991890192], [89.41326619124507, 21.724454244046004], [89.41101637299266, 21.72399566160545], [89.4103657376332, 21.725796589951546], [89.40908038215035, 21.725491328362384], [89.4073217253935, 21.722930523220757], [89.40073132741185, 21.72200505419845], [89.39590536740343, 21.722288209430513], [89.38656469322078, 21.72525928363513], [89.37849732727227, 21.731240277199188], [89.36976630125578, 21.741726550877555], [89.36622174964391, 21.743065652759558], [89.36088519179825, 21.749507049392886], [89.36039259140648, 21.751759248200514], [89.36117978808116, 21.75566941606006], [89.36084329365436, 21.758974167694006], [89.35889063569512, 21.764001066955835], [89.35919886993752, 21.767007630207797], [89.35751539504506, 21.78383198880582], [89.35489519140903, 21.794040568291923], [89.34953719150954, 21.80468891846074], [89.34871437472754, 21.808743251072688], [89.35574007765604, 21.821018348932636], [89.36086537092059, 21.826598378897838], [89.3657967607323, 21.83969129846743], [89.36481063995242, 21.844345857931064], [89.36511314879786, 21.848704980736006], [89.37982660218117, 21.870926543027508], [89.38316521895007, 21.880706921340426], [89.38552484770868, 21.89371448987711], [89.38610582270799, 21.908443486575763], [89.38413250474466, 21.917903525673882], [89.38230165922377, 21.922680897771357], [89.38749844466379, 21.921672678895682], [89.3929599906349, 21.924998926663214], [89.395685301391, 21.928014572103066], [89.40453274235574, 21.930601589693172], [89.40839953561857, 21.9303148739232], [89.40904870549261, 21.92911507628525], [89.40809530018981, 21.92595583821037], [89.40376823762875, 21.92083100412669], [89.40232867749322, 21.918421232261437], [89.40217649625538, 21.91631680574528], [89.40267221119629, 21.91331327337482], [89.40396859874498, 21.911364295785635], [89.4101141885868, 21.90507509143304]]], [[[89.33132252835968, 21.79699596534132], [89.32631427091269, 21.80713279912347], [89.32128902627788, 21.820655006415674], [89.31417304049495, 21.832207892767514], [89.31433325695416, 21.838623492461235], [89.31260973121718, 21.839863902646645], [89.31087135498072, 21.844133266794103], [89.31104282944929, 21.84823217050806], [89.31425420139641, 21.85519519452827], [89.31691315482718, 21.858057402066805], [89.32396571722518, 21.86022478226683], [89.33634703644474, 21.865977163527756], [89.35233716874725, 21.876019482734982], [89.35708987040366, 21.880492871471485], [89.36299313723592, 21.88390170622418], [89.36618711637486, 21.884729377509554], [89.36817086217778, 21.87875400564487], [89.36247277698075, 21.872138957740667], [89.35717125997678, 21.862317506856982], [89.35233830645487, 21.833431266143805], [89.34607245374795, 21.82627899842164], [89.34169852937194, 21.82287597995551], [89.33848127370135, 21.81698258858477], [89.3369965854253, 21.807888895550715], [89.33880567413863, 21.787938319287598], [89.33440591895524, 21.790415283241988], [89.33095674150127, 21.793608847357188], [89.33132252835968, 21.79699596534132]]], [[[89.33286954252871, 21.874872647254357], [89.34735066583266, 21.880989289966152], [89.3513460780596, 21.881949441229803], [89.3517417552595, 21.881006629899552], [89.34699488282553, 21.875285812110018], [89.34033438220186, 21.870626085050787], [89.33614136384507, 21.86918380023583], [89.33100189973807, 21.865955552902822], [89.32775665221322, 21.865942347646644], [89.32527005934534, 21.86700133962964], [89.33286954252871, 21.874872647254357]]], [[[89.42493164422706, 21.98462241707317], [89.41884436237984, 21.97588513339021], [89.41821127377794, 21.973102866266586], [89.41855503470256, 21.967844422790378], [89.4213106047571, 21.9636464243043], [89.42438167370007, 21.961102762134693], [89.42877103351408, 21.951199797977367], [89.43411173982355, 21.94490693855697], [89.43863258877536, 21.942217499630207], [89.4431515146684, 21.939978797440446], [89.4575035320925, 21.935593449539365], [89.45799133800213, 21.934392919884566], [89.45575238022411, 21.930177755154507], [89.4480551465748, 21.921436169212022], [89.44677957484362, 21.918125859683574], [89.44647766903944, 21.912865411736288], [89.44794688154417, 21.907760826137007], [89.45069694557098, 21.904463997724783], [89.45456811235233, 21.902823855809523], [89.45891748877793, 21.90238733730107], [89.47179627442057, 21.903481119015872], [89.47244313280343, 21.902731923430213], [89.46762651696454, 21.898809301917716], [89.46056997874679, 21.891197401725154], [89.4584797725964, 21.89043898839586], [89.45929153631195, 21.888638437808744], [89.45721187488381, 21.885024877134857], [89.45770290836026, 21.882922880300487], [89.45625284710182, 21.883218494973672], [89.45609731683396, 21.88171515775798], [89.45739015293205, 21.88051727530848], [89.45739469843878, 21.879315143702932], [89.45579313701174, 21.87705576508167], [89.4534353730959, 21.86202026885939], [89.45426358560789, 21.85586178680707], [89.45346510189506, 21.854206115530456], [89.44977110285097, 21.851939728938103], [89.4235377296949, 21.850572578425126], [89.42222283734088, 21.857330536785774], [89.42252499360072, 21.862290652372923], [89.42412917786143, 21.863648606200265], [89.42654241588649, 21.864107894747548], [89.43877265779201, 21.86535213940561], [89.44745387569584, 21.86853731987876], [89.45178673436831, 21.872158514481338], [89.45274593717724, 21.873964923377315], [89.45209509551, 21.875765980148238], [89.448700190396, 21.87936137421231], [89.42789051544648, 21.889358987109947], [89.42433857792156, 21.891750888588874], [89.42094503030603, 21.894744619566126], [89.41656980661335, 21.901566508383347], [89.41155314334331, 21.907559612682398], [89.40541279661926, 21.912647035476812], [89.4037923219036, 21.915045438420705], [89.40329912752297, 21.91744791656584], [89.41034670270774, 21.926790568963956], [89.41001237234133, 21.9297947008894], [89.40823452097601, 21.931291118065083], [89.40275639302465, 21.93172217992178], [89.39873299633942, 21.930955972537397], [89.39407413338284, 21.928133712063808], [89.39003701383307, 21.930623551326217], [89.38922606122595, 21.931972865090493], [89.38986706953692, 21.932726787221885], [89.39918973146735, 21.937269247448604], [89.39982514362775, 21.939375436164482], [89.39933368164534, 21.94132702996065], [89.39303043899876, 21.946413338490384], [89.37738496569182, 21.95116358416293], [89.37431694392717, 21.95280491926161], [89.37398836429381, 21.95430618009459], [89.38054979784266, 21.964249274376385], [89.38199982705447, 21.96425473752161], [89.38910989953875, 21.95917188865652], [89.39538682237571, 21.96054771689861], [89.40165476150797, 21.964026854052893], [89.40341206550691, 21.967639907500963], [89.40356367294135, 21.969894514237026], [89.40126502225209, 21.98017986646223], [89.40174149456418, 21.981834594296185], [89.40414817963, 21.98424759684569], [89.41170907728356, 21.987130274108985], [89.42395571603448, 21.9868730515055], [89.42493164422706, 21.98462241707317]]], [[[89.20586505010789, 21.998589197971036], [89.21183727445131, 21.998308873877765], [89.22147134789662, 21.995570716824936], [89.23111203759589, 21.991594917054996], [89.23311033489917, 21.99005747387947], [89.24174851292413, 21.987313724140595], [89.24374663692763, 21.985776427921916], [89.24177480294354, 21.98236459429101], [89.22987706844407, 21.974575768291377], [89.21166438338443, 21.969540082036726], [89.21266944575481, 21.967688976373573], [89.2087001417258, 21.965813685733288], [89.2047501814004, 21.960535955884847], [89.20278652222088, 21.955886617484705], [89.20483620538407, 21.94506982420274], [89.21251494148945, 21.935517428625978], [89.21617640221018, 21.93290573041939], [89.22381346791073, 21.930776606330976], [89.24205286011212, 21.92993372653906], [89.24439484171019, 21.925922909927337], [89.24610309166803, 21.916341583805682], [89.25176610542019, 21.911108717715372], [89.26039754414262, 21.908672946530622], [89.26239275790732, 21.907444503279855], [89.28360768303968, 21.90753822868196], [89.28692743600082, 21.906624665095137], [89.28693820990179, 21.904459324898035], [89.28529610217645, 21.9013588322499], [89.27145126068532, 21.886140440693808], [89.26915483753706, 21.881490353612815], [89.26954774919317, 21.86942774794675], [89.27156273082191, 21.86417789967145], [89.27556290218087, 21.859555601628106], [89.27527045029763, 21.851820719464182], [89.27231028545869, 21.847476889781653], [89.26802175240681, 21.84374596524718], [89.26704495598501, 21.84031284785965], [89.2658502750757, 21.8392307657353], [89.26572177599633, 21.837154574735823], [89.2568447029499, 21.834261135858174], [89.25478627324634, 21.82932254377516], [89.25399031755617, 21.822054566190147], [89.25219719337086, 21.819581796552207], [89.24997774294803, 21.818923238362448], [89.24747873134585, 21.81865241387579], [89.23788095242374, 21.820943169434187], [89.23174974300295, 21.824417201918894], [89.2118826188337, 21.82458298512428], [89.20102506124131, 21.82842225019343], [89.19413451475245, 21.829595087921433], [89.19591537982998, 21.832964478878253], [89.2000861119827, 21.846434056499614], [89.20114344827589, 21.87447010286498], [89.20289914311482, 21.886087436517204], [89.20409039599818, 21.890057192858364], [89.21101523820965, 21.899717488769483], [89.21461250035968, 21.907662399145295], [89.2148957647382, 21.911344862842824], [89.20999103295784, 21.92038172296908], [89.20694418711085, 21.922632071440557], [89.19873698179025, 21.92514074195508], [89.18386467032985, 21.925633926868965], [89.17991338175263, 21.926746627775312], [89.16080451979221, 21.925234705595326], [89.15412383536521, 21.92604995428122], [89.14955866046, 21.928291394112204], [89.1452782237638, 21.933648640190157], [89.14282491383366, 21.937882952581628], [89.1415840643203, 21.942406717208257], [89.1412023469012, 21.955429113441788], [89.14267893452956, 21.962232031704726], [89.14780511511393, 21.967921290144638], [89.15686944272757, 21.97504645572272], [89.15806870849586, 21.977601026843047], [89.16801988862022, 21.98897722575998], [89.1689142088287, 21.991813049975967], [89.17072270030829, 21.994087178651117], [89.17191055824776, 21.998623414677393], [89.17188754376048, 22.00258721705652], [89.16817488199108, 22.014460163317512], [89.16480177011842, 22.020105572302157], [89.16538683385214, 22.021585312581177], [89.18052857249594, 22.020736316328854], [89.18284189697104, 22.022294644632762], [89.1854959520536, 22.022307857613693], [89.19088454991369, 22.008105243295834], [89.19255551028243, 22.005948154582406], [89.19489144275752, 22.00348518223349], [89.20586505010789, 21.998589197971036]]], [[[89.28647376492296, 22.08762219412272], [89.29085316249467, 22.087484282363462], [89.29591371209767, 22.085779808401846], [89.28300934484646, 22.073324262997613], [89.2775066112431, 22.06262720439675], [89.27754408751035, 22.055250520789066], [89.28027361596978, 22.04819961979631], [89.28417746992855, 22.041938632134123], [89.2917919739508, 22.034202437630363], [89.30234479240738, 22.010704566410183], [89.30473401190953, 22.00396566145328], [89.30560007393332, 21.9989466366949], [89.32050221381097, 21.97978180927848], [89.3321744886897, 21.966802405015557], [89.33656619398938, 21.963210192555444], [89.34469530428052, 21.95178488469715], [89.3496153250061, 21.942779502730797], [89.35473050121892, 21.92773163514467], [89.35727624873473, 21.92271882631815], [89.35984456227499, 21.912683554869655], [89.36090255667489, 21.901700539224528], [89.36074450225556, 21.899424125323858], [89.3580613310761, 21.89768700036487], [89.33841845208535, 21.890075194970432], [89.32969922819446, 21.884546520723042], [89.32383535950339, 21.879813712023072], [89.32250328804777, 21.876983047631477], [89.31614698173075, 21.86989366847762], [89.30596459375893, 21.85439061657512], [89.3029778605159, 21.846216099805854], [89.3018458758053, 21.836950873177358], [89.30240886067487, 21.824867322494285], [89.29822934832177, 21.820141033403434], [89.29823853172195, 21.8182574171426], [89.28235117986111, 21.83561146099104], [89.28399673151418, 21.838047419762535], [89.28895336113861, 21.837714261822544], [89.29410047292092, 21.838983662365447], [89.29751761250402, 21.84274042263445], [89.29974458040292, 21.855757854501817], [89.30220345767715, 21.86040117240044], [89.30903847616062, 21.86809244916756], [89.3087301925219, 21.870622165849024], [89.30765428884544, 21.87056993651963], [89.30712468714944, 21.869064350530504], [89.30028451907677, 21.862442406929222], [89.29668561624041, 21.8567247702023], [89.29446590962385, 21.84228189436443], [89.28625451746704, 21.84313757299256], [89.28516761368806, 21.84394256289068], [89.2859880072257, 21.84802706627535], [89.28491903811522, 21.86010830014022], [89.28184709039502, 21.869198359479597], [89.2787936650334, 21.874521715227985], [89.27878420175382, 21.87640502832688], [89.28732444553923, 21.883662243520114], [89.2926699821357, 21.89090533631836], [89.29599568294876, 21.898610544762093], [89.29713958551378, 21.905443049952606], [89.29441305330435, 21.91265141474718], [89.2873221440866, 21.917957240316838], [89.28142452769953, 21.919972179969832], [89.27570480457959, 21.92010406171367], [89.26092005289809, 21.91658526871864], [89.25598610103333, 21.92739299201833], [89.23925503605435, 21.94191329828396], [89.22292321416508, 21.944269597100558], [89.21820399531694, 21.94581688276886], [89.21059958456277, 21.951901660164847], [89.21327009708767, 21.95583835134624], [89.22198717484872, 21.96168707179091], [89.23576500189996, 21.965361720667648], [89.24247120232117, 21.96994455679832], [89.24933457230551, 21.97672510259649], [89.25148610334809, 21.98364091433986], [89.24841906959365, 21.990846807158388], [89.2418192457479, 21.99764392047529], [89.23287516702324, 22.002154070782115], [89.22123996143944, 22.006180060349795], [89.219886525632, 22.007429070302326], [89.2198779370292, 22.008998686505027], [89.22154716430339, 22.011517789618868], [89.23209199029799, 22.02255428581092], [89.24930549216455, 22.046177248908045], [89.25246916137107, 22.05286220462805], [89.25361650620985, 22.05883157202923], [89.25341351033285, 22.065422635692084], [89.2522066914403, 22.07075366705102], [89.25085649715948, 22.071375350923756], [89.24712374870222, 22.076694466024488], [89.24357082864255, 22.0798170906725], [89.22767591776153, 22.0918282133788], [89.22597971379447, 22.09401740809071], [89.22576412513556, 22.09610999623934], [89.22965282019777, 22.099920639296084], [89.2377386546135, 22.099644626536147], [89.2439920840666, 22.095592876617104], [89.25124546227462, 22.093429039582663], [89.25277090140571, 22.091552440270362], [89.25431061390447, 22.087007766009176], [89.2563452966448, 22.084348907199697], [89.2605717062082, 22.08122904943352], [89.27235558110885, 22.082066736385325], [89.281426241697, 22.08665857482503], [89.28647376492296, 22.08762219412272]]], [[[89.47173506114844, 22.04361124479441], [89.47304833814216, 22.032270095876555], [89.4765243233731, 22.025423352961532], [89.49003524946178, 22.00548482825781], [89.4913454474287, 21.994481947508365], [89.49390305953116, 21.990087298401612], [89.49519094073382, 21.985349914376457], [89.50304079829647, 21.973012571088496], [89.50615622166853, 21.964639739086017], [89.50779466896522, 21.963290061002944], [89.50980874996009, 21.95821620196025], [89.51110332428685, 21.95127710509585], [89.50986621377228, 21.941452144447332], [89.51095879955822, 21.940439306896614], [89.51078707442713, 21.937560197041467], [89.50608750876046, 21.931958059496232], [89.5075463505664, 21.929930531872305], [89.50936013003027, 21.93027446355393], [89.51008836541222, 21.9295993334986], [89.50991492749459, 21.92722812001046], [89.50738752074031, 21.92332587214642], [89.5070375553488, 21.919599521814654], [89.50577524921131, 21.917225035508675], [89.50560832211686, 21.912991041393898], [89.50452558605178, 21.91129438692569], [89.49708733545685, 21.91076391425217], [89.4958062025324, 21.913807993008522], [89.49362272028512, 21.915494681992115], [89.49143948570213, 21.917011945729875], [89.48726199696259, 21.918015070492242], [89.4821813409029, 21.917829760173774], [89.47583487888139, 21.916454778073152], [89.46152602662784, 21.90912738697252], [89.4539014034066, 21.909948953833286], [89.45298760309562, 21.911639306200165], [89.45333937598129, 21.914519064207955], [89.46291096660494, 21.926911924231124], [89.46362448903416, 21.93021632784719], [89.46306297903504, 21.93478646592139], [89.46085871256739, 21.94172189883576], [89.454307243579, 21.94627251945555], [89.43831657836685, 21.950790589358466], [89.42937996721062, 21.961427653174987], [89.42280373015552, 21.971564610668043], [89.42460007200928, 21.97631223571092], [89.43637181473974, 21.98363445526001], [89.43960886054626, 21.991519509851404], [89.43996148772732, 21.994230159440548], [89.43756843887152, 22.002519129431647], [89.43272857618632, 22.0323048330568], [89.43014594219991, 22.04228661929854], [89.43175084331877, 22.049742621632124], [89.43373416257293, 22.05347470468317], [89.43952006009162, 22.06026803703129], [89.44227653183057, 22.062103781303705], [89.44734834070958, 22.055891876808026], [89.45481856860354, 22.049990454858243], [89.461368453641, 22.04713359064336], [89.47027199706042, 22.046315956746504], [89.47173506114844, 22.04361124479441]]], [[[89.1203524341957, 22.15343783590344], [89.1262587129932, 22.151899979528395], [89.12815142474986, 22.14547529354713], [89.12921346464776, 22.137162617432832], [89.13091166666099, 22.13497450137018], [89.14003575857073, 22.13047124189002], [89.14122261996701, 22.129222082948225], [89.14005385425301, 22.127489357262714], [89.13786320787814, 22.127634764473164], [89.12605249249307, 22.13071089819753], [89.12335833763794, 22.130539491110785], [89.11747413276828, 22.1286245412402], [89.1163040140867, 22.127205567028646], [89.11635195640739, 22.11951532346545], [89.12111271925835, 22.112321380873595], [89.12639888782913, 22.101834186375807], [89.13317910763055, 22.094729108771322], [89.14282594578383, 22.08693245112489], [89.14655808361186, 22.082400636630112], [89.14810074803677, 22.077857055642486], [89.15621423511398, 22.07271963164445], [89.16820259285224, 22.06713092553065], [89.17378837888968, 22.06213668322569], [89.16202177334092, 22.058780907760628], [89.15497184833421, 22.055134792330694], [89.14978814380468, 22.049143922591647], [89.1474703078965, 22.042618471121184], [89.14632660994175, 22.036805162814716], [89.14736117102301, 22.032729791959888], [89.15704812809807, 22.01724193883385], [89.1616656947297, 22.004866311117194], [89.1632399374386, 21.99475100288945], [89.16057106633262, 21.99065657667129], [89.14699815444354, 21.980855642911962], [89.13963287280829, 21.974382237201734], [89.1361268276922, 21.969812150364238], [89.13297342886062, 21.962575747932828], [89.13134973599603, 21.952914720951483], [89.1315427762764, 21.94883495313386], [89.1351241196103, 21.94084921971577], [89.13755202171038, 21.92877654001219], [89.14095768233979, 21.921888471841328], [89.1457011992285, 21.916262994220087], [89.15210317415895, 21.91456949578669], [89.16590070701794, 21.91369851626867], [89.18556729649293, 21.915994298460134], [89.20206370128088, 21.91379940324691], [89.20158705737636, 21.908774428250005], [89.18895442401556, 21.882187206306853], [89.18598190568453, 21.87259838861952], [89.18418785611074, 21.86277990269087], [89.18584704664725, 21.83704737473761], [89.18183120311514, 21.83373146462055], [89.17966627336669, 21.830110736034264], [89.17415520798345, 21.823805099308075], [89.16984860479197, 21.812718107978174], [89.170036598478, 21.80926603917403], [89.168890779411, 21.803923645135676], [89.16688318198314, 21.80234413316708], [89.15949470928602, 21.801207929174677], [89.1569891545426, 21.79852699103972], [89.15700017404738, 21.79664343275713], [89.15449228307125, 21.794433350364212], [89.13851002176051, 21.797175925935036], [89.13598171281714, 21.79841846122587], [89.13242884558483, 21.802323737092205], [89.12822435480919, 21.80277221966835], [89.11676708867728, 21.807420068519917], [89.10430497339746, 21.811355304209496], [89.0999183334492, 21.813999589406258], [89.10007170614072, 21.81635491269857], [89.1033941559853, 21.822651058370774], [89.1054506247103, 21.84337998884191], [89.10141080768726, 21.8710601072813], [89.09866806319174, 21.87936368905547], [89.09407763564539, 21.887343124836573], [89.08797571522365, 21.89484315177785], [89.08578162063665, 21.896086410786836], [89.08069308584962, 21.902806944941705], [89.08111412622836, 21.915836417226714], [89.08209269849415, 21.920628697543915], [89.08951297367486, 21.944055780530864], [89.09466825752844, 21.953501205059073], [89.09427307311898, 21.96275927770936], [89.09488696920015, 21.97210110328886], [89.09552329279086, 21.977911665606293], [89.09753047118004, 21.979806266397034], [89.09583103264126, 21.982464994621726], [89.0947824900144, 21.98858018631031], [89.09284872325834, 22.001596524945594], [89.09280878472941, 22.007874221785645], [89.08816260467779, 22.023778931997423], [89.07287055813221, 22.045665668675646], [89.06844209679252, 22.053487990533366], [89.06826036075209, 22.05552744067822], [89.05556769028382, 22.065342315950115], [89.05454412339819, 22.067376598041783], [89.05364001016741, 22.076709899124264], [89.04827907809724, 22.097709614709466], [89.05127574147289, 22.102906118841975], [89.05779514234823, 22.110320352283214], [89.07972468091577, 22.13108412720834], [89.09198033013303, 22.13758754152439], [89.09818517592335, 22.14201653666516], [89.10085857496824, 22.14548412150567], [89.10234803685532, 22.149729670104307], [89.10249164455713, 22.15365416815928], [89.10094132846616, 22.158981969514752], [89.09654167533128, 22.161939597088804], [89.0935039480207, 22.162707532741383], [89.08895573936371, 22.162525223797086], [89.08660412944208, 22.161413354719656], [89.08191497564864, 22.156992455182184], [89.08125424629795, 22.154948551293113], [89.0775763860836, 22.15053322725135], [89.07572847093, 22.149737973003386], [89.07301451889303, 22.152547829375763], [89.06804495218076, 22.16523201023421], [89.06765052251325, 22.173940369026774], [89.06814675347881, 22.175355547525072], [89.07216608729482, 22.179145193525546], [89.07566671991663, 22.184971976739693], [89.07677236858143, 22.191809593665596], [89.077615022337, 22.192421027663606], [89.07882176395368, 22.192053811282925], [89.0819326999711, 22.18022074074208], [89.09530224687985, 22.171349706393467], [89.10140096342026, 22.166204069299095], [89.1058353711769, 22.157753484094606], [89.11107914122148, 22.1544859961384], [89.1203524341957, 22.15343783590344]]], [[[89.45674750385854, 22.147157828573278], [89.46302398765745, 22.143182117997945], [89.46204501238505, 22.140505626287638], [89.46221451766331, 22.138402634528592], [89.45949560308014, 22.13230744257601], [89.4579073524834, 22.125840479527476], [89.45905985911558, 22.11968326888862], [89.4749393809979, 22.09959867098887], [89.48512793742364, 22.091516360174474], [89.48561849587385, 22.08956424791712], [89.483529636767, 22.087604288026913], [89.4680817539777, 22.07921474495333], [89.45100546739845, 22.0755516810001], [89.43606155627664, 22.062878058555174], [89.42868202663142, 22.053836023072687], [89.42629376634633, 22.046464490351298], [89.42614811006027, 22.042632052231376], [89.42844398407154, 22.032872367426698], [89.42768591988428, 22.020998142317744], [89.4290142909052, 22.01123503549804], [89.43377329664536, 21.989687248464612], [89.43265076158809, 21.98833104826003], [89.42830802988087, 21.98636230709589], [89.42330305492257, 21.988899522813593], [89.40751648528732, 21.98794154311589], [89.40205317761786, 21.984315074048006], [89.39996826694433, 21.98205341299428], [89.39981577437926, 21.979948998673432], [89.40227238877108, 21.970490880985277], [89.40228496418956, 21.967485331166653], [89.40116857167851, 21.96477633995841], [89.38991011080995, 21.96037698752566], [89.38797516010345, 21.96082065591453], [89.38409261617842, 21.96456298936193], [89.38006123933772, 21.965449553112787], [89.37589374038271, 21.960624997343853], [89.37285415228168, 21.95580464847668], [89.37270303915176, 21.953550021095086], [89.37513371577431, 21.95025330379425], [89.39190990560007, 21.944756200563415], [89.39740028196171, 21.94147043058962], [89.39837313693315, 21.939971192429336], [89.39853917722905, 21.93876967108967], [89.39773711167473, 21.938015191916044], [89.39033878376816, 21.935433467281435], [89.38777185750718, 21.93301938933136], [89.38875309387755, 21.929566850057686], [89.39180332624096, 21.926685765846393], [89.39006262465115, 21.924612717287534], [89.38636560499691, 21.922945965980162], [89.38361924266879, 21.924889085076988], [89.38149651810582, 21.931643578666232], [89.37845263810736, 21.93424442456346], [89.36365872874103, 21.958774869542758], [89.36316633435274, 21.960876812764724], [89.3644042086535, 21.972302307316788], [89.36404438772222, 21.980716021911512], [89.3615806573005, 21.99122567914124], [89.35635776642621, 22.00600696436345], [89.35337332539174, 22.02447858940428], [89.35430158414995, 22.033047768498765], [89.36377517738242, 22.04104902081076], [89.37082833607143, 22.049867363156967], [89.37801124870553, 22.066124121188086], [89.38893046820229, 22.076233275410612], [89.39101203108977, 22.079546976235015], [89.39228987909755, 22.082406805373584], [89.39274151604351, 22.08984697754341], [89.38884284952235, 22.09659478457459], [89.38450481638608, 22.099920850902727], [89.38382842513161, 22.107014604492864], [89.38438081246517, 22.109509256157928], [89.38295123988077, 22.11448956287127], [89.38406118079443, 22.11829852310276], [89.38758012648935, 22.118574028324417], [89.39629218054122, 22.122804789794554], [89.40473509133997, 22.12414771077635], [89.40852641185325, 22.126654343019275], [89.41158946007747, 22.13506206523816], [89.41213317760625, 22.13978717437403], [89.40814899751524, 22.149612608162034], [89.41109066492703, 22.15342802240809], [89.4136187087431, 22.155142599251437], [89.4151706884395, 22.15449235217703], [89.4161441073726, 22.157513229788822], [89.41867174563485, 22.15935928753851], [89.42444622829507, 22.159379769974525], [89.43021679509476, 22.160449403087362], [89.43555785199018, 22.163223101519186], [89.43767064902849, 22.16323040167389], [89.44473113110597, 22.15866271998314], [89.45674750385854, 22.147157828573278]]], [[[89.34790655063361, 22.13229702147505], [89.34925723434453, 22.13167454544797], [89.34926516360427, 22.129947944606116], [89.34644196806212, 22.1211473823605], [89.34747699517379, 22.115814933296235], [89.34968131026807, 22.112684669105093], [89.35204793600194, 22.110810752180083], [89.35963961470532, 22.108172245053076], [89.36591813602593, 22.097837726768027], [89.3714894290739, 22.094798658506182], [89.3770549356654, 22.093093599841435], [89.38278297987688, 22.092644424610114], [89.38481025010582, 22.091239353766973], [89.38481840985114, 22.08935604919175], [89.38164733874828, 22.08275170604747], [89.3704171611233, 22.07078040923282], [89.36557161428858, 22.062285973002854], [89.363258390781, 22.052388832983322], [89.34849422524641, 22.04095139437458], [89.34564816784794, 22.037487028343644], [89.3424814751851, 22.030568307207282], [89.34118545512156, 22.01957615883789], [89.34221796108211, 22.01471456225303], [89.34628938119907, 22.0078247873507], [89.34768697350655, 21.99668640222731], [89.3509510353146, 21.982102334128268], [89.34947640277585, 21.973307050879093], [89.34830698920693, 21.971418778026347], [89.33563429861377, 21.982668920697662], [89.32497576062786, 21.994554202360156], [89.31919123803077, 22.007636025508987], [89.30100514499829, 22.043580712898464], [89.28963370952637, 22.061895465874443], [89.29751484157556, 22.06852152113536], [89.30255230118527, 22.071368473201453], [89.30541205365344, 22.072008225040868], [89.31521929993652, 22.063574202281572], [89.32855623721801, 22.056252565672846], [89.33631009672119, 22.05440057750691], [89.3420308587436, 22.055208512229946], [89.34370962260424, 22.056314027045282], [89.3455449398935, 22.059931354736356], [89.34484968939445, 22.064637041985463], [89.3392575280513, 22.072305401036857], [89.3299522821677, 22.081528049192872], [89.3282558262722, 22.084189246274594], [89.32655528111844, 22.08763524119281], [89.3226013841415, 22.10449140862107], [89.31955469378266, 22.10761779444916], [89.30589317279201, 22.111327225661665], [89.28178813722602, 22.114989908075916], [89.27925657008893, 22.115920547846052], [89.27856758571406, 22.118899561850064], [89.2832388353019, 22.12786658080214], [89.2862258817702, 22.136825830076518], [89.28819082301547, 22.148135039955847], [89.29086280135601, 22.15285533948878], [89.30547775898866, 22.161707421104055], [89.31101530823332, 22.166439582990666], [89.3190588112168, 22.17573347241139], [89.32346843264224, 22.184351319843948], [89.3309920460014, 22.18237515202985], [89.33217593131367, 22.181438217212474], [89.33406971943448, 22.172970402994213], [89.33548279234223, 22.159164326219155], [89.33736251801744, 22.15352176977467], [89.33737611170991, 22.15061795560484], [89.33653951344299, 22.149359109996286], [89.32966007223456, 22.14336656647133], [89.3268154842017, 22.139274307156626], [89.32567420864977, 22.131264895776543], [89.3266977242171, 22.128600979465713], [89.32856248858712, 22.126097200733724], [89.33092843487303, 22.12453753308536], [89.33446737632315, 22.1242380637308], [89.34018654646968, 22.125987624220706], [89.34790655063361, 22.13229702147505]]], [[[89.32879266434665, 22.07744243150524], [89.34199091610321, 22.0638410146821], [89.3435216761049, 22.060551122454658], [89.34319359644768, 22.05866619244667], [89.34101110451543, 22.057244991492592], [89.33848854267859, 22.056606944526575], [89.3349490947673, 22.057377439523446], [89.32583679581714, 22.061577714763864], [89.31569047779894, 22.070639124747466], [89.30876375905785, 22.07531844130854], [89.3074065648532, 22.077353266531436], [89.30888787961258, 22.084422465032944], [89.30835893260017, 22.089285906842132], [89.30682550615062, 22.09288935612767], [89.29989275383511, 22.098510025218804], [89.2963505139575, 22.09959357401154], [89.28624665069847, 22.099235825939395], [89.28490423064761, 22.098288163351082], [89.283051474956, 22.098280046012015], [89.28036641054128, 22.09638494006198], [89.27935503407514, 22.09653744940074], [89.27566349275558, 22.093852717051593], [89.2684379290492, 22.0906815124898], [89.264062497563, 22.090034012171373], [89.26364149500806, 22.090898248654195], [89.27192942606871, 22.09948659914977], [89.27593308248373, 22.10703816011636], [89.27792163504891, 22.11348197311635], [89.28298643982467, 22.111149803921343], [89.29023693886813, 22.109612094151338], [89.31804661284546, 22.105963642373045], [89.31991603319759, 22.10251845556885], [89.32147894917271, 22.09263690523095], [89.32353446927955, 22.085425516832075], [89.32879266434665, 22.07744243150524]]], [[[89.46235628760256, 22.130191316441067], [89.46589342817288, 22.132681117233005], [89.46880533735145, 22.124636638181844], [89.4714116567545, 22.111833464643777], [89.4666253884474, 22.114923132652503], [89.46395332276393, 22.118218643394577], [89.46038120178508, 22.125022046445814], [89.46235628760256, 22.130191316441067]]], [[[89.41961391088769, 22.256422776270174], [89.42149385200008, 22.259778268706082], [89.43299183252456, 22.272862198804816], [89.4344863651242, 22.27797895485994], [89.43313523754078, 22.28431948858111], [89.42951521568268, 22.289594506473204], [89.42647277720633, 22.292580238824605], [89.40994856684694, 22.303537049350325], [89.41013195747735, 22.304947856575502], [89.41899226778244, 22.315202857500566], [89.4214325271627, 22.320675697713583], [89.42501799922726, 22.324037216427456], [89.42632915751028, 22.32774323041577], [89.42650481330553, 22.331092896690524], [89.42554085802885, 22.335143453899725], [89.4220986929987, 22.342886543473778], [89.42284224867271, 22.34641439199722], [89.42454676620729, 22.34659661685376], [89.4308308108196, 22.33886348496354], [89.44299294246406, 22.329740254836533], [89.44660558674289, 22.326403857491734], [89.4500380022883, 22.320775244296737], [89.4568795753735, 22.31515800272645], [89.46089279388532, 22.306005853821226], [89.46377307960397, 22.295792304466694], [89.46682648205308, 22.289809429740032], [89.47615109999042, 22.278030340042626], [89.47958342458261, 22.271696091480337], [89.47953482925627, 22.27023721980443], [89.47789215485949, 22.268165410292035], [89.47241427726664, 22.264446295274837], [89.46317028357478, 22.25525041580751], [89.46147692121458, 22.252424779959807], [89.44652985757587, 22.249466176226512], [89.43652217268033, 22.242557746541575], [89.41875214746449, 22.235797318369283], [89.41571798391679, 22.23702015351034], [89.41438622961316, 22.238601679117348], [89.41961391088769, 22.256422776270174]]], [[[89.26706221918424, 22.360771667574525], [89.27314232694222, 22.35317378966592], [89.27468227052891, 22.34736157536567], [89.27189383586503, 22.344339147824094], [89.26908669250389, 22.344928377966195], [89.26497020965624, 22.348321102809216], [89.25611685285212, 22.350086576557477], [89.25095029167537, 22.348056161611346], [89.2490218902505, 22.3456394768569], [89.24949208490332, 22.338417818414985], [89.25145467143004, 22.33441368077726], [89.26253277415462, 22.319615302687218], [89.27445443568432, 22.308030797843376], [89.27603616001521, 22.29399149401438], [89.27930581795135, 22.287183567658303], [89.28169169059248, 22.28438463465498], [89.28450706122227, 22.281989278325693], [89.28752956556642, 22.281199972846228], [89.29529144699111, 22.281233846199683], [89.30066863746774, 22.28386560967412], [89.30820909275812, 22.285101954158332], [89.31166190841464, 22.28451446931596], [89.31382879961231, 22.28231656353103], [89.31448919905162, 22.279509829638172], [89.31385229535117, 22.277500498025343], [89.3121341697501, 22.27608874972566], [89.3110669833678, 22.273876863776593], [89.30526292747403, 22.270440738086034], [89.2996625172915, 22.269413368288], [89.29363996398273, 22.266578054098613], [89.29106627975308, 22.263958326873684], [89.28850253033801, 22.259331683095013], [89.28874907676058, 22.253212625503632], [89.29049266614278, 22.249407684775452], [89.29331220813404, 22.246008561375724], [89.3097670025687, 22.231230102524652], [89.30548802261656, 22.224790491257135], [89.30421859575027, 22.219969158239422], [89.30395639593392, 22.212763788721407], [89.30574072425209, 22.21114869491933], [89.31000831131209, 22.20018019003453], [89.31242736558623, 22.18794831792263], [89.30958779487096, 22.18275675784151], [89.30690233356367, 22.18054813404264], [89.30540020777529, 22.177559691853904], [89.28238751016335, 22.162941917729867], [89.27803220640179, 22.157900114818613], [89.27603215291097, 22.15365349236839], [89.26983932559938, 22.145621552801437], [89.26416516335372, 22.13523697666297], [89.26502219651034, 22.13241575929436], [89.26611236936634, 22.11703925141894], [89.26512309452553, 22.112954280898872], [89.25857973343967, 22.107980602724492], [89.25506663633979, 22.103412924980276], [89.2528838646079, 22.102147523135724], [89.24649028216814, 22.100862448493114], [89.23855428645948, 22.1045925262866], [89.22844977692087, 22.104388160191085], [89.22105637388299, 22.10121408398948], [89.2195456530709, 22.100265092014254], [89.21938585283563, 22.098694971331007], [89.21804217251706, 22.098060691792515], [89.21496212288457, 22.106835051441504], [89.21424750094357, 22.114208341880243], [89.21169899016621, 22.118932066782143], [89.20453055589249, 22.126304216193788], [89.20520948261151, 22.119728056853067], [89.2073325110649, 22.115823044853883], [89.21113761063332, 22.09794902789936], [89.21505283696526, 22.090434174232193], [89.21962718510136, 22.085433502721713], [89.22554364907859, 22.08138084075401], [89.23483150894432, 22.076559220487674], [89.23737021693472, 22.074216604101466], [89.2419490014841, 22.068195296254828], [89.24501315141666, 22.061931417583697], [89.24587673150134, 22.05785458088711], [89.24304011660973, 22.0529758399238], [89.23467789794014, 22.042578090931503], [89.23201031783799, 22.037700238376207], [89.2244843755742, 22.02856134970887], [89.22164850195338, 22.02383922158319], [89.21343762615544, 22.017051071366417], [89.20846287765563, 22.003529231197078], [89.20678437343868, 22.002736293442865], [89.20308084325642, 22.002875303082043], [89.19563569843008, 22.00990181754689], [89.19170446445564, 22.020476759976177], [89.18865325894517, 22.024228550353214], [89.18156611684034, 22.02717562794691], [89.17332455197317, 22.02603550415056], [89.1635484107035, 22.028183099736726], [89.15678085794761, 22.03395577665081], [89.15491409268694, 22.036457288066863], [89.15438758856112, 22.04006444425483], [89.15504425080641, 22.042892889933924], [89.15789061039817, 22.045575645984478], [89.1672951826648, 22.049547549701426], [89.17232863283144, 22.052555100030208], [89.17668061186875, 22.056971745946846], [89.17817758202645, 22.060118259205858], [89.17864646299802, 22.06639887199819], [89.1777908946216, 22.06874874378672], [89.17457030953516, 22.072420880966565], [89.1654547311228, 22.076298420323276], [89.1515989395607, 22.084231653217884], [89.14058100062152, 22.096102089468367], [89.13364940805813, 22.100460135023553], [89.12975178792749, 22.104363176704073], [89.12174371972552, 22.119230488548375], [89.11951145871178, 22.126045692741275], [89.12692140588186, 22.12639940860854], [89.13468592197682, 22.12377269047558], [89.1400781363125, 22.123487255898983], [89.14393527117262, 22.12633254653879], [89.14425892438032, 22.128531419542647], [89.14221297450618, 22.132601391040602], [89.14018184150981, 22.13416031525805], [89.13292483605511, 22.13631909372515], [89.13173687810036, 22.13772542491345], [89.13152124542002, 22.145414786255508], [89.12929170674457, 22.15183771789832], [89.127594235798, 22.153868850096842], [89.12168106948478, 22.15650515404541], [89.10954148201148, 22.157851960348335], [89.10751062181174, 22.159253495197046], [89.10579718539213, 22.163795370018974], [89.10070149415677, 22.17020239072371], [89.09646597972551, 22.173788743979323], [89.08496120885405, 22.18094408903623], [89.08342954530988, 22.183289574734427], [89.0822308308183, 22.192560586331517], [89.07571025678159, 22.194857757784398], [89.07180214471119, 22.19375969240373], [89.06805062966146, 22.200315529305964], [89.06525962597578, 22.203095124784195], [89.06155009200495, 22.205167020297218], [89.05902762833367, 22.210832842013545], [89.05274421489798, 22.215107064161227], [89.04375236052063, 22.223448261502504], [89.04122460880006, 22.22688162378365], [89.03637782488994, 22.237048913884955], [89.03615347190797, 22.248303515066187], [89.03551641712136, 22.25055131565718], [89.03460859832336, 22.25075397705258], [89.03444821153693, 22.25539309251014], [89.03289827372923, 22.259226742607247], [89.03182712022564, 22.26006329281937], [89.0291198701394, 22.260138319680628], [89.02533071092145, 22.258785750309457], [89.01786357091744, 22.25382578515202], [89.01341446319778, 22.25403737477118], [89.01198339175127, 22.255374652506838], [89.0116439580932, 22.256898380111995], [89.0129382805379, 22.259540319765886], [89.01856620127649, 22.26466189213076], [89.01942863979522, 22.26972578559691], [89.01691153652523, 22.27177384591203], [89.01096472902555, 22.274278087320315], [88.99540701488733, 22.28494013349533], [88.99460007377331, 22.288346336891024], [88.99487577221731, 22.292041532455848], [88.99689937674995, 22.295865255367747], [88.99829521438778, 22.29682689016958], [89.00493601338773, 22.29848301613972], [89.00739479362724, 22.298343662728154], [89.02101799653184, 22.294199672003717], [89.02315901177774, 22.2948132907923], [89.0240567734082, 22.296233257679926], [89.02250707698714, 22.300182226691806], [89.01455326752391, 22.307747507217396], [89.0099604857396, 22.315271379773044], [88.99989941614172, 22.324036844558876], [88.99757188248586, 22.324598057351025], [88.9916977065831, 22.32271348086185], [88.98923020552166, 22.323202848475926], [88.98664688292946, 22.325023292470853], [88.98564509491399, 22.33118136302638], [88.98595630180482, 22.33606492408326], [88.98917744361322, 22.349384498404618], [88.98706312823337, 22.359217487731925], [88.98900786616824, 22.364263960453496], [88.98854433403841, 22.366041452342195], [88.98635083721707, 22.36877918606947], [88.98317168437636, 22.371525375790874], [88.98247100682926, 22.374763883595556], [88.98408223729476, 22.379343665948376], [88.99079454141804, 22.38746133986748], [88.99157762316513, 22.390797773625376], [88.9893483280885, 22.393651890887018], [88.97346315811264, 22.405946989120945], [88.97162501029291, 22.4080411520259], [88.97124963673375, 22.409956325003616], [88.97162235401771, 22.41157844774188], [88.9731515458903, 22.412657748588977], [88.98084193980922, 22.416548897554595], [88.98774136975499, 22.42465180154762], [88.99877325347681, 22.429377143407198], [88.99955435790595, 22.43058593329778], [88.99889436388953, 22.43348967066398], [88.99016833451401, 22.44185054471956], [88.9887501320542, 22.446595062310365], [88.99403932808504, 22.45593306950337], [88.99618455297094, 22.46897584298328], [88.99408106207997, 22.47291387103831], [88.98673346561439, 22.47804382665381], [88.98180307444537, 22.483194922636635], [88.97510219509131, 22.49701732816382], [88.9713946869113, 22.529183666306313], [88.96277081362221, 22.54950046988093], [88.96139869692355, 22.55145063541168], [88.95912529132325, 22.552855238638564], [88.94942822933892, 22.55506396321087], [88.94460801055907, 22.55868423378397], [88.94422385730178, 22.560121612498158], [88.94519461673177, 22.568667740873977], [88.93932904933197, 22.583219769690682], [88.93941613862837, 22.590425179707413], [88.94468533080732, 22.59734377652784], [88.95387292522777, 22.60422371635919], [88.95758049956243, 22.608615229454582], [88.9593723535834, 22.611376520261345], [88.95797949155059, 22.61651254870975], [88.95284899929342, 22.61844182096992], [88.9438794756735, 22.61996039324931], [88.93760986369796, 22.623843761669743], [88.93390111283269, 22.627959570883366], [88.92774675560752, 22.645003208717313], [88.92799545135978, 22.65045699552712], [88.92968533296607, 22.650392639729272], [88.92956611129406, 22.65184499036334], [88.93062233399625, 22.65357193716952], [88.93155316100763, 22.65173828282356], [88.93305425206593, 22.65158823326527], [88.93331050293357, 22.653178860706408], [88.93474810444935, 22.6536519171105], [88.93549500544142, 22.654997400780758], [88.9336292684662, 22.65675626686811], [88.93707600399094, 22.659087888223922], [88.94225987087388, 22.65954842712667], [88.94485461309674, 22.662078626865817], [88.94752159880804, 22.671378207218], [88.94793534326887, 22.677229652079628], [88.94912691215066, 22.679492001770946], [88.95398424597718, 22.685010377761422], [88.96107423538085, 22.68544665039038], [88.96060186619016, 22.687174493480228], [88.96136555024029, 22.68893265932292], [88.96132564775453, 22.69499340270697], [88.9567361035057, 22.70235602775323], [88.95376357291967, 22.70521891522725], [88.95067745866166, 22.70660131990145], [88.94812840226726, 22.70573747670483], [88.933977855053, 22.71425650126137], [88.92719701078354, 22.719304750891695], [88.92522681892517, 22.7278398243492], [88.91848118643667, 22.730759863260936], [88.916697894418, 22.73243604651109], [88.91530576071652, 22.739066447349682], [88.91604686736066, 22.743723287495627], [88.91818787931132, 22.74811947754833], [88.92126917032904, 22.750729014759536], [88.92107216004726, 22.75349364837695], [88.92080636021845, 22.754591858636925], [88.91851256507813, 22.755625256681572], [88.91375610156965, 22.75497960369059], [88.91195895455205, 22.75920169164007], [88.9139616012431, 22.761130239822464], [88.91479554682405, 22.765059735016674], [88.91596065510875, 22.766142531853845], [88.91683803626812, 22.769013802344546], [88.9198705525487, 22.77068082809443], [88.92673361768223, 22.770940236214305], [88.92787034913626, 22.774427415307613], [88.9258681057378, 22.775742595257714], [88.92543261957414, 22.779616352456017], [88.93013420603492, 22.780780692601738], [88.9302369134795, 22.783458708620635], [88.93556888690185, 22.78237799230171], [88.93669793934423, 22.783518270055353], [88.93663505017037, 22.789352934136392], [88.93718921304293, 22.790871287059428], [88.93885796528377, 22.79151835126671], [88.93897650223823, 22.793195540394645], [88.9439907229789, 22.79104009493617], [88.95081861261357, 22.797154250972568], [88.95488548833349, 22.797501614408983], [88.9590301094494, 22.796835182702452], [88.96038071950927, 22.801640341198976], [88.95965991528888, 22.804829533868393], [88.96065956815718, 22.80690368697597], [88.95831755150422, 22.8082720914696], [88.95825978697239, 22.80910187157041], [88.9560590303765, 22.80854636226199], [88.95558568420961, 22.8105693980789], [88.96130356522033, 22.81577231038771], [88.96368345984179, 22.819672974892796], [88.96455678630751, 22.829975874392034], [88.9682225293624, 22.839798388688543], [88.96875532260623, 22.84474721053668], [88.95895239089879, 22.856868408582404], [88.95943151466548, 22.85974616819257], [88.95837875599982, 22.861319421271492], [88.95708617707638, 22.862863432350483], [88.95399293972034, 22.863832196671158], [88.9547079413727, 22.866683289424422], [88.95265888133879, 22.871532163708025], [88.95056604287795, 22.873574973999084], [88.95072233734635, 22.875791807078055], [88.94664147937019, 22.87928809437942], [88.94289536723431, 22.879498083622124], [88.94002358701819, 22.874756076792696], [88.92888791141505, 22.87224325900427], [88.92528019417206, 22.875095781666438], [88.92341817653048, 22.8793324203401], [88.9211480018775, 22.879306309620645], [88.91955708946574, 22.878209350827067], [88.91940816236655, 22.876934756356476], [88.91788183049152, 22.876573240174153], [88.91641872573311, 22.87887841988358], [88.91579384424656, 22.87877536806548], [88.91554760317484, 22.880207597022423], [88.91265586106766, 22.878283690012807], [88.9098024220798, 22.879546767067488], [88.91295881369385, 22.880406701550843], [88.90924900990932, 22.88121285134141], [88.9087669551357, 22.884697207583077], [88.90658948485074, 22.88548613791152], [88.90618321751407, 22.88645941412803], [88.90821431135902, 22.887100566567437], [88.90640430777032, 22.887571928003187], [88.90574189490344, 22.889448379959937], [88.90813564297068, 22.89343008952946], [88.90554245397914, 22.894031543102805], [88.90440239432846, 22.895628642590843], [88.90311352164085, 22.894814171621864], [88.89911136512461, 22.89724897058449], [88.90063735467756, 22.905423161419453], [88.89562375567422, 22.91182286052726], [88.89770586483112, 22.913843647577753], [88.90573842051111, 22.91418540190428], [88.90879287240173, 22.917521319012074], [88.90836651869944, 22.919393183495934], [88.90647172733118, 22.92122502115767], [88.90222201305141, 22.923318318213543], [88.89073694012822, 22.926919201128054], [88.88720530789676, 22.933348120054603], [88.89300118748645, 22.93725450440855], [88.89309979884536, 22.948401141382252], [88.89470665297671, 22.951695609987727], [88.89426278766038, 22.952532526853492], [88.88885704365622, 22.95354307248147], [88.87914608774872, 22.95362322235363], [88.8772375951969, 22.94888355875559], [88.87544122452816, 22.94814655609642], [88.86969790712641, 22.950947536174255], [88.8643870288822, 22.947008216919013], [88.86130537088835, 22.942210864747587], [88.85982620699183, 22.942410809457353], [88.8556204569651, 22.956836707466838], [88.85631862217927, 22.965694500516104], [88.859496259817, 22.971514978315305], [88.8689268028879, 22.97575658853374], [88.87152559481285, 22.978688024714028], [88.8663145981743, 22.98405552367328], [88.864432580869, 22.99154672936105], [88.86492894761396, 22.998107139694252], [88.86374528982441, 23.000120182979384], [88.85921262186218, 23.00263920637539], [88.85061394372468, 23.00436145949258], [88.84562977779004, 23.008656145091372], [88.84568704828114, 23.01145767264798], [88.84685275605038, 23.011599957043533], [88.8528301952468, 23.008482107918432], [88.86015405611542, 23.007042425281593], [88.86937385487471, 23.00653272040933], [88.87683111365568, 23.003828126352794], [88.87903930081272, 23.0047774840266], [88.88078670280382, 23.007957350672154], [88.87969717546801, 23.010514810898147], [88.87388085483772, 23.011105806001225], [88.87234069580595, 23.01807677306615], [88.87733974079218, 23.02548488527791], [88.8779527937627, 23.025951571659537], [88.87859563800569, 23.024660564893335], [88.88077004003115, 23.02582870018361], [88.88003765399738, 23.026959888900706], [88.88129527656142, 23.029695396852773], [88.88076669311197, 23.03251254335081], [88.88373237127475, 23.037821879750226], [88.88418088475994, 23.040242299879882], [88.87924246845232, 23.04180383158702], [88.87504205614857, 23.04519722355302], [88.8740902481525, 23.051313728533035], [88.87470583461315, 23.061211203104776], [88.87389485461489, 23.06204259938975], [88.87358935916062, 23.066019105969765], [88.86952426635682, 23.067930305049384], [88.86669817163084, 23.07202647663859], [88.86805151157363, 23.073142619891524], [88.86109770572382, 23.07807218784545], [88.86407597344035, 23.07786782838321], [88.86381241204009, 23.07997155546863], [88.86598656346371, 23.08100216873225], [88.86658648678414, 23.083604915260242], [88.86586646529611, 23.08495400591934], [88.86614582582673, 23.08667494450067], [88.87030574548099, 23.086450727778058], [88.87159445376187, 23.08714299907763], [88.87066818247536, 23.08886152139817], [88.87272083316789, 23.089156185382315], [88.87397724416509, 23.09025070377379], [88.87296784070898, 23.095828203115015], [88.87188995692861, 23.096295257469052], [88.8718404919215, 23.097432391484713], [88.86960754988188, 23.097666495966646], [88.86910585349034, 23.099645459835777], [88.87212022547862, 23.102518365079078], [88.87475161298917, 23.102409002832086], [88.8745123063766, 23.103225271408196], [88.87599049519444, 23.104306116179302], [88.87872807103184, 23.10339188855281], [88.87953327809456, 23.105454118339125], [88.8833628265394, 23.1046243323711], [88.88187854879939, 23.1096882094683], [88.88267346563397, 23.110865199187053], [88.88429067943409, 23.110944948049323], [88.88984187311766, 23.10834613914365], [88.89214946991683, 23.108180583142474], [88.89458766192938, 23.110586696177954], [88.89990142251168, 23.112386804399637], [88.90280910965777, 23.119040639527228], [88.90389035140616, 23.118997349911602], [88.90554157457068, 23.12456813545753], [88.91008864768267, 23.12778629842928], [88.91048581185515, 23.13000080407534], [88.91772416384805, 23.12929419952287], [88.91941817443461, 23.13399071649926], [88.91943867653517, 23.13912567161069], [88.92079471904695, 23.14271058810768], [88.92278300234256, 23.14373071590387], [88.92360777367256, 23.145136908283742], [88.93081487541781, 23.142810485810767], [88.93053025272857, 23.147177331307795], [88.93191261079144, 23.146294772889448], [88.93240994739187, 23.147474026015264], [88.93254887740585, 23.154364862502103], [88.93032742177512, 23.160192511591355], [88.92923263161978, 23.16113063356275], [88.92840259843476, 23.160482009252753], [88.92822927409419, 23.16361952158527], [88.9337178572228, 23.16193726267754], [88.93412099392238, 23.16469030077059], [88.93274558550962, 23.16613686700752], [88.93536244318817, 23.17222873975981], [88.93835757467642, 23.173239681568297], [88.93855099362811, 23.175076218284424], [88.94141717678231, 23.17661744205543], [88.94441289020612, 23.17656078060692], [88.94403165219137, 23.17806829865829], [88.94519056035253, 23.178186711874677], [88.94559758507117, 23.180205317279373], [88.9505951728244, 23.181178625732496], [88.95092201711418, 23.182371364900995], [88.95456120140089, 23.182229607547672], [88.95736380659663, 23.18366682107275], [88.95876097530439, 23.186184774197244], [88.95802284100358, 23.1868776300113], [88.95815930368511, 23.18896893176627], [88.95923100191588, 23.19034948696354], [88.96199369781202, 23.191684746423253], [88.96249590122954, 23.19319757133979], [88.96680584973589, 23.193578185394376], [88.97482828951318, 23.19273645937509], [88.97598238768862, 23.188214290257164], [88.97591903267377, 23.187031214833137], [88.9752072444114, 23.186841420518295], [88.97622614642856, 23.18250296152455], [88.97751180026981, 23.182907044218165], [88.9775213880657, 23.18381485069571], [88.97846644263444, 23.18376114754614], [88.97884095684839, 23.18285018784176], [88.98037476514547, 23.18310343718743], [88.9786563202192, 23.185011657091565], [88.97980994320861, 23.18696728850171], [88.97829274819898, 23.188138982153323], [88.98128162757712, 23.192607318515574], [88.98010319801145, 23.193913881563194], [88.98230825065735, 23.19538009613011], [88.98391733394033, 23.1989046152329], [88.98532925944528, 23.199675261120273], [88.98397817445135, 23.200914689270164], [88.98438509333678, 23.201657963132355], [88.98772713267272, 23.20264313402513], [88.98643598918895, 23.20488159917748], [88.98695568123648, 23.206750111430402], [88.98470966593713, 23.209260148830463], [88.97971870634885, 23.211100915785238], [88.980185397214, 23.21282119997145], [88.98247481908706, 23.21504215824119], [88.98539748204894, 23.21599813966943], [88.9877879038211, 23.215209673635812], [88.99409274915705, 23.21083052364607], [88.99562303125097, 23.210703690396656], [88.99831945731528, 23.212227585796835], [88.9960358884236, 23.213239317726536], [88.99396190193279, 23.215621310837825], [88.98804643659389, 23.2170917421564], [88.98315254326961, 23.221850086329393], [88.9823561825153, 23.221833078768878], [88.98096691102695, 23.21688174723326], [88.97992481174586, 23.216131523341094], [88.9809907874001, 23.22210705694822], [88.97965627320282, 23.223943236606853], [88.97668298169702, 23.224885278628577], [88.97481238603572, 23.22452083366104], [88.97397210598662, 23.22281559900436], [88.97893887213326, 23.2157485925319], [88.97879311663864, 23.214876034140403], [88.9757043899953, 23.217886262071502], [88.97281090832931, 23.222582775057216], [88.97129695816113, 23.22287037485799], [88.96977091007714, 23.22103192126605], [88.96453886938224, 23.218211111550197], [88.96375713378083, 23.21503508900728], [88.95981365710931, 23.214053332288692], [88.95539555255004, 23.211673979636277], [88.95210927257364, 23.211297038930784], [88.94747800816654, 23.207701219382265], [88.9447061828355, 23.206768137747908], [88.94049524053656, 23.207304341175522], [88.92995728157459, 23.211378764769147], [88.9296572922509, 23.21457410519429], [88.92876371938932, 23.21461543930891], [88.92955059385038, 23.215930459338136], [88.92913457740526, 23.21678342269719], [88.92750765387754, 23.21687563950498], [88.92703416906494, 23.217924653796324], [88.926003662576, 23.218092615969294], [88.92415283748068, 23.21613015051604], [88.92296488820102, 23.216587173139164], [88.92314946213486, 23.217676809431115], [88.92161029670676, 23.218894630360193], [88.91669339111688, 23.219664688479686], [88.9171175424886, 23.218684802887196], [88.92148759038619, 23.2178601744176], [88.92158965913885, 23.217090885377218], [88.91972046590922, 23.21461228351444], [88.91599547295672, 23.21278925717078], [88.91419128448655, 23.21513419359786], [88.91641005407408, 23.22234358087542], [88.9149994758697, 23.224074791348354], [88.9149653728834, 23.228785928696144], [88.91218543093379, 23.23147013307873], [88.91184970448262, 23.233965182804667], [88.9066455825074, 23.235725317015493], [88.90606631578329, 23.234959768431413], [88.90529072337095, 23.235872252203244], [88.9041072023153, 23.23572061866454], [88.90254601410832, 23.233870567704734], [88.89945458881657, 23.23229656200287], [88.89834538611586, 23.232062988981234], [88.89656493594447, 23.233085233942802], [88.89442816278162, 23.231124937041642], [88.89314877031943, 23.232421063983505], [88.89063226817649, 23.230886500432163], [88.88732312018114, 23.23202372532171], [88.88581765485043, 23.22632682424825], [88.88472325413895, 23.22968801468543], [88.87598316871609, 23.23250527370519], [88.8745348390311, 23.234330100621964], [88.8617822769485, 23.234106158709572], [88.8603579575626, 23.23232387374125], [88.85910378736504, 23.234997272121877], [88.8568936816467, 23.2343230056212], [88.85612066880007, 23.236292560075572], [88.85490306046725, 23.23659981064083], [88.85367490346147, 23.2344943106852], [88.85107163342309, 23.234120230184047], [88.85092686668654, 23.231158945697622], [88.84964000268388, 23.230535358283472], [88.84633286014663, 23.23076401203949], [88.84484763865133, 23.231508964250253], [88.84431264451462, 23.23362641008581], [88.84100143172051, 23.235979117941813], [88.83697648939575, 23.243667159394693], [88.8349237753173, 23.242452962439625], [88.83096262267995, 23.237045033514864], [88.82590935318154, 23.233378788827203], [88.8243013010397, 23.233103147980966], [88.8225041799553, 23.234849219745207], [88.82287992075388, 23.23759152210098], [88.82837945620197, 23.244654930711256], [88.81612450480696, 23.250637549951886], [88.81518006307361, 23.252224552042428], [88.81342561631374, 23.25297111156392], [88.8121502127421, 23.256706301965608], [88.8114323282975, 23.25695093918569], [88.81061914718981, 23.255403723001184], [88.80947314619056, 23.255116180827823], [88.80900403925833, 23.249156684259948], [88.81018499022804, 23.24784020985446], [88.8084658760397, 23.24526664807069], [88.80903170977753, 23.24463024166072], [88.80739202636555, 23.243470192182997], [88.80550524150964, 23.238025455742445], [88.80629438896867, 23.23236847624232], [88.80858516198413, 23.228977457261152], [88.80846050261152, 23.225301668269744], [88.81129511997217, 23.221482320349946], [88.80910343655849, 23.22002514806409], [88.80326917476259, 23.218845089035106], [88.79199816390063, 23.219892956249705], [88.78971958824216, 23.218345664254464], [88.7871984407601, 23.22253055553864], [88.78619625614293, 23.221640523947812], [88.78327699229104, 23.223164092552867], [88.782149927011, 23.22126376348605], [88.77867503083291, 23.22091730629094], [88.77847751107555, 23.222320218432685], [88.77710245669667, 23.222777488524255], [88.7768537690851, 23.22399541206112], [88.77423319654399, 23.224597629327576], [88.7740966664365, 23.22841249846434], [88.77284224334542, 23.229763687324606], [88.77326490125267, 23.231002648598004], [88.77617444550317, 23.2307769579783], [88.77527928859297, 23.23449277662903], [88.777108095181, 23.2345962080648], [88.77772953985425, 23.2358790419338], [88.77612010414119, 23.23660204121975], [88.77539646122688, 23.238788304958774], [88.77335413952046, 23.23854770822104], [88.77415713487707, 23.239346514044218], [88.7738388755644, 23.241118210997808], [88.77128040620758, 23.241604566256008], [88.76913569327846, 23.24473026802542], [88.76688307201897, 23.245894068531076], [88.75942739732145, 23.245548041763836], [88.75866843479307, 23.241911286244882], [88.75204821246663, 23.24040021404445], [88.74746392767229, 23.24358636292873], [88.74155171487607, 23.24637732415406], [88.73913876963121, 23.250727053798176], [88.7384756702788, 23.25783304888262], [88.73898429680654, 23.265492607262622], [88.7406894140988, 23.272620428788166], [88.7441921498732, 23.276479618085805], [88.74531762900264, 23.28251387357842], [88.74346799098142, 23.2890566195397], [88.73400076838993, 23.290621430363196], [88.72378879528938, 23.29403841975552], [88.71660038053989, 23.29516402629283], [88.72248539250296, 23.30523093423697], [88.72063509481706, 23.306577921082855], [88.71456330648378, 23.30702216594784], [88.71033689447373, 23.308667886887896], [88.70934069393434, 23.310061835916013], [88.71031318405991, 23.312836881429927], [88.70977954607456, 23.314111582267255], [88.70552637576546, 23.317197470881496], [88.69591694360027, 23.317623000400406], [88.69507516933389, 23.318796862457653], [88.69510843848045, 23.323902760256082], [88.70408445484475, 23.327733807623602], [88.70666257320586, 23.329640443543948], [88.70974633458154, 23.3298329570045], [88.71095524562996, 23.328993945762505], [88.70604629295823, 23.32763487229283], [88.70448424621436, 23.325712925118175], [88.70467907851008, 23.324688329516746], [88.70612459916588, 23.324377396869473], [88.71279322384927, 23.325828264232168], [88.71680664026385, 23.324840057945057], [88.7174955067915, 23.3238844024568], [88.7164493508474, 23.321597061928085], [88.71718767624156, 23.32067680931868], [88.72338349535354, 23.321549847596884], [88.72511749792076, 23.32286677017232], [88.72425998408119, 23.333424464520686], [88.72793106331707, 23.33409217682169], [88.7295456303336, 23.334009321067523], [88.72966960088911, 23.333314895486485], [88.7271750479775, 23.330389301078064], [88.72742201149158, 23.329200833567437], [88.73007624655673, 23.326740946535235], [88.73606076644714, 23.325178896397908], [88.74093794466728, 23.325688374813808], [88.74359915195656, 23.327231565726375], [88.74409229316905, 23.331082422233735], [88.74729614715375, 23.335167788174477], [88.74180251050592, 23.338865656136537], [88.73192269492215, 23.338601383714636], [88.73096683053113, 23.339222463850756], [88.73245197872365, 23.340544069991903], [88.73421695062427, 23.345947373495374], [88.73710810895808, 23.348451017432343], [88.73470386151801, 23.35010865341673], [88.73177651594088, 23.350160040066864], [88.73046440978577, 23.35309877182285], [88.7308457692916, 23.353819872933407], [88.73292591748388, 23.3540817066554], [88.74123781252405, 23.351556708309968], [88.74444670464442, 23.351734887195036], [88.74495729395463, 23.35224418625325], [88.74216031189107, 23.35499894692838], [88.74485394171337, 23.356796970472033], [88.74427119519318, 23.35800873716249], [88.74555397483222, 23.35839044834311], [88.74699214136777, 23.36026021823962], [88.74699042991057, 23.362102083204967], [88.74785528042614, 23.363143122379565], [88.74965899828148, 23.363269311363005], [88.75728954806435, 23.36011315195034], [88.76081400438225, 23.362447548960258], [88.76498850051459, 23.36726110199278], [88.76500541547682, 23.369362780297593], [88.76364633393723, 23.371916459360204], [88.75904177230765, 23.374705197063722], [88.76037617263016, 23.37649500308649], [88.75898556358997, 23.377360040366252], [88.7594988700831, 23.378349120772185], [88.75892352559185, 23.379819528281804], [88.75959331009784, 23.38101362540805], [88.7608269639887, 23.380920106615516], [88.76279769978629, 23.387453699807942], [88.76060023310735, 23.387117932692675], [88.75939041041732, 23.38484310328605], [88.7559909217115, 23.388779263853493], [88.7534458908943, 23.38941378171832], [88.75283365508629, 23.391872258527297], [88.75433475528759, 23.393337744505644], [88.75393291078103, 23.394781285586713], [88.7498854799151, 23.39782251933395], [88.74987469121459, 23.40076276668745], [88.75176458840365, 23.403232196381957], [88.75430441795254, 23.403378904539313], [88.75860609995667, 23.40570941056161], [88.76082421202827, 23.4098375076003], [88.75853315853051, 23.4116273245974], [88.75733853265362, 23.413798382324153], [88.75454762548, 23.41418483414021], [88.75452658716321, 23.41528877252767], [88.75656823118871, 23.42324602116625], [88.75802812647603, 23.425987421081146], [88.75935609397777, 23.424123932104507], [88.76109089904776, 23.42681273559894], [88.76008713528152, 23.429693168277982], [88.7621445851282, 23.431377506389012], [88.76117359677927, 23.433463428631057], [88.76247665966709, 23.435001786887305], [88.76211969412321, 23.439075001896676], [88.76348421482763, 23.44203630706398], [88.76283632644558, 23.446012384146847], [88.76475058017293, 23.447434209170165], [88.76400577297125, 23.448150269440355], [88.76828749553219, 23.44878020687599], [88.76959748084957, 23.44675562251512], [88.77043328719975, 23.446647622548372], [88.77089597278443, 23.448051721445523], [88.77258298551146, 23.44898452473098], [88.7732247851266, 23.448155846931623], [88.77204511766608, 23.44700802879633], [88.77337998307824, 23.444500417297082], [88.77830468482615, 23.44342929294671], [88.77954009651174, 23.44280731335479], [88.77980068738346, 23.441711450507302], [88.78128222272426, 23.441533362895267], [88.77806226704865, 23.43838947304397], [88.77891729268447, 23.437614932848522], [88.78165925992448, 23.437676999989193], [88.78219895990235, 23.438264312898788], [88.78120064016933, 23.43878881983516], [88.78229054490193, 23.440353580386603], [88.78458282688723, 23.438987356570568], [88.78492051395398, 23.43995862327159], [88.78337795785193, 23.44219321318674], [88.78526195053556, 23.4449032506927], [88.78675490334139, 23.443679230510956], [88.78857045970699, 23.444678906004896], [88.78924087439583, 23.443953114233413], [88.78917959385075, 23.443057946752205], [88.7867182562507, 23.442232198324348], [88.78723560346181, 23.441418860355462], [88.79047230716705, 23.44178096803406], [88.7913375752524, 23.44428039188577], [88.7923898364146, 23.443845989373585], [88.79252671326793, 23.44234949628396], [88.7943470429891, 23.444107232684747], [88.79369369239032, 23.4453485448967], [88.79434233639577, 23.447760478872176], [88.79127634131572, 23.447682006129206], [88.79029693795722, 23.45042453532024], [88.79121753406022, 23.450681731947704], [88.79167821489227, 23.452029313466166], [88.79050236888504, 23.45342969449135], [88.79281873819785, 23.45501687289064], [88.78986157233136, 23.457245083964867], [88.7893826822309, 23.459438299117114], [88.79270297694029, 23.460648863111672], [88.79232854115952, 23.461150039573337], [88.79038515312519, 23.460486965216493], [88.79051480180898, 23.46260982617187], [88.79194214880344, 23.463569768023213], [88.78842051178384, 23.465741073037844], [88.78927955241714, 23.466988455805854], [88.7873634615231, 23.467415550403498], [88.78784376840946, 23.46906077076753], [88.78718132252588, 23.470003933606737], [88.79151305223087, 23.475446907417513], [88.79397501367953, 23.481086426800108], [88.79686505828982, 23.482431884768967], [88.79921412932103, 23.482295333342712], [88.79955918929575, 23.485516617172703], [88.80112158959432, 23.485889341756877], [88.8008664258457, 23.48669739776787], [88.79675795078748, 23.48604142566732], [88.79476803919233, 23.48648214376063], [88.79670310872193, 23.487330257599698], [88.79665862110052, 23.488894067293792], [88.79917821813055, 23.492003990333505], [88.79832354596019, 23.49328552759133], [88.79833324778514, 23.495995633669637], [88.80005983123716, 23.49693862678683], [88.79939490657223, 23.498790053167124], [88.79320373554172, 23.50309033783175], [88.78948083962857, 23.503257321569077], [88.78896478901274, 23.50293099771536], [88.78958849683501, 23.501556279735553], [88.78802637407524, 23.49815956913503], [88.78616596390728, 23.497368938373548], [88.7839612161041, 23.497755341162247], [88.78301832581133, 23.49902593823789], [88.78316216622211, 23.500724422269265], [88.78736173808215, 23.50487554394633], [88.78758153881479, 23.506105541671513], [88.78655905186271, 23.50750931772007], [88.78652322396135, 23.50540695324805], [88.78571917438572, 23.504347950801424], [88.77485626341968, 23.49940224916866], [88.76806394117912, 23.491317435375908], [88.76812204773886, 23.488225737722107], [88.77188358616182, 23.48615447273254], [88.77464857915808, 23.481746279116717], [88.77433189015727, 23.48018980402133], [88.77065749464239, 23.480375932457992], [88.7674462449406, 23.481494752252136], [88.76082773814021, 23.490249662651625], [88.75729665412373, 23.48869691874555], [88.7564447998401, 23.486278157278967], [88.76116633089147, 23.480637214965977], [88.76049122093384, 23.478685563066687], [88.75620503134179, 23.47843466822232], [88.74773092419301, 23.48214648949915], [88.74676931537891, 23.483723215832292], [88.74838843220184, 23.48740299486995], [88.74755317265569, 23.489141046845535], [88.74549261328589, 23.489073106226627], [88.7452505630933, 23.48807149003504], [88.74328297696024, 23.48707459590042], [88.74262282218105, 23.48721716085493], [88.74314022213272, 23.48809230350039], [88.7413781664003, 23.487332989420512], [88.74431862892177, 23.489382573604306], [88.74120241704478, 23.492436020365076], [88.73666460870814, 23.495107025673207], [88.73004459944514, 23.496999472617958], [88.73114928066222, 23.49943170967292], [88.73055620362558, 23.503904189483777], [88.72721343331764, 23.50985963228624], [88.72434086609809, 23.512595774468398], [88.7226669230223, 23.513436644444802], [88.71980134998691, 23.513025892017353], [88.71420532854822, 23.50989332342776], [88.70556022481453, 23.517563799947755], [88.70019091235393, 23.51589060953016], [88.69879076435062, 23.516569808636273], [88.69694354496747, 23.5191672248582], [88.69748547139174, 23.521822443119017], [88.69682876513099, 23.52613107809049], [88.69267471348637, 23.525753618430162], [88.69117929595355, 23.530603822540503], [88.68517151057716, 23.52948184829819], [88.68696608617995, 23.53447886278554], [88.68679509377864, 23.53690287373022], [88.68528491942018, 23.53935226202996], [88.68174515238826, 23.540296552915624], [88.68195969147146, 23.543249324083554], [88.6804368874676, 23.545444547445932], [88.67482467285117, 23.548688709757432], [88.66696266510866, 23.546623375239268], [88.66444803625009, 23.54721140832034], [88.66174917144681, 23.54963678650121], [88.66073761341968, 23.553544217176587], [88.65512450852805, 23.55631518506897], [88.65629427743477, 23.563450869713826], [88.65237351319509, 23.571197244573344], [88.65041430022129, 23.57817314640322], [88.6505161108708, 23.58019474079724], [88.65182018919221, 23.582595918734256], [88.64979521021561, 23.58466451738574], [88.64434147249756, 23.587895304417156], [88.64437826085597, 23.58851707675726], [88.64590736689509, 23.588562023057452], [88.64425735757027, 23.591491762060762], [88.63897357624953, 23.590942632898532], [88.63908130176978, 23.59825026936257], [88.64193479030936, 23.599892940874273], [88.64391955550093, 23.60471820050844], [88.64400790070826, 23.607086238988323], [88.64578834811972, 23.608533204435517], [88.64138211354634, 23.60882885129087], [88.64063146445518, 23.61072839507758], [88.63795152476146, 23.609994271727025], [88.6363218227483, 23.606949485045575], [88.6341692299221, 23.60879998471383], [88.63259210120363, 23.609111216809392], [88.6312268360548, 23.60824913882333], [88.62942437608453, 23.608847344293643], [88.62739625797926, 23.60679123646156], [88.62401492051225, 23.60634305352724], [88.62034245255717, 23.602344720267027], [88.61161841630678, 23.602656413534135], [88.6097141304887, 23.60033534493921], [88.60590800692997, 23.599680903575177], [88.60532006457615, 23.600140154095456], [88.60653767933218, 23.602691046229957], [88.60876598409804, 23.602426553953165], [88.60912851911614, 23.60411633641743], [88.6082515830133, 23.6051154307169], [88.60656104481995, 23.60445003666531], [88.60223367836873, 23.607194927200087], [88.60617794935216, 23.609632063039715], [88.60640495346438, 23.610987616189977], [88.59707293178523, 23.605897588104913], [88.59704780151795, 23.60172619502578], [88.59027530864681, 23.603346296236033], [88.58693319176678, 23.602748094605936], [88.58423049341897, 23.60355262273192], [88.5812998150064, 23.60288636918439], [88.58008632938305, 23.604803936568736], [88.58146500262066, 23.609022680107955], [88.5856233317147, 23.615595047354127], [88.59124540735031, 23.616192553664334], [88.59405170353153, 23.617468785114454], [88.59321286211662, 23.620847211433688], [88.5933416152176, 23.62539713531357], [88.59262723576148, 23.62629374706588], [88.59284199219766, 23.62740818971178], [88.59503328924619, 23.62827074740576], [88.59314231859298, 23.62920072586729], [88.59311808408924, 23.630637548395978], [88.59429639948978, 23.631992706789212], [88.59320786872755, 23.63470508960925], [88.5939718668206, 23.63605028376034], [88.59317171862223, 23.637371133657354], [88.59381200015136, 23.640749415083157], [88.59059569400692, 23.641185870373732], [88.58716325853524, 23.639324189018346], [88.57611665304206, 23.638782334693737], [88.5709590132008, 23.63638010214965], [88.56315748655166, 23.63691929284672], [88.56252997582864, 23.637101995979343], [88.56272079787054, 23.64619157970957], [88.55831349820701, 23.64984425217877], [88.56101979200096, 23.654188937864923], [88.56228548035766, 23.654740837428218], [88.5632250365815, 23.657130857196], [88.56443967963759, 23.657843692665853], [88.56678049826976, 23.657523316001722], [88.570037716242, 23.660269419126085], [88.5706527705343, 23.66214390612353], [88.56971319466581, 23.664865925705264], [88.57066581004207, 23.66663685172114], [88.57422320590139, 23.667498770108114], [88.57271107441025, 23.672864948661537], [88.57490260758502, 23.67573829569926], [88.57441580808538, 23.680219301492972], [88.57253768746448, 23.685551051391624], [88.56799241073695, 23.686297582341126], [88.56805591622208, 23.688848233971655], [88.56901990351395, 23.690009698970766], [88.56867169157297, 23.69639800601528], [88.56784612663931, 23.70293710533446], [88.5652062613191, 23.712255520682696], [88.5686148838461, 23.715623390675184], [88.5676392388699, 23.719105304817173], [88.56916822813417, 23.720024787932598], [88.56905616631488, 23.727230278140738], [88.57037288224753, 23.728734785702827], [88.57453336464914, 23.728977516097633], [88.57435957531484, 23.733230521963694], [88.57689036647344, 23.733126278489486], [88.57527525018499, 23.738332299388926], [88.57447433058519, 23.738010533117787], [88.57477282757242, 23.734355837001736], [88.57259420830395, 23.73463205854835], [88.57280723269434, 23.740009567552217], [88.57477494192253, 23.740388952353303], [88.57298712736755, 23.747639932387127], [88.57168188504674, 23.7475940088633], [88.57114343760944, 23.746674671347407], [88.57076803849677, 23.74851346562789], [88.57444203794721, 23.749708414189413], [88.57809994018876, 23.757613523465654], [88.5807923252505, 23.758795907257063], [88.58085333602737, 23.764818268083626], [88.57956668710175, 23.774705795218715], [88.57872488454298, 23.775331326933852], [88.57187634442077, 23.775511961768498], [88.56543444737547, 23.77773022850182], [88.56357513572843, 23.77888071796241], [88.56316421781256, 23.780191983707017], [88.5601659266882, 23.78120144407076], [88.56072155142606, 23.78421383133635], [88.55802499666986, 23.784131658026414], [88.55649622157543, 23.784912064685443], [88.55928125284849, 23.786428141033994], [88.57136951108049, 23.783476848356017], [88.57852890931733, 23.786953723913346], [88.58261233111251, 23.791109276570705], [88.58128490348079, 23.79693542059535], [88.58240355579176, 23.79760324953772], [88.59044987516077, 23.79737895439064], [88.59209410248981, 23.798432498832018], [88.59243821939891, 23.804039759975687], [88.59362083917178, 23.804959261773945], [88.59634137449235, 23.80505233630789], [88.5958070092054, 23.806284116575455], [88.58830913144034, 23.81037036146813], [88.58900451523604, 23.812440238045202], [88.58849705395407, 23.81296163192838], [88.58664863032666, 23.812792874265337], [88.58684393903987, 23.811185508784], [88.58582761843797, 23.811846721159696], [88.58523016014624, 23.813171009205675], [88.5857106314672, 23.813867956665597], [88.58909529789895, 23.81411569723499], [88.59164048779263, 23.811571422612626], [88.5937143827039, 23.811680654478845], [88.5939019324431, 23.80930446679596], [88.59530367281515, 23.80964855380862], [88.59655490757416, 23.81121096950473], [88.59818592158973, 23.810716132035243], [88.60318585054308, 23.817696529940186], [88.60090253129279, 23.82154605423978], [88.58893124183777, 23.827642156906975], [88.5870406093885, 23.830812663571916], [88.58699875639134, 23.842743473399114], [88.5885519291739, 23.84808861752296], [88.59148899543433, 23.85113907741973], [88.59146016664049, 23.8531814347493], [88.59080367175625, 23.853680017158524], [88.5903987491227, 23.853075209133618], [88.58839317663399, 23.854869178194743], [88.58560628823527, 23.855706035025243], [88.58287400051928, 23.8547643088387], [88.58018546052642, 23.85164204332963], [88.57833241009075, 23.851117542818873], [88.57717108359535, 23.852548896065823], [88.57784058575643, 23.85308337045457], [88.57686467675428, 23.855431346087425], [88.57798707265432, 23.857934727304148], [88.57644339638361, 23.862168800435807], [88.58265658378649, 23.86301460428721], [88.5833100289617, 23.864524216148947], [88.58286750607652, 23.86655711202343], [88.58513185529966, 23.86700971508708], [88.58444085234677, 23.869149263478512], [88.58619531764808, 23.869537335276675], [88.58763514418429, 23.87134933943344], [88.59581773359443, 23.86929917630191], [88.59960510386863, 23.86947534485881], [88.60710156136996, 23.862806471118375], [88.60901473642309, 23.863044453954924], [88.61041669728054, 23.864547176778434], [88.6105180157697, 23.865980019770955], [88.60947516026961, 23.870129233911936], [88.60965480625757, 23.87307711576256], [88.61268444686723, 23.874911153206785], [88.61934540429935, 23.87679524932706], [88.62517408212845, 23.875268180600035], [88.62639747297095, 23.872871287945546], [88.62421435638815, 23.86816202577759], [88.62482252194597, 23.866540236111028], [88.6278781201488, 23.86516152707387], [88.63285232397025, 23.86680704110397], [88.63776940045774, 23.871285292020378], [88.63961590943563, 23.871167289109913], [88.64335050118021, 23.86879637067864], [88.6462579660504, 23.869964922877468], [88.64950447628198, 23.868629789971102], [88.65033763454143, 23.867268932294955], [88.65222641203903, 23.86638183529119], [88.6539064908718, 23.86686049108317], [88.65419123563575, 23.865527551044735], [88.65481623625571, 23.869100743203603], [88.66142281116393, 23.86914929958776], [88.66156589764658, 23.87090252145722], [88.66777189129215, 23.86977162408041], [88.66736997884908, 23.87192030427409], [88.66409338541064, 23.877420454638937], [88.66387148949478, 23.878856120464448], [88.6648161026527, 23.88068346253704], [88.66442191232991, 23.882340017241827], [88.67634688377187, 23.884543289373322], [88.68415999576676, 23.889948663652966], [88.68587655577201, 23.892722260472205], [88.68868391670844, 23.901748845628607], [88.7007209031983, 23.899051440376645], [88.70096437259886, 23.90082749980977], [88.70400460929716, 23.898965694936653], [88.70556068329641, 23.90200414641232], [88.70465418873913, 23.902470635036405], [88.70309732073963, 23.900590378992565], [88.70287076498556, 23.90271524043625], [88.70130926546538, 23.902591433363835], [88.70101036045611, 23.90497983234749], [88.7000405073613, 23.90542430874158], [88.70410744369202, 23.907155312610534], [88.70221588380134, 23.906633065773914], [88.70192959163546, 23.90794351202214], [88.69990911813548, 23.908248165847063], [88.69970524753154, 23.910062209846167], [88.70135514549946, 23.912468769556167], [88.70370788282673, 23.911851949413116], [88.7044536118546, 23.91243000248217], [88.70696922884204, 23.91629720514134], [88.71353875027076, 23.912900832381506], [88.71534380115783, 23.914548825477095], [88.71584864168179, 23.916241820896328], [88.72309526678774, 23.91639475481075], [88.72589101583289, 23.91289420110589], [88.73111060312745, 23.91375410602125], [88.73034330872174, 23.91106558377873], [88.7308908032162, 23.910830784358556], [88.73341477867203, 23.910991577760882], [88.73397336004146, 23.913934621073224], [88.73577998328199, 23.914756064865145], [88.73371258329273, 23.92185373193842], [88.73377637482798, 23.92305706448163], [88.73623021808378, 23.92341422897037], [88.73503071138305, 23.928047951420734], [88.73725811880298, 23.92934697059332], [88.73556676647759, 23.931106509699735], [88.73538840093063, 23.93305854324201], [88.73843688462057, 23.933191976659213], [88.74102833778426, 23.930208754398702], [88.74249900979892, 23.93103245342662], [88.74333293827533, 23.929728660649236], [88.74375038736893, 23.930057188231885], [88.74116954430549, 23.936195163615576], [88.74074746827084, 23.938494027010776], [88.74158697870632, 23.93997802812113], [88.74060056169087, 23.942178004826825], [88.74131328799987, 23.943375929287875], [88.73956577852674, 23.944516991350312], [88.73919932544322, 23.94977449141424], [88.74136765656169, 23.95134898369275], [88.74187050325212, 23.950667883854265], [88.74271363127943, 23.951153992829205], [88.74095686089932, 23.953681800192367], [88.74016183910771, 23.954090700630676], [88.73941079652101, 23.95300760030738], [88.73803260002694, 23.953639730978477], [88.73412861058206, 23.95757497790218], [88.73422626385384, 23.959651194594617], [88.73335508934682, 23.961184903740612], [88.73650246921085, 23.964346255160102], [88.73758052605427, 23.97120844106752], [88.7365802500836, 23.97885782852191], [88.73774033692379, 23.98194577697929], [88.73954563278006, 23.983695678182254], [88.74263141321143, 23.984666423862983], [88.75150767884983, 23.983965092837906], [88.76547069345901, 23.980910504404335], [88.767926314913, 23.98085122531967], [88.76884680600106, 23.981727843822526], [88.7619060729152, 23.995860689009824], [88.76152971314731, 23.99904443212048], [88.76292349033324, 24.000711163084127], [88.76268430980568, 24.003621136220183], [88.75891501270982, 24.00652457899643], [88.7520936836848, 24.007099665604276], [88.74623885523812, 24.005038004954166], [88.74490693207053, 24.006133386083967], [88.743197736081, 24.004983186831947], [88.73817013334457, 23.996937162432225], [88.73478519528093, 23.99486829650716], [88.73082899705814, 23.99533907195512], [88.72838434580196, 23.997036934321997], [88.72763508421629, 24.000758193537614], [88.73028661880952, 24.002654074204028], [88.73174261025817, 24.010344590430005], [88.73339260749283, 24.014523704648866], [88.73516806751086, 24.01666061375098], [88.7348609814573, 24.022202440009227], [88.74220366648902, 24.032799055973037], [88.73988860291209, 24.035862357471455], [88.7363818474055, 24.03681330521192], [88.73537318194039, 24.03827417790318], [88.73865771230861, 24.038152259472984], [88.73848169174941, 24.04692310887832], [88.73559591884975, 24.049984446394163], [88.73324715068597, 24.050733773059324], [88.73127849301717, 24.049608375858117], [88.72962452335416, 24.0503910602277], [88.72786993486793, 24.051714736050872], [88.72731410848007, 24.053729621210035], [88.7280919377949, 24.05653618939509], [88.7299600081478, 24.058271500275325], [88.73746931515024, 24.062045852511766], [88.73418237882534, 24.0658590328707], [88.72729838033338, 24.064298303474757], [88.72398730712186, 24.066849568725463], [88.72379875074913, 24.0732942516725], [88.72863309467945, 24.090614827882057], [88.72909182110953, 24.097587540563254], [88.72780347315881, 24.100910286264593], [88.72589316750542, 24.10279703034734], [88.72104757672568, 24.104010693102257], [88.71516721237121, 24.102157487072823], [88.70713083288116, 24.09683104132347], [88.70498401475976, 24.09442425606429], [88.70264905166053, 24.093980015672084], [88.70083537004089, 24.096290006681492], [88.70096413799878, 24.107326556427683], [88.69495096381833, 24.109553857468885], [88.6961675608609, 24.11805077483717], [88.69903627159893, 24.120423197524005], [88.70115589163824, 24.120801897739014], [88.70512802762343, 24.11892620845237], [88.70755097230779, 24.11928932952176], [88.71592804172735, 24.124415461459087], [88.7427240070387, 24.143970346131955], [88.7460765623461, 24.147743976418074], [88.73796577587876, 24.16532193199709], [88.73676623809135, 24.166097669813475], [88.73207250611004, 24.18010024597614], [88.7349854347503, 24.211621007541368], [88.73486156074253, 24.223165601737268], [88.73643485707157, 24.228883180517297], [88.74049156417648, 24.253949585471574], [88.73814297161134, 24.260567584453913], [88.7384294981986, 24.26587428517108], [88.7371864507275, 24.27095437400832], [88.73276974223506, 24.282227796377004], [88.72658524147494, 24.294638194099644], [88.72243065722834, 24.29923143475476], [88.71549157514733, 24.303394653871674], [88.70634903502342, 24.311209653429827], [88.69627683591568, 24.315295552125033], [88.68140331578337, 24.31544986491993], [88.67175723948228, 24.313913588253605], [88.66487097679757, 24.314128613278413], [88.66197647857211, 24.313410619470005], [88.65942649530837, 24.314020247652874], [88.652694081267, 24.30480280026263], [88.65015928948857, 24.30512457180733], [88.64925018457518, 24.310312293831554], [88.6485906681537, 24.310625307609385], [88.63544416853047, 24.306426056084213], [88.63283430270062, 24.30742582307785], [88.62864523894501, 24.3045136113134], [88.62398079042309, 24.31491657251254], [88.61721155175296, 24.314246658724453], [88.60722799323192, 24.31474913573974], [88.60596559943637, 24.3100599165539], [88.59952465243431, 24.310037896281806], [88.58874054767935, 24.31362347319967], [88.58701971871486, 24.323883748582226], [88.5679038243977, 24.32613875134088], [88.56639916257413, 24.32104344109009], [88.56145773044034, 24.31130856495795], [88.55525512441491, 24.292936712193697], [88.52701512536548, 24.34408666648395], [88.51975297311321, 24.34216201399599], [88.50792223456324, 24.342216542368917], [88.49791622695712, 24.352282582744817], [88.48881997685774, 24.354398305397357], [88.47830081804076, 24.359025843265275], [88.46667963555396, 24.36472899526811], [88.45128974962014, 24.3754510683654], [88.4356418128998, 24.382023626074417], [88.42936828718658, 24.383021390976495], [88.42409353540793, 24.382401133932103], [88.41346096149178, 24.376723422922048], [88.39491468604243, 24.3721064491694], [88.38506249913657, 24.37261127084151], [88.37867685129602, 24.374056653612225], [88.36909421686553, 24.37250741636609], [88.34980696739936, 24.374524928235658], [88.33417696077298, 24.380787318814296], [88.33095867451256, 24.382724242965942], [88.31540220270831, 24.396542916934422], [88.31025984677933, 24.40221919570668], [88.30320956746252, 24.4076498639671], [88.28469742391768, 24.42562424551426], [88.27948466032348, 24.432959905555446], [88.27772550272735, 24.436929623381815], [88.27475658138897, 24.43964796657911], [88.26122886317386, 24.44727663727106], [88.24929925887211, 24.448620855758602], [88.22534043622512, 24.45643933224821], [88.21375935449765, 24.457363240981728], [88.2020209673057, 24.460304585272258], [88.19602829917082, 24.464413514015376], [88.1916383735884, 24.468923407259563], [88.18539222286944, 24.481497824017445], [88.1734994186688, 24.493099132743396], [88.1662898020999, 24.498286183293278], [88.15985371844711, 24.50147172267036], [88.14974127390599, 24.504016055687167], [88.14164069370301, 24.510948107083447], [88.12117313627624, 24.532961192534003], [88.1145281076949, 24.537780707795815], [88.10383730366831, 24.548164744060713], [88.09648584529214, 24.557037266406162], [88.09029397890363, 24.56594438916277], [88.08450248715124, 24.578975468783376], [88.07159620042904, 24.597946702207846], [88.06953601801389, 24.603124506129998], [88.04962985726809, 24.629403242165665], [88.04066229259867, 24.64387492938917], [88.02877367752902, 24.649325314927], [88.02430551609245, 24.65517716768652], [88.00888921838258, 24.66778770177957], [88.01679213411809, 24.677574782256556], [88.02967899508417, 24.690356031002775], [88.04220259494025, 24.70451339526653], [88.0482458650048, 24.708827993712518], [88.05395008098046, 24.71074214366404], [88.05612818227951, 24.715407997698374], [88.06309139243572, 24.721136703284458], [88.06555006839642, 24.72576825934642], [88.0698210457752, 24.738374627272858], [88.0726430532326, 24.743340291138377], [88.07070565812958, 24.74626754443014], [88.06675152284984, 24.74994404198418], [88.07516254458281, 24.76061352590126], [88.06950999117294, 24.763563480286383], [88.07103921597778, 24.767877726508253], [88.06913606622896, 24.768941077845014], [88.07263887330953, 24.772559631992003], [88.0783075581325, 24.76890615856812], [88.08805862428018, 24.781646095502147], [88.08996646302433, 24.782459850671795], [88.09846755088039, 24.77996799195998], [88.10645982054282, 24.78021545631121], [88.10676137337441, 24.786470152927137], [88.10526800425592, 24.786556769505136], [88.10527507271107, 24.78796299567691], [88.10558983433478, 24.79726937124717], [88.10691666772388, 24.80256030330738], [88.11243162766542, 24.813210446475725], [88.1156234726435, 24.816746298018305], [88.12410857290104, 24.82312138299378], [88.1304290715677, 24.80656832460863], [88.13133745866729, 24.805293153702873], [88.13684155079451, 24.805162632841554], [88.13411781074208, 24.815380806878057], [88.13406729866952, 24.82939649453572], [88.13331184483091, 24.830028064495608], [88.13364504049451, 24.831826583032907], [88.13269840429983, 24.836153376173392], [88.13549807402123, 24.833997299502325], [88.14095261352529, 24.83395804272192], [88.14171769753122, 24.834813391233496], [88.14014344638169, 24.83555669252477], [88.14120680930839, 24.840535450297935], [88.14304094789578, 24.840737128684104], [88.14202049496687, 24.84188626301002], [88.14721825497071, 24.84379144362276], [88.14504088641627, 24.844624928947074], [88.14504015195355, 24.848323110461163], [88.14420790531635, 24.84899891894758], [88.14558757841185, 24.849889534633224], [88.14516892391501, 24.851029229107663], [88.1460714942557, 24.85142357003806], [88.14978673022061, 24.84996192024646], [88.15038841123283, 24.850296645802267], [88.15004093562595, 24.852702884366224], [88.15060454768592, 24.853269615382384], [88.15141086819264, 24.84934553711446], [88.15270225908091, 24.850063460036193], [88.159315549022, 24.850084159772607], [88.16130907223331, 24.848489827766635], [88.16400470205471, 24.850479301991907], [88.16384111630666, 24.854186790044025], [88.16272290967065, 24.857477390275967], [88.16665672922244, 24.85851433293082], [88.16780760212876, 24.860050853760946], [88.17550303193698, 24.86026977813282], [88.17605252566307, 24.86113474564013], [88.17523160730026, 24.862307425780855], [88.16933368765213, 24.86258959414162], [88.16564474319796, 24.864247845861648], [88.16218603657667, 24.868209915852496], [88.15942800309534, 24.8731663071815], [88.16076807152258, 24.875232239013595], [88.16423489938674, 24.876555802879036], [88.1637758896885, 24.878546531254514], [88.15611780017272, 24.88188510196782], [88.15545950897987, 24.88362223650253], [88.15291458214261, 24.884502043376283], [88.1562171696698, 24.88985599884281], [88.15867384404822, 24.89217950900859], [88.16241951978348, 24.88942693687783], [88.16601385334076, 24.88985204189506], [88.16594477448363, 24.88843544912646], [88.1682700375619, 24.88829360520221], [88.16790060550504, 24.889915849669148], [88.16906723694707, 24.890403026412717], [88.16879566099672, 24.893443346790306], [88.16744966937901, 24.89349622348515], [88.16627210941151, 24.89548489726982], [88.16483936465036, 24.89539956637325], [88.16227929393521, 24.893341210129044], [88.1621324073779, 24.896116712585087], [88.1602749344102, 24.898495324992393], [88.155695715662, 24.89924115739463], [88.15276256256303, 24.907765849523006], [88.14388558714109, 24.913795333835814], [88.14297993412539, 24.913722551869494], [88.13879272135652, 24.9276921589399], [88.13801115127126, 24.935682437968726], [88.14572162638386, 24.936399280402227], [88.14974761294187, 24.93259995158756], [88.15694076582827, 24.933268027323713], [88.15807030237823, 24.93396362202573], [88.15986732101587, 24.93842543580142], [88.15848850313893, 24.94138149122755], [88.16327093074966, 24.940809687387627], [88.16505149163586, 24.942600027675116], [88.16502683390081, 24.945997146343885], [88.16736623136836, 24.9464999280192], [88.17096634874557, 24.950081544526753], [88.1747333111393, 24.94846938687298], [88.17380769097764, 24.94677314916029], [88.1763115162952, 24.94687323079003], [88.18176860024872, 24.95193425720567], [88.18887901818947, 24.95192102246508], [88.20568020237603, 24.958961650259543], [88.21662211225579, 24.961122225947058], [88.22267453781812, 24.961162434787227], [88.2266183688023, 24.96032073040619], [88.23005855807594, 24.95742743890505], [88.23758463503047, 24.943291865184975], [88.25219601074258, 24.93110853756239], [88.25927375090879, 24.921849689539894], [88.26253328054344, 24.915488745014297], [88.2643013523603, 24.9089043935037], [88.26443566195992, 24.89357546443744], [88.26269410212714, 24.886617305677955], [88.2577724313618, 24.87775199924162], [88.26311199380457, 24.87781479529611], [88.2638801523274, 24.876893224006963], [88.26679624485699, 24.877701880088082], [88.26926494645977, 24.891395300488245], [88.27177671355241, 24.895832625583875], [88.276364334047, 24.89757630809381], [88.27746661298748, 24.896877473881624], [88.27588455635991, 24.892343203695816], [88.27814591094857, 24.888092013978408], [88.27977185585101, 24.8881897684003], [88.28168998388271, 24.890419368558398], [88.28292157634912, 24.890316175178334], [88.28380463472027, 24.889380021777757], [88.28638426496177, 24.888803059052695], [88.285055147136, 24.886988268496996], [88.28604773586119, 24.886360332318564], [88.28993314918426, 24.888840953107433], [88.29261252869026, 24.889262690846298], [88.2967268547446, 24.888219502445125], [88.29835590404805, 24.88533931917049], [88.30194722325594, 24.885525251874835], [88.30115194297555, 24.884850334298342], [88.30084539241435, 24.882659644065658], [88.2983283422561, 24.881143488973784], [88.30160733263362, 24.872539245922937], [88.30262228542273, 24.87198028824395], [88.30780216853591, 24.877874469179723], [88.31225303555601, 24.87925095867944], [88.31252071788406, 24.880970572490607], [88.31468661127695, 24.881458897273617], [88.31664380982926, 24.880710157240266], [88.31704534277267, 24.882759695409224], [88.32069243601191, 24.883599823642427], [88.32186585446259, 24.882233316873265], [88.32207941887212, 24.87551437127204], [88.32644201964928, 24.870822673999932], [88.33062108356776, 24.870260583912124], [88.33326237101403, 24.87122288322205], [88.33513612900795, 24.874303991638453], [88.33452064508243, 24.87739569709881], [88.33891286736147, 24.878370658748977], [88.33936052925213, 24.880213002995472], [88.34266860765766, 24.883658152441196], [88.3429811506702, 24.88865399259423], [88.34489004753539, 24.889066239425034], [88.34531441570968, 24.890413982520204], [88.34467322728298, 24.890920948424483], [88.34685601239421, 24.892696740111425], [88.34429207776986, 24.899458535273883], [88.3429096013471, 24.900014255118336], [88.34212437669612, 24.899303540898327], [88.34007972635712, 24.9000792856179], [88.33824339944934, 24.89961925023753], [88.33262107142104, 24.896735582951862], [88.3345702089209, 24.89975660232661], [88.33419205791438, 24.904328273080218], [88.33202243115417, 24.9051860213989], [88.32857683461302, 24.904262064248556], [88.32457310350992, 24.914477167748434], [88.32497770807348, 24.917642896669573], [88.32984893609185, 24.917562680366995], [88.33044973734513, 24.920000962255212], [88.33301823169877, 24.918446289266466], [88.33583906527225, 24.91797952971981], [88.33642884277367, 24.91993406644188], [88.33496069811405, 24.927285134188487], [88.33721484289751, 24.925760175636253], [88.33678282923408, 24.93118332597661], [88.33902804669287, 24.93240580510067], [88.34024533887175, 24.934808601614783], [88.3414671915524, 24.935325559305127], [88.3401590777956, 24.938890892395488], [88.3404013927852, 24.941037354574153], [88.34885168032237, 24.944119769174428], [88.35116983949055, 24.944213725148007], [88.35381101354245, 24.942496994146474], [88.35681456129466, 24.9463719027259], [88.36008261400275, 24.94860924999424], [88.36014609259661, 24.95017193016768], [88.35903881873591, 24.951733565857243], [88.36006983771135, 24.952634257689294], [88.36156973111842, 24.952226412362982], [88.36456497918853, 24.95315769870498], [88.36638078231968, 24.952754966133867], [88.36397022518133, 24.94900694589481], [88.36607937450212, 24.947218691923506], [88.36532473668535, 24.946245458100286], [88.36693898687558, 24.944879497493794], [88.36963760053115, 24.946001544566737], [88.3709001281678, 24.94459783102791], [88.37113424096744, 24.942374219601366], [88.37600015129766, 24.943154728251965], [88.38247254678708, 24.9386046207348], [88.38561843123364, 24.938532650505824], [88.38702422174705, 24.93939151195516], [88.38731843748346, 24.94258189211202], [88.38846792614638, 24.94366425340177], [88.39262960791757, 24.941422082346726], [88.39466105474202, 24.941624563569537], [88.39892754249311, 24.945025844769336], [88.4015196421371, 24.94943721988005], [88.40160476163629, 24.952216780942255], [88.39989996437745, 24.9530900796675], [88.40042834080798, 24.954113764538505], [88.39761805462084, 24.95744512458908], [88.39816242679262, 24.95861965872756], [88.39894364167856, 24.958569372494427], [88.39848277722218, 24.960268620233034], [88.39484834157454, 24.959545547843426], [88.39356832791478, 24.960730327791797], [88.39279652594932, 24.96303339088412], [88.39597248452696, 24.9646053714986], [88.3962292264434, 24.966336603577094], [88.39501221574247, 24.968004551887052], [88.39765969877243, 24.97112602712383], [88.40280243119315, 24.973200382827482], [88.40506306808709, 24.97749077602393], [88.40711898880619, 24.97906125028319], [88.41031928453097, 24.976619856547483], [88.41131890412633, 24.973818024095213], [88.41338917323164, 24.973041611582797], [88.41719902793793, 24.976738889590727], [88.41660804499605, 24.980199709976286], [88.41259433579737, 24.98241643475078], [88.4158264538852, 24.983216079239984], [88.41800075025988, 24.982449180451955], [88.4190230016539, 24.983532793924773], [88.4123003513556, 24.985710541581113], [88.41458389128705, 24.99573778773629], [88.41410383845961, 24.996644024616494], [88.4126040421831, 24.996097579000004], [88.41233520317054, 24.99704556484716], [88.41327017631123, 24.998131672847673], [88.41993367518009, 24.99992938843731], [88.42031733259535, 25.001474585684974], [88.41953187137626, 25.002368002686598], [88.42229027586278, 25.00725935900205], [88.42447079491352, 25.007030797589408], [88.4260193523479, 25.01255934946029], [88.42553440370843, 25.016957500135234], [88.42718320703385, 25.014145518787995], [88.42684404885382, 25.011285972074], [88.42803544504343, 25.00932293261297], [88.42776382791145, 25.008307128767843], [88.43083783771567, 25.00781930824227], [88.43504981720805, 25.0057836538144], [88.43628834851374, 25.00734571142797], [88.43451309006062, 25.007553884453277], [88.43678545770489, 25.008996463681438], [88.43677117200062, 25.015137687077033], [88.43878062713839, 25.013583252167177], [88.44152728612494, 25.012862666517893], [88.4403195859639, 25.015909122954255], [88.437913553453, 25.0161581148085], [88.44048596135808, 25.01756824450036], [88.44075903284323, 25.018699162986064], [88.43958922749003, 25.01827663531117], [88.43880583689977, 25.01903248401071], [88.43951792626031, 25.020707493624922], [88.44169628500019, 25.020593783932505], [88.43890070205896, 25.023111738709186], [88.44105188382306, 25.023608336849307], [88.44443941255214, 25.026625075592474], [88.44441677983271, 25.031637031308968], [88.445768196461, 25.033706950355], [88.45075443881566, 25.033990955096325], [88.45246937178311, 25.03639811472093], [88.45275943410101, 25.039049441781764], [88.45136841571804, 25.040192911197273], [88.44691626270831, 25.0420899119931], [88.4392061665119, 25.04282621945841], [88.43743788078285, 25.04410553486322], [88.4361498299493, 25.04798117926685], [88.43565616498165, 25.053980195809928], [88.4359483043165, 25.05634319953764], [88.43932371133377, 25.058980166413075], [88.4424297805166, 25.063330855456773], [88.44212116357518, 25.064758133309123], [88.44362813938127, 25.068660881492505], [88.45281881612564, 25.07819838960938], [88.45290127315351, 25.079845896988346], [88.44836314400052, 25.080510102347148], [88.44654453804091, 25.081639436256737], [88.44716745561728, 25.089063188377953], [88.44433166313004, 25.10115473460996], [88.44727123892616, 25.10889168030865], [88.44536069367216, 25.113799720361957], [88.44222990722322, 25.11520977553005], [88.44254762605883, 25.120338108782242], [88.44134319711992, 25.127819939386104], [88.44688698033544, 25.12823422393304], [88.44751005608555, 25.12977001309466], [88.45304439889588, 25.13205012310426], [88.45437222035542, 25.13419027604908], [88.45751665939338, 25.135522074862088], [88.45801036326982, 25.140732351264145], [88.46015655288616, 25.139893549975096], [88.4597311224812, 25.14533973561028], [88.45780581252477, 25.14793242318007], [88.46019201242883, 25.14978954558544], [88.46067662381176, 25.151486364852488], [88.45689708004288, 25.153860548720036], [88.45866918217129, 25.161174871724462], [88.45656130183258, 25.161796213985482], [88.45693870849539, 25.164989581508785], [88.45380114140187, 25.164947811571142], [88.45225659861816, 25.166125729885408], [88.4491204471687, 25.171532754836207], [88.44390673827208, 25.17358624668193], [88.44313642914635, 25.176819475127438], [88.44439955191406, 25.181804792912693], [88.44245529690943, 25.185594475865564], [88.44298924499012, 25.19588667320795], [88.44047760812096, 25.199546193014783], [88.43754870055355, 25.197569582544105], [88.43571204569885, 25.19957485825563], [88.43579560766162, 25.200704333106344], [88.43772680876413, 25.20266366943517], [88.43799453570554, 25.208196029161417], [88.43899823264195, 25.209330707030414], [88.44137603168991, 25.210428522071332], [88.4421357423196, 25.20946481273651], [88.4391810214313, 25.207522377243613], [88.43943617516891, 25.203929943015385], [88.43754906596436, 25.200553582759827], [88.43744226644624, 25.198813858962716], [88.44040725473695, 25.201319598362154], [88.44301725985787, 25.198121583947803], [88.44469737294226, 25.19741865642175], [88.44783651945627, 25.198011985632224], [88.46394582148399, 25.19569049933063], [88.4669011378732, 25.197274685694055], [88.46886814417869, 25.197251613175936], [88.46911942950847, 25.19803746489972], [88.47171628279838, 25.197890520109162], [88.47082657056364, 25.19942976610871], [88.47163277637864, 25.19988446344245], [88.46953556448588, 25.20094228066782], [88.47101973580638, 25.204869371033517], [88.47404477754998, 25.20780113283156], [88.47449406880004, 25.212286322287664], [88.47595005839098, 25.213792789460804], [88.47779299549835, 25.213792029174215], [88.47962978506368, 25.211740509131392], [88.48285745943014, 25.211643316847216], [88.48270290563556, 25.21227657096143], [88.48461999659489, 25.212472298875483], [88.48545432558362, 25.21169364691675], [88.49732646931616, 25.210308113254637], [88.49958512893826, 25.2084474029798], [88.49959385224096, 25.203284093145268], [88.50667189202423, 25.202472607246523], [88.51026633724524, 25.2026448633297], [88.5114523528936, 25.20345361066298], [88.51736102559956, 25.2008358949745], [88.52909101739415, 25.199041155244068], [88.53450469250866, 25.19537044401629], [88.53228743382623, 25.19399636503316], [88.53228775534433, 25.192882980504677], [88.53377880738145, 25.191841376349927], [88.53349667887885, 25.188469633722693], [88.53755375943206, 25.186355815351952], [88.5385014741813, 25.1889993966174], [88.54112252135448, 25.189718247106224], [88.54236426578682, 25.193772668667375], [88.54766301309006, 25.19448447864207], [88.55671248713875, 25.1927627397261], [88.55906127294878, 25.191336475969045], [88.56020319604531, 25.189585234656104], [88.55937320616981, 25.18448475806107], [88.55601821866493, 25.17979022980898], [88.55636481657228, 25.17847988199508], [88.56263187033588, 25.17534233801028], [88.56576536140666, 25.174919028603377], [88.57074672448664, 25.175725104440033], [88.57103677037821, 25.17696320089881], [88.57391076145686, 25.176059798575373], [88.57942432227543, 25.176597582116628], [88.58145756010038, 25.181220253117193], [88.58775224394414, 25.18261339735876], [88.58870762594822, 25.18452314933825], [88.59083355721374, 25.185173197471173], [88.59106270192974, 25.19242522129716], [88.59239987489036, 25.192966157741864], [88.5969926952599, 25.191145273784826], [88.60659083791568, 25.195556465457564], [88.6113565242757, 25.198965225275444], [88.61213486937537, 25.202254076874947], [88.61332910239788, 25.20379572793216], [88.61766849136622, 25.203501150553937], [88.62091639908392, 25.20467310840417], [88.62226584634462, 25.20373480019295], [88.62442729527707, 25.204086183179925], [88.62892815494098, 25.201863344220005], [88.63938430650352, 25.204131458939777], [88.64318715046369, 25.206296743576434], [88.64502831249587, 25.204941180455926], [88.66591051016415, 25.201775550765277], [88.66758534744369, 25.19897519662994], [88.67222511810442, 25.198242097518925], [88.67860063634399, 25.20400123187944], [88.67889590303598, 25.206902288494643], [88.6807072166056, 25.20911541370529], [88.68813681805247, 25.209428140246576], [88.68801696906706, 25.20744400396197], [88.71094849669291, 25.207663772555694], [88.71490398593723, 25.20703849402372], [88.71811925616676, 25.202252589667346], [88.72332268081783, 25.20197198097382], [88.72572345283342, 25.199682841598253], [88.72746005411237, 25.199222055554532], [88.72898218318883, 25.199164602700325], [88.7303253344912, 25.200186311689915], [88.73302243668522, 25.199454918424053], [88.73403517792659, 25.197851830236523], [88.7348162348498, 25.19333643785679], [88.73416262528067, 25.191493910507607], [88.73552182793634, 25.190266803071854], [88.73598055375305, 25.18794675870661], [88.73515221623386, 25.185037261785087], [88.74070448523229, 25.18549998281396], [88.74328453545118, 25.187133124399214], [88.74594851604472, 25.183210396175987], [88.75029089204119, 25.183020835247167], [88.75100176346817, 25.182187091543046], [88.7492303957361, 25.179280985799263], [88.74921955079961, 25.177639776800337], [88.75007492209633, 25.17704654020378], [88.75355469528967, 25.177653781740567], [88.75393537271968, 25.17973773270054], [88.75981259522968, 25.186192444773997], [88.76442104963523, 25.18382914273966], [88.76701588825689, 25.183745256742046], [88.76894192005574, 25.187510257934726], [88.76916063717545, 25.18963063910919], [88.77088893364991, 25.18987582750642], [88.7727352420018, 25.18954803299746], [88.77271273867593, 25.186130153338077], [88.77367390127762, 25.185868365052183], [88.77428037410363, 25.182902659290857], [88.7740974517827, 25.180450740967903], [88.77538459787836, 25.17915267345167], [88.78905758375626, 25.17530683821438], [88.79400573807366, 25.172892876633618], [88.80455597577881, 25.170581095029426], [88.80635545185763, 25.170630607828087], [88.80681228489614, 25.173550872484668], [88.80924499238705, 25.173376327437097], [88.81213768798185, 25.174562143046625], [88.81375081909019, 25.176667144349935], [88.8151172615014, 25.18504746713605], [88.81693307505124, 25.186221746260745], [88.81818890948182, 25.18902985204065], [88.82026187479482, 25.188629340039487], [88.8206144753331, 25.19036867025401], [88.82270994500324, 25.18969346307522], [88.82303988976204, 25.190663956932674], [88.8270975023025, 25.192674814358046], [88.83085289955424, 25.20595108748051], [88.83619977759786, 25.20657116844886], [88.83805070555533, 25.21024331254495], [88.84160229686154, 25.21052683599669], [88.8422226530771, 25.211345496314447], [88.84167098539187, 25.213657290052577], [88.84466880006516, 25.21310905677558], [88.84526160886278, 25.211164402846315], [88.84687398692708, 25.211353067032366], [88.84604538584219, 25.209951513191914], [88.84896408833761, 25.21021806731673], [88.84851080767412, 25.208582418288866], [88.85016872711789, 25.204746406184725], [88.84955715775128, 25.203617449900534], [88.84994165506713, 25.202076359256193], [88.85140628785436, 25.200843898394115], [88.85444977496283, 25.19995098788556], [88.85769490214047, 25.20177413506572], [88.86270502524948, 25.2019843160276], [88.86493958221357, 25.196810506384665], [88.86441402137436, 25.190977764457706], [88.86643551519319, 25.18969467598517], [88.87166128414657, 25.191861703474977], [88.87161272762705, 25.19369832730604], [88.87452063116075, 25.195949143331248], [88.87476687001788, 25.194431757158625], [88.87327566186572, 25.19295701762307], [88.87302544463017, 25.188670482262626], [88.87481586214948, 25.18444067584426], [88.87512227356146, 25.180148775675487], [88.88035101270675, 25.17891071419655], [88.88742348016191, 25.179003562854913], [88.8898756001065, 25.180181746723868], [88.88964177113495, 25.18422083676221], [88.8915021819527, 25.185002885873548], [88.90517668222705, 25.17871552252093], [88.90975149704211, 25.180464972030098], [88.91251514477074, 25.1770042941255], [88.91226639094253, 25.168555017867828], [88.91345538334981, 25.16752079874824], [88.91822864267698, 25.167340733642835], [88.92259542252582, 25.165181136347975], [88.92329693571833, 25.165517524824427], [88.92530485044321, 25.172811911016296], [88.92887632677079, 25.1753752042489], [88.9284836411958, 25.17705474525704], [88.93425167220417, 25.18155322104136], [88.93889658278195, 25.179390075854208], [88.93885432227059, 25.17739472510327], [88.94103251582003, 25.17645315582286], [88.9413385837726, 25.17390382675661], [88.94406257532617, 25.1738832160798], [88.94610568795521, 25.17673882239388], [88.94816389967164, 25.176979213819667], [88.94934207352328, 25.180509823226544], [88.94839019499165, 25.182046615798676], [88.94375126111434, 25.183738853722065], [88.94763060960194, 25.189028685751364], [88.94738736373219, 25.19402050060164], [88.94631780703591, 25.194547907911996], [88.94337089519229, 25.193320828735594], [88.93917775469473, 25.19343811685712], [88.93551136642901, 25.19667834117229], [88.93407186484175, 25.20050341803865], [88.93705348199688, 25.203313984980586], [88.93678833922638, 25.211127440899656], [88.93595631202584, 25.213316843072104], [88.93281532133625, 25.214280715118726], [88.9303438666834, 25.212668518112697], [88.9274487820655, 25.2150178798129], [88.92531129623362, 25.215260271004286], [88.92317982860241, 25.214183752961222], [88.92151810228604, 25.216898087342482], [88.91437562213747, 25.2181822176563], [88.90760153524347, 25.22668805223884], [88.90490802415393, 25.224595777852382], [88.90244466226844, 25.224313946613236], [88.90131533923103, 25.223398060961472], [88.89497297462935, 25.223204041263564], [88.89379965029033, 25.226268210053288], [88.89396560632181, 25.22712671660145], [88.89553195317103, 25.227602336682104], [88.89653101591608, 25.23280982322302], [88.89292543310847, 25.235109144345675], [88.89124292876215, 25.235424984658067], [88.88966218320058, 25.233929975155384], [88.88618728993394, 25.232867091178285], [88.88467428078104, 25.23439694298965], [88.8840904684043, 25.233405470226028], [88.88162164795986, 25.232859691692372], [88.87737786179534, 25.234019432813465], [88.8783310423348, 25.23508653767172], [88.88411703948243, 25.236169902290623], [88.88526603202851, 25.23863466748177], [88.88462140468084, 25.246715932959813], [88.88675489034888, 25.247048070729722], [88.8875831400013, 25.250746345440195], [88.88888980242135, 25.251931741563233], [88.89853285287167, 25.254468542685732], [88.91322369008009, 25.255636705144052], [88.93373324419956, 25.253677774280664], [88.94924831952893, 25.24957374515701], [88.95515496250277, 25.250282734167268], [88.9551599041647, 25.25387608989375], [88.9568996939708, 25.255004142533316], [88.95839612388428, 25.25465464031797], [88.96856455054657, 25.25787744789691], [88.97037773734488, 25.259854102740626], [88.97365764365959, 25.260229105843862], [88.9757630541896, 25.2634882789382], [88.98018777787065, 25.264688283472697], [88.98121206059747, 25.267040870886465], [88.98360655070313, 25.268195145027267], [88.98478010524805, 25.271304990358207], [88.9866329166654, 25.273498443239312], [88.9916257697545, 25.27368107137042], [88.99323105175704, 25.269897776812428], [88.9977771974317, 25.268833838929655], [89.00128595148612, 25.269651690998035], [89.00241684316794, 25.273178187402618], [89.00310062331634, 25.284445935697114], [89.00070625317383, 25.29287269459392], [88.99760747857638, 25.295755341680376], [88.99232320722086, 25.29635706765902], [88.98957140409088, 25.299063568209363], [88.984953795732, 25.298761526350194], [88.9863797114916, 25.301833585654915], [88.98325309102916, 25.301996043974068], [88.9842842866036, 25.305795124626712], [88.97637156349752, 25.30601412000934], [88.97231938100015, 25.301215922982884], [88.96684876942547, 25.302301345285056], [88.96193984445638, 25.306019321370194], [88.96018131595036, 25.30536129882423], [88.95989455202195, 25.301462348837273], [88.95873008206033, 25.30103932386471], [88.95728122778502, 25.301239593494213], [88.95600060272791, 25.302528002608366], [88.9530053808152, 25.301988681268067], [88.94949878875225, 25.30384306734707], [88.94712250693792, 25.302157865501], [88.94104689449739, 25.3009653203025], [88.93737565255343, 25.302889341298002], [88.93496759332186, 25.30280198745873], [88.93402595753109, 25.304167142728357], [88.92959247229962, 25.304389550739653], [88.9288795132195, 25.305970223172775], [88.92813105672822, 25.317297109309983], [88.92583048919033, 25.314671333193978], [88.92483802784619, 25.314808573298237], [88.92449734687973, 25.312642902825417], [88.92229569849968, 25.312012801956957], [88.91807613335848, 25.312198607234876], [88.91453650893345, 25.314533856478633], [88.91087166302572, 25.320337189232628], [88.90710658388926, 25.329172518591964], [88.9064697200579, 25.336228435038816], [88.89206283142454, 25.337534489688135], [88.88802193676405, 25.33709714385854], [88.88628691226167, 25.334073218523695], [88.8866653061371, 25.331911787594525], [88.88820539817277, 25.329931817123658], [88.8876829538535, 25.326218383205518], [88.88582854202319, 25.32618067062357], [88.87785731548826, 25.33236360399846], [88.87628558460095, 25.336100607537166], [88.87352103800211, 25.33796668110812], [88.87204901044102, 25.34040526027543], [88.86732902355746, 25.343303656186972], [88.86950449405765, 25.349582388903208], [88.86921443773602, 25.352856770896665], [88.86425017506753, 25.351992357398284], [88.86410281975601, 25.354668487625393], [88.86335539804651, 25.355526171568282], [88.85614445468, 25.355569650649418], [88.85484536453663, 25.363389858222213], [88.84634009423453, 25.362687427332315], [88.84660714707198, 25.364097560990512], [88.8412097841409, 25.36420020575511], [88.84117038675377, 25.367484378776645], [88.83849964021785, 25.368764138542627], [88.83983475263003, 25.374363363799052], [88.83916062231685, 25.374898688182807], [88.83919930941846, 25.38186637224657], [88.84213963683789, 25.3820526376431], [88.84116768070416, 25.384140954546147], [88.83764587636952, 25.38508553206093], [88.83779246921209, 25.391478428992848], [88.8403603698834, 25.39217365103101], [88.84161577270606, 25.393951063872183], [88.84074223380823, 25.39808193582362], [88.83859448539347, 25.3979092305697], [88.83754336459738, 25.402110910655068], [88.82415559671784, 25.40160942057645], [88.82394397943335, 25.40763882044747], [88.82317356390837, 25.409873644413178], [88.81321002794286, 25.411080233041744], [88.8180746989876, 25.415447898134186], [88.81904226613409, 25.41850309857127], [88.82107304803318, 25.41843644533794], [88.82057978095418, 25.415996241501787], [88.82128444505148, 25.415931916492557], [88.82643551338913, 25.41615372461989], [88.82663532822767, 25.417080835240785], [88.83035956454887, 25.417512330051068], [88.83141483274933, 25.42281648106423], [88.83097900275324, 25.424416300626923], [88.82934122003215, 25.424639719666548], [88.82906812956574, 25.42614771293041], [88.8308798443251, 25.428091612249254], [88.83468946362788, 25.428050205512193], [88.83463312412601, 25.431839856937216], [88.83257126004992, 25.432722477628417], [88.83269307255746, 25.436784986409172], [88.83179229136854, 25.437517107804325], [88.82798218031024, 25.43754657612562], [88.82706144517064, 25.441137439247402], [88.82584414752307, 25.44165480320752], [88.82606326460497, 25.4444082599162], [88.82733799651709, 25.4466910274099], [88.83002551244324, 25.447856374491312], [88.83104075125617, 25.44944121682255], [88.82880774403846, 25.449476470824223], [88.82939502460025, 25.450033074946216], [88.8346804869467, 25.453363508481658], [88.83770129676898, 25.45385980369574], [88.83928739601657, 25.458125197366893], [88.83856925029005, 25.460313659669914], [88.83496272449612, 25.46414062611188], [88.83767388357158, 25.470688105196388], [88.83712906927364, 25.47290952967702], [88.8337483176415, 25.47858248447778], [88.8328370576724, 25.48310345933484], [88.82972634969897, 25.490597860724712], [88.81754645142414, 25.488269365988575], [88.81541388160926, 25.488451367675363], [88.81309559353096, 25.491208572827734], [88.81055642048526, 25.497916518106173], [88.81110809814979, 25.509997657341493], [88.80842852357263, 25.515248991964462], [88.80920380213966, 25.519148598216773], [88.81110046019526, 25.522987889958365], [88.80401275946475, 25.524247917822635], [88.7931963091527, 25.523021550820197], [88.79300325288386, 25.521119873543835], [88.78563013658139, 25.518415092838204], [88.78712360562724, 25.51801888857645], [88.78722863306226, 25.5172838766128], [88.78500393575766, 25.516864214427176], [88.78363419033303, 25.51541382209543], [88.77791322593276, 25.516254478248563], [88.77709137161813, 25.516838470956444], [88.77691249542666, 25.51850286464598], [88.77428644689878, 25.518902474748412], [88.76882255298361, 25.521803006037697], [88.76808259174048, 25.524713208733235], [88.76718207277735, 25.525285758639832], [88.76333424993877, 25.524875237143835], [88.7601680040691, 25.525533566458897], [88.75906006768824, 25.523048507508012], [88.76130188214196, 25.521105327356203], [88.76181293122421, 25.518152596531113], [88.7609565381721, 25.51200665611319], [88.76172696182283, 25.510438705202038], [88.76537367491913, 25.5074226817626], [88.76698996022108, 25.504065576682272], [88.7691545779227, 25.504004760002136], [88.77069396772598, 25.50504023217441], [88.77194698616103, 25.50452026806353], [88.77179309717255, 25.500972760206725], [88.77071937376734, 25.50089547874576], [88.76758754240757, 25.497058867242334], [88.76402793800222, 25.494637864617825], [88.7594485253303, 25.49375383989178], [88.75529203124707, 25.494646368413537], [88.74811124589095, 25.493753432846184], [88.74624835238679, 25.492648376403743], [88.744879581818, 25.488631673030987], [88.7436470764215, 25.487752628896082], [88.73994299219149, 25.489333122257335], [88.74132215061984, 25.493292395133732], [88.74207634210262, 25.49454883871864], [88.74344838579896, 25.494990050360084], [88.74360044274457, 25.49636209077763], [88.74189151323627, 25.504651425159913], [88.74124628119789, 25.50498673641068], [88.73637688774065, 25.50395502932789], [88.73274421417868, 25.504421968596297], [88.73140945905368, 25.503532908239585], [88.72637080251998, 25.502734164634017], [88.7264250962424, 25.501919759754927], [88.72207684203262, 25.501495366542088], [88.72134930418932, 25.49973455783649], [88.71523849934024, 25.49938205297741], [88.71533830692458, 25.49841681569584], [88.71403092642251, 25.49757411599231], [88.71409123919568, 25.495646935939437], [88.71268580997503, 25.495343981487245], [88.7120934570699, 25.49686977334837], [88.71325607641009, 25.4983122175703], [88.71321194299547, 25.500032433741588], [88.70757806188779, 25.499623976839153], [88.70890759511717, 25.49411667089187], [88.70825527283796, 25.491390918090712], [88.71047112093514, 25.480798420321666], [88.70700564656936, 25.4798746027403], [88.70683548715826, 25.47680603499542], [88.69995732327021, 25.475024648001504], [88.6990703775275, 25.471020292183905], [88.694896756734, 25.47388269148176], [88.68746397401473, 25.475493538054334], [88.67871975670059, 25.474128419292214], [88.6636438030093, 25.474086692908354], [88.66292009533284, 25.477748126653882], [88.66107923859974, 25.47968837022982], [88.66047985778437, 25.481797936755818], [88.65265006553727, 25.480768034518015], [88.6486487769497, 25.478685044955135], [88.64612159939057, 25.48273774918201], [88.64456192726622, 25.49017503793664], [88.64292409960936, 25.491710045646915], [88.6459650445731, 25.49376796960456], [88.6486324988804, 25.49348333360259], [88.6486309551843, 25.495844385520567], [88.645701953959, 25.496742264237277], [88.6445587790218, 25.498794809936104], [88.64048096838438, 25.499576995130763], [88.62313771676803, 25.497274189143887], [88.62103970662632, 25.50300247304515], [88.62005946741128, 25.503977959436547], [88.61650642625612, 25.50487275094215], [88.61408274194528, 25.50948955164371], [88.61121971543092, 25.510035784462243], [88.60697129299672, 25.509279937004553], [88.60700275180179, 25.510002541299265], [88.6094866990829, 25.51148766662918], [88.609220928096, 25.51676982441155], [88.60371917317075, 25.515855822974792], [88.59875476923685, 25.50731178140197], [88.5975761234796, 25.506533062307252], [88.5915491728246, 25.50879172652691], [88.5884532004909, 25.508274392359937], [88.58426137096944, 25.510056084056515], [88.5806181472264, 25.510044550758998], [88.57763658913719, 25.508500512305016], [88.57381609406266, 25.508997779031212], [88.57109988366747, 25.511286630573377], [88.56818384987972, 25.51151379939926], [88.56809472968963, 25.513731736092055], [88.56157134655783, 25.513115414087956], [88.5560347909729, 25.51422454387961], [88.55353465459027, 25.516037226137772], [88.5551492591842, 25.518795614764528], [88.5548924020735, 25.521133766217957], [88.55317712693967, 25.521297413299887], [88.54843998939148, 25.518469735531774], [88.54851413837497, 25.513468589913696], [88.54598896613504, 25.51040936504178], [88.54704106030931, 25.50870886536924], [88.5406532385233, 25.508409534767335], [88.53952479225363, 25.510503099676146], [88.54118334283095, 25.511651019105614], [88.53989685148407, 25.514598476161904], [88.540230499135, 25.520096856928326], [88.53755009383995, 25.521796855994733], [88.53796239608519, 25.524902304591585], [88.54100058742654, 25.526688095574496], [88.54013464720151, 25.527683340337187], [88.53946901730151, 25.534835276118034], [88.5356295024566, 25.534182431115088], [88.53421760947904, 25.532293744386653], [88.5332384602641, 25.53236181505309], [88.53296380242477, 25.541848688028285], [88.52818602217788, 25.543319806693038], [88.52739663315164, 25.543325413487], [88.52491668831549, 25.536643571433743], [88.52335478516841, 25.535309660610434], [88.52202921602054, 25.535729662479184], [88.5192562996243, 25.539823195424333], [88.5184039269865, 25.545840007743287], [88.51590858340451, 25.546836092145803], [88.51328392939598, 25.546789716188773], [88.51200729229674, 25.545702352436756], [88.51026276515151, 25.545785620940404], [88.50900169884716, 25.544272356766523], [88.50731816524147, 25.547618330510996], [88.50363992849331, 25.549765686171572], [88.4977349725444, 25.555454108804682], [88.4982923803421, 25.558793597183044], [88.49476055400643, 25.559141030294303], [88.49408913569624, 25.56413138322146], [88.4994801042565, 25.5733800027182], [88.5003123018272, 25.583209251932665], [88.49924554952648, 25.584454959746367], [88.49475815702951, 25.584655438396315], [88.49369405805994, 25.58431720272147], [88.49426545758257, 25.583057410616078], [88.49335745657548, 25.582900220082955], [88.49193929006921, 25.58318693015544], [88.49167078203473, 25.584901257982334], [88.48456729497545, 25.58668147992979], [88.48261928807372, 25.58237729992449], [88.48139188860205, 25.582707077919448], [88.48103551659068, 25.585775294664654], [88.47411727941954, 25.586107304020395], [88.47096366941344, 25.583726989638706], [88.46922150266204, 25.583800744096624], [88.46852832423609, 25.586565764106556], [88.46561482231823, 25.586613097417516], [88.4666142856887, 25.590600575539696], [88.46570073955733, 25.591901235027898], [88.46424302152474, 25.592153962862557], [88.46232237877351, 25.5952022904887], [88.45804346124511, 25.596339378608985], [88.45758662848212, 25.59889296439501], [88.44463062906037, 25.597106353601035], [88.44596741155289, 25.600824992453436], [88.44833413488763, 25.601968511836088], [88.44749378797077, 25.602590442756096], [88.44973199894697, 25.603665992383057], [88.44917896236734, 25.605797577316242], [88.44824284500513, 25.606123382838447], [88.44712455898623, 25.614068253350148], [88.44600873074016, 25.613799650909325], [88.44535128329088, 25.615116994740678], [88.44710475257531, 25.61742995046789], [88.44908290707642, 25.624350260409784], [88.4549211285497, 25.627709138074767], [88.45554243086534, 25.628788381894413], [88.45493281101625, 25.629509841444737], [88.45572868005101, 25.63228542803792], [88.45480786855498, 25.634501726837605], [88.45637462056125, 25.639364225382838], [88.45660059828907, 25.642847580428224], [88.45361718689318, 25.64512217631471], [88.45529752472659, 25.654100517983952], [88.45438715369718, 25.658727456709446], [88.45483967559741, 25.662092451226787], [88.4506132034749, 25.664615614433156], [88.44087122991158, 25.666403271991673], [88.43705450522755, 25.667886516983657], [88.42474707640996, 25.670034353324084], [88.41877554269978, 25.66777761759282], [88.41585471550509, 25.66936197550586], [88.40674771528661, 25.671261984583133], [88.40209467253177, 25.674089371928538], [88.40523522492761, 25.68310274259979], [88.4037257034137, 25.685351716455823], [88.40228611495263, 25.685948734955083], [88.39046196827024, 25.683909295222257], [88.39039742223967, 25.686997304501563], [88.38965323853408, 25.687972017956223], [88.3919531100895, 25.693293473329465], [88.38767128737835, 25.69383075719149], [88.38268306442721, 25.697145223471324], [88.3760815351606, 25.697683493724405], [88.37127504947176, 25.69685347379242], [88.37182296789848, 25.699425797641545], [88.37043166143395, 25.69995249626688], [88.37063657123268, 25.704296678460675], [88.37226528889627, 25.707404134553386], [88.37044334166976, 25.70984107721776], [88.37192446220521, 25.70947394041742], [88.37500656771674, 25.711903570641276], [88.3755010362974, 25.71422475900173], [88.37425950689429, 25.717077859198806], [88.37217343368891, 25.71534377203019], [88.37113037455359, 25.715531860773616], [88.36430622923498, 25.71826593551187], [88.36521149840607, 25.71954790566217], [88.3576842907687, 25.720904342657075], [88.35895866725926, 25.727238807642156], [88.35695840367586, 25.7286246152224], [88.35528267107208, 25.72697560458725], [88.35376061908931, 25.727355640528454], [88.35161153639085, 25.72816811200815], [88.35039709722508, 25.729931166210157], [88.3487853172413, 25.729565331561272], [88.34817961127857, 25.73048212946349], [88.3440211548885, 25.729719455914907], [88.341711216435, 25.732060734644907], [88.34134884721601, 25.73424642834143], [88.337752447984, 25.73541516006705], [88.33752295834933, 25.737357476557005], [88.33676791408665, 25.737827331179414], [88.3281928502767, 25.73981682974557], [88.32617276230913, 25.73750902575766], [88.32020203346295, 25.73787530787856], [88.32020052688443, 25.74097295062416], [88.31891500181271, 25.742277865121594], [88.3205331221324, 25.74354857757561], [88.32035777679965, 25.745030497072236], [88.31522739142571, 25.746635155757986], [88.31751382176446, 25.750971790828054], [88.31739069973055, 25.752413682117265], [88.31444569922256, 25.753705000981103], [88.31369399563332, 25.754983314246743], [88.29947173363713, 25.76110509673541], [88.30014408199226, 25.762765021052697], [88.29839243958958, 25.76325348769503], [88.29971363781924, 25.76419991127738], [88.28916263934353, 25.76789044593401], [88.29051787761651, 25.770460075270258], [88.29039657694283, 25.773836689457802], [88.28536207493279, 25.774077612725005], [88.28216109343452, 25.775428980404453], [88.27908655450948, 25.774210024858174], [88.27724200908783, 25.77498713942394], [88.27301138624813, 25.77959184101028], [88.26869008688757, 25.78104074653695], [88.26674407542404, 25.783212966873975], [88.270230718129, 25.7845984562548], [88.27024587765472, 25.788514353263942], [88.27179285257026, 25.789365540179915], [88.2721285869408, 25.791399044707614], [88.27065764081419, 25.804931952565852], [88.26896831578225, 25.80781533530802], [88.26024951912053, 25.81334047006822], [88.25968959455693, 25.813372133078655], [88.25903343493225, 25.811181869597405], [88.25796389022176, 25.810726705150117], [88.25363238101987, 25.811761974246167], [88.25178072548661, 25.8110406452658], [88.249235852958, 25.811978775034067], [88.24882358506377, 25.813160359519078], [88.24823973137713, 25.80640752605325], [88.24720339520674, 25.80558650769586], [88.24527351980308, 25.806608720240426], [88.24457915950697, 25.80914495947168], [88.24132733562188, 25.809771989538127], [88.24016998895226, 25.808873852693676], [88.23666389372292, 25.808486622905797], [88.2359878268733, 25.806408309404144], [88.23459234295413, 25.805601464639633], [88.2331941926529, 25.80312675188154], [88.23150961799013, 25.802399869611165], [88.2337335184714, 25.800571763497476], [88.2331366971577, 25.79960703606949], [88.230950239555, 25.799292132880986], [88.2327285728899, 25.79753986452124], [88.23167110178987, 25.796811580547136], [88.22874149423662, 25.796746016805944], [88.22708217288252, 25.799356164805282], [88.2257798915068, 25.79914336693307], [88.22363619088188, 25.797112535319883], [88.22154337117234, 25.798692704766285], [88.21592626762117, 25.800599194381352], [88.21604866006588, 25.798419448250737], [88.21503343761665, 25.797228346419526], [88.21339959021299, 25.798306800837917], [88.21232083916928, 25.79717696386114], [88.21180987095772, 25.793203701169038], [88.21340401395906, 25.79343939045446], [88.21326693055852, 25.792730747077947], [88.21084871616898, 25.7913435172258], [88.2096648653746, 25.788295739588957], [88.20753648522373, 25.78708016216535], [88.200722643303, 25.790610920843665], [88.19885834349824, 25.79565727104111], [88.19519805272714, 25.797875490053496], [88.19513793896695, 25.7990048548343], [88.1936834582787, 25.800099974956353], [88.19376790346777, 25.801292633087986], [88.19135604534077, 25.8024474837192], [88.18954806860347, 25.80231326500652], [88.18901881328736, 25.80059712300788], [88.183760945727, 25.801267255507415], [88.18171188366023, 25.799289486597527], [88.18209207333251, 25.796328206497638], [88.1801147218456, 25.79666061215619], [88.18045289367952, 25.795473240554085], [88.18179139063012, 25.795120993557358], [88.18068352995732, 25.793633991906923], [88.17754813928588, 25.794299421078332], [88.17293327701017, 25.78686621225556], [88.16965178214136, 25.78822869139991], [88.16341921001559, 25.78878879216106], [88.15880181359029, 25.785726588543184], [88.15971801374097, 25.783801839295645], [88.15911054013657, 25.782078409685244], [88.15759111927962, 25.781562672467512], [88.15696833150476, 25.778756335565895], [88.15533242729461, 25.777395053361246], [88.15394237142847, 25.777725532522705], [88.15227663955372, 25.776020240037795], [88.15113738007825, 25.775950473516346], [88.14777859691705, 25.77625642355978], [88.14761166415931, 25.777816571517803], [88.14921112172996, 25.781540349002746], [88.14607984474657, 25.7797085697073], [88.14262137016723, 25.780006354308277], [88.14263068824722, 25.78208837155524], [88.14569873277783, 25.7895275697757], [88.14475348211084, 25.79350102053834], [88.13777147724538, 25.797070027527752], [88.12864617227426, 25.798087456460678], [88.12702234903571, 25.79695451587089], [88.12385380386779, 25.796676700182836], [88.11488165198882, 25.79846987396119], [88.115620634076, 25.803505287756185], [88.11998509994515, 25.809546768038633], [88.12026088804302, 25.812608263973264], [88.11527798189914, 25.8150148881874], [88.11136094790776, 25.814052862591414], [88.10903257122483, 25.81508890402388], [88.1082328266682, 25.81438341171682], [88.10769398000625, 25.81510758703582], [88.10818344845717, 25.816549261336736], [88.11159106683701, 25.82123631560153], [88.11006175142616, 25.822701380072782], [88.10790027900298, 25.822383252518883], [88.10497843610877, 25.826480679713843], [88.10338717270835, 25.827129605343163], [88.10208086248053, 25.83000118966718], [88.10300629076548, 25.83144913860677], [88.10718640919065, 25.833597378901135], [88.10845285555834, 25.835756669681004], [88.10847968582746, 25.838460050069973], [88.1069325402415, 25.83977476086105], [88.10404401774208, 25.840050201026216], [88.10154597663967, 25.84232396337724], [88.10222493206275, 25.84421891781798], [88.10883280096894, 25.846363295094083], [88.11399028986267, 25.852891481239787], [88.1138094062521, 25.854486350747003], [88.11129176891046, 25.857670053369425], [88.11183351692287, 25.867074221080205], [88.11124707121968, 25.8684432069971], [88.10662022480052, 25.86712984767811], [88.10626957221169, 25.863288800902268], [88.10314728123527, 25.861316813402574], [88.10196638269994, 25.86234173362096], [88.10324942675415, 25.868275694121706], [88.10263967936467, 25.871291758456344], [88.10031105027468, 25.872890654799047], [88.09657790550617, 25.870988943897228], [88.0943529325109, 25.873896315310713], [88.09662670914054, 25.877086724209292], [88.09903681611374, 25.878820471339598], [88.09740934877516, 25.880611294019346], [88.10072404312376, 25.88418596498036], [88.10100408665079, 25.886017589522798], [88.10316600552049, 25.889245936738664], [88.0991163913707, 25.89359354369391], [88.09407628027466, 25.89405715014696], [88.09077393622694, 25.89664956181114], [88.09091124067892, 25.898485523965004], [88.09367363831632, 25.899297622822054], [88.09148003688684, 25.90071927292867], [88.0907858755498, 25.903599304685837], [88.09111280082598, 25.90535877751043], [88.09380002831469, 25.907267223245118], [88.09386432656355, 25.911027773247092], [88.09254092824506, 25.91195423651142], [88.091495840713, 25.914734299989778], [88.08965096674012, 25.912769212069126], [88.08647571418349, 25.913516609152992], [88.08642203489572, 25.916107176456777], [88.09252224706535, 25.92842297769526], [88.09686339424229, 25.933361928185445], [88.09928274851565, 25.934704288442706], [88.10142646635009, 25.93487288586193], [88.10538338823633, 25.933405922674208], [88.10700083470047, 25.934020590381163], [88.11156459977406, 25.933483823007858], [88.11197058824365, 25.937644888901485], [88.11268996363616, 25.93849094883453], [88.11247037914761, 25.94298801003147], [88.12131383120546, 25.946033387547146], [88.12256326949785, 25.948089684638415], [88.12034749601378, 25.953068067199098], [88.11814029301766, 25.953983834567612], [88.11756332228656, 25.95584829205992], [88.11537632004281, 25.957430575891344], [88.11491424840035, 25.958484093192386], [88.11562158855729, 25.962287992902805], [88.11849252027586, 25.96265877585408], [88.12313782011515, 25.964799800049526], [88.12482080755825, 25.96680472230965], [88.12502220091864, 25.96782116972824], [88.12324963200653, 25.967959548189462], [88.1195412866569, 25.971178586110927], [88.12164717411545, 25.974282990514425], [88.12489655075555, 25.97479905304731], [88.12828334836796, 25.976552383712143], [88.12878627835832, 25.980110989249145], [88.12796274681955, 25.983492767704814], [88.13039921633839, 25.985674383444074], [88.13144894891161, 25.98837289778157], [88.12948980248368, 25.993651455651218], [88.13022203790052, 25.99686773970417], [88.13306838947291, 25.9988498216368], [88.13550966755473, 25.99828103205523], [88.13707756093129, 26.000519612213807], [88.1407445909256, 25.997221765534423], [88.1431003446998, 25.999407788773738], [88.14437850417849, 26.00318900541993], [88.14361733047896, 26.009786398722262], [88.14026221147003, 26.012486330463286], [88.14348290609036, 26.014719590771435], [88.14724781645445, 26.0137963783817], [88.14834234623753, 26.0141957436343], [88.14962224295671, 26.0175667802708], [88.15350255674788, 26.019546491372076], [88.15508909735016, 26.019932912045668], [88.16155781797482, 26.018409677319227], [88.16700349529164, 26.021957073577923], [88.17277554767844, 26.020984735832048], [88.17771575342755, 26.021711736248626], [88.1812682210487, 26.02458421686999], [88.18304354654677, 26.02738067933363], [88.18173488300337, 26.030343141105078], [88.17685872755924, 26.029971946864134], [88.17152046714988, 26.03149549161778], [88.17091717883457, 26.032826108562762], [88.17175560011071, 26.03650845828684], [88.1750509838811, 26.038819297857913], [88.17557874631584, 26.040309781093946], [88.17003461377674, 26.044884029222043], [88.16996424234699, 26.046399107855084], [88.17194140953322, 26.048747474318862], [88.17495392917914, 26.049683769069393], [88.17867235670512, 26.046453914325912], [88.17982777624259, 26.046314459291814], [88.17811007523281, 26.048565348803926], [88.17752116899756, 26.053809379516352], [88.1758129759723, 26.058480716891758], [88.17689605628735, 26.05959230812966], [88.1785597837912, 26.05961218247778], [88.18052203117853, 26.058220816927186], [88.18274530502471, 26.061566814362575], [88.18597569668964, 26.063430906644264], [88.18539867879181, 26.065324969268694], [88.18253267575673, 26.066074821400104], [88.18146077457763, 26.06764950760882], [88.18322063736548, 26.072922568469664], [88.17286973092737, 26.076369940106975], [88.16961962668742, 26.07994234894035], [88.16864546016477, 26.08402822011801], [88.16673899865035, 26.08384716147198], [88.16522503421527, 26.079971719175926], [88.16290463392949, 26.077497584501014], [88.16007587450706, 26.078075933751904], [88.15868776256637, 26.08072793614275], [88.15947011042256, 26.083193240988972], [88.16520003628798, 26.086441456624016], [88.16563659272913, 26.088254651938886], [88.1645627350578, 26.08974623101123], [88.1615504377749, 26.088937193495937], [88.161510569461, 26.09166732714096], [88.15889209732269, 26.094894329487456], [88.15969173375905, 26.09833588719081], [88.16358802371133, 26.10074948246725], [88.16348406301181, 26.10716290338923], [88.16474913324961, 26.108984394609397], [88.16997125681972, 26.109515668442945], [88.17277287352049, 26.111231908183846], [88.17380815438463, 26.11970664143794], [88.17789608738217, 26.122258844205465], [88.17868980769705, 26.12382997288471], [88.1781905262669, 26.125597452921973], [88.17454786346262, 26.12705941096966], [88.17407486021227, 26.129824679468555], [88.18046666432076, 26.139634309625176], [88.1777526325188, 26.14124458995754], [88.17685540662859, 26.14266851368056], [88.17767829242116, 26.148666585219743], [88.17987002592794, 26.150050596633484], [88.18048122953994, 26.150061141767672], [88.1801354810238, 26.14925901978879], [88.182438535071, 26.15038036322956], [88.18345541171496, 26.153440342331574], [88.18957289448412, 26.155311493329364], [88.19145499117764, 26.15520482052695], [88.19284188456959, 26.152770856297852], [88.19431307547441, 26.151861794390857], [88.19583955793378, 26.152375718310456], [88.19678732609898, 26.15377435609773], [88.19663872539088, 26.155103970324983], [88.19305465803669, 26.155190489986907], [88.1917891452607, 26.156420319301827], [88.19204684296894, 26.157303681653893], [88.19656827326426, 26.159887934301235], [88.19611023130399, 26.162860522237303], [88.19695406357746, 26.164132045045147], [88.19962192318634, 26.163288695083548], [88.20218545817987, 26.159522640961658], [88.20615060012602, 26.15950440057157], [88.20815243488124, 26.16093471820648], [88.21122569294775, 26.160985350214844], [88.21595071253917, 26.163294528143094], [88.21634106482229, 26.1651284613364], [88.21195226427086, 26.167454313856936], [88.21249281086573, 26.16907065194742], [88.21401075096503, 26.170226896335475], [88.21712641242692, 26.17050699800995], [88.21839437733004, 26.167258874656557], [88.21975052340939, 26.166350386208975], [88.22332466913943, 26.166756192276925], [88.22451922872908, 26.16959864633332], [88.22762911311926, 26.1689390743363], [88.22842726413671, 26.170818060117846], [88.22611638710974, 26.171602028238222], [88.22654231783127, 26.173265992647682], [88.22829712697327, 26.173594525694494], [88.22924532106666, 26.172353695641476], [88.23243843198722, 26.17328888219252], [88.23361131853616, 26.173917121865603], [88.2335851292131, 26.176462989694155], [88.23684126172535, 26.17693904205391], [88.23763084709434, 26.177717142069085], [88.23709310444659, 26.179358555111104], [88.23390776742346, 26.18100472811133], [88.23303350829988, 26.184368410670128], [88.23416763415871, 26.18473382522803], [88.23634518340816, 26.18278982071484], [88.23879652809691, 26.18517139404743], [88.24169892464276, 26.18638097653831], [88.24193843764739, 26.189087505163883], [88.24476418674956, 26.189724567877843], [88.24401964505407, 26.187936022929698], [88.24556713976635, 26.186969261855037], [88.2459587328579, 26.18988244321589], [88.24777400145575, 26.190454089042653], [88.24964394242448, 26.19000519060281], [88.25078099566191, 26.185744701324193], [88.25153587586799, 26.18531832108481], [88.25290742911896, 26.185387453453707], [88.25245873115449, 26.18830170072743], [88.25307504593556, 26.188634161299746], [88.25747831017324, 26.188576419852033], [88.25912835748545, 26.18669901377388], [88.26359848032844, 26.190140461470385], [88.26631252691539, 26.18707689470194], [88.26802739348554, 26.18626028445807], [88.2701659521564, 26.1875142690219], [88.27436535296084, 26.187858085600485], [88.27865673813952, 26.1921985256015], [88.27963086786812, 26.19461591627456], [88.2820767312914, 26.194189278690367], [88.28353589353647, 26.194924922965107], [88.28324288723832, 26.198379957068724], [88.28481999236391, 26.199478648719804], [88.2864058210402, 26.199898133708682], [88.28677748082183, 26.19781446474651], [88.28769985151489, 26.197906129641563], [88.29042791337805, 26.201497548741187], [88.29229759867779, 26.202440535911048], [88.29291229981942, 26.20221087081664], [88.2926428562994, 26.199009227961717], [88.29642035886516, 26.20072405530282], [88.29933830223796, 26.197555626790642], [88.300502909259, 26.19810764065051], [88.30096652570184, 26.20173472159925], [88.30160712586995, 26.202067832401127], [88.30470365424411, 26.19943005691438], [88.3051402644243, 26.20126039406831], [88.30798565746849, 26.20372278839986], [88.31253174828794, 26.203041616872053], [88.31761524025299, 26.204282057644196], [88.31838214187734, 26.203360092586564], [88.32494133444571, 26.204979746094054], [88.32473785081896, 26.20696055381004], [88.32379027011129, 26.207376612919603], [88.32290773640686, 26.209886620341244], [88.32648202720841, 26.210954556393812], [88.3288153490144, 26.213867039832767], [88.33009417791772, 26.212748977093575], [88.33131071154364, 26.213277657565154], [88.33145511420813, 26.21705442831081], [88.33488675897027, 26.21599289090421], [88.3395506607132, 26.217613074313334], [88.34177986446981, 26.21943072664154], [88.34516009898344, 26.219680695533082], [88.34831303631874, 26.221210417158186], [88.35079792550489, 26.220459779323097], [88.35095382336823, 26.22260104400555], [88.34986637287449, 26.22512354727324], [88.35303066648144, 26.225639984864152], [88.35308283581092, 26.226710320787333], [88.35086931082166, 26.22808247884491], [88.3509215865439, 26.229210364907058], [88.3518319018919, 26.230534283200097], [88.35572872485514, 26.232798519619877], [88.35580826213342, 26.235171359177873], [88.35404177926588, 26.237152941199454], [88.35424868784992, 26.23780922764864], [88.35895279749644, 26.240568413618476], [88.35874961930449, 26.24291771026281], [88.3506327800101, 26.24641422277007], [88.35058201763687, 26.247727111213187], [88.35425909119273, 26.246952319372724], [88.35277369514594, 26.249417799618374], [88.35063775652716, 26.250248622707367], [88.34845790455296, 26.249846683480932], [88.34943031976016, 26.25251809060764], [88.34820482969269, 26.253804493280647], [88.34806800940558, 26.255337556903186], [88.34937183688845, 26.256500142669154], [88.3497936039062, 26.262163965172864], [88.35082332791538, 26.26311294091432], [88.35022632385781, 26.265815392512998], [88.35175434938286, 26.267307775067867], [88.35082542921833, 26.268853746704618], [88.34957676045812, 26.26785147446457], [88.34830349442942, 26.26805799825402], [88.34927611906785, 26.27191762142575], [88.34846339606838, 26.273450805556514], [88.34966616145041, 26.277192333822835], [88.34961149937173, 26.283244478755957], [88.35267412683359, 26.282938327086786], [88.35263572566477, 26.285435051309708], [88.35839355861387, 26.288521226886758], [88.3598749225508, 26.291556097947083], [88.36357828954725, 26.2950456794861], [88.36288900589274, 26.298129655263875], [88.36416741487506, 26.299384926117714], [88.36841255261675, 26.299839505623396], [88.36903633128014, 26.304154306027478], [88.37151433633701, 26.30643477257268], [88.37270581034936, 26.305815259000948], [88.37247373001424, 26.3039439767422], [88.37467062659701, 26.30677017264999], [88.37610670272943, 26.30629614646209], [88.37645302592657, 26.30516262809492], [88.37777630841265, 26.305346864463214], [88.37903483239162, 26.309915369100295], [88.38350684270063, 26.309008956578012], [88.38426016124995, 26.309511692035098], [88.38230301272617, 26.310294185250388], [88.38244154852482, 26.311362663081844], [88.38316236356715, 26.312178172636663], [88.38380388484573, 26.311625711756154], [88.38382919770714, 26.3135008565404], [88.384971952256, 26.314228583127214], [88.38699435393323, 26.313145502887675], [88.38668567635284, 26.31430091181816], [88.3891891149141, 26.315304009685864], [88.38946265834325, 26.31363195000333], [88.39037266898076, 26.313672636057145], [88.39487980937598, 26.31637720032986], [88.3974737479028, 26.31611282875847], [88.39757438528886, 26.317329823775765], [88.40220313347494, 26.31769687782159], [88.41486834394759, 26.31579276632751], [88.41621172770667, 26.321831702480964], [88.41525983085724, 26.324724050107346], [88.40922108075851, 26.323555257134096], [88.40690641991029, 26.324194754865843], [88.40756478255983, 26.32812897121774], [88.40357441072936, 26.32893597218326], [88.4042390887133, 26.330074049236835], [88.40890101598525, 26.33391511287803], [88.41042372514846, 26.333853021838078], [88.41427368821805, 26.33747728184281], [88.42436928790272, 26.335571590402957], [88.42525343482613, 26.336797186268463], [88.43326724262802, 26.335768451804626], [88.43545378478149, 26.336166414949286], [88.43681549257167, 26.337649924712853], [88.43598274070598, 26.338250752821097], [88.43665309929568, 26.340275132435348], [88.43876414886097, 26.340869699218178], [88.43680222596714, 26.34243487661369], [88.43847878420809, 26.343095234246622], [88.43886771217791, 26.344560786365395], [88.4380579008377, 26.346830818204964], [88.44052534143728, 26.349087472308103], [88.43970980609117, 26.351620373305668], [88.44277334929413, 26.3536137900306], [88.44414054850131, 26.360767643408728], [88.44640210902682, 26.363626805930846], [88.4463481695041, 26.365272031497028], [88.4490524185965, 26.365453685972668], [88.45020991371172, 26.366272480652547], [88.4518392009921, 26.368843175477558], [88.45177406361474, 26.370581942899424], [88.45629528645912, 26.372501135580734], [88.4579468254652, 26.37725720899708], [88.45923464947113, 26.377118738719435], [88.45925769242542, 26.374012420132726], [88.45780724106312, 26.37253210057175], [88.45796800242823, 26.371746188371453], [88.45991848922245, 26.37127462408277], [88.46024759667759, 26.37047472144664], [88.4597802709585, 26.36840071711641], [88.45740400481384, 26.366223782644965], [88.45967539305906, 26.36412227088782], [88.45886202803102, 26.362664613528825], [88.45954704654352, 26.361708867839567], [88.46295733270054, 26.360807220410226], [88.46370635933059, 26.359862295967446], [88.46278688183263, 26.358233691896555], [88.46929627959015, 26.35854094865721], [88.47123474759351, 26.35698692175343], [88.4745495219574, 26.358192455248858], [88.47729602230774, 26.35784252779882], [88.47730043316804, 26.35451763152043], [88.4806437749433, 26.352938338896998], [88.48028780297238, 26.35118491668708], [88.48346161570856, 26.349941158344542], [88.48850192685879, 26.34929648866637], [88.48871508678113, 26.350868401490896], [88.49130175264654, 26.350971838375198], [88.49152324846608, 26.352290500294146], [88.48873429666884, 26.360566998174612], [88.49632345040824, 26.359368922620202], [88.50483046018769, 26.36115291655145], [88.50473478862992, 26.36211448215699], [88.50600705734163, 26.36346214879936], [88.50781642362998, 26.362737932404062], [88.50874409713705, 26.361974609629563], [88.5076987130335, 26.359174198238428], [88.50643543719819, 26.358298331456215], [88.50757040213809, 26.356997214395278], [88.50547415694439, 26.35619672690734], [88.5057683862042, 26.3524059563712], [88.50419474302595, 26.349958856134], [88.50628905417605, 26.348926174653137], [88.50750165816153, 26.349619268074637], [88.50792476333616, 26.351248641883846], [88.51014392773827, 26.350881860973935], [88.50975955974981, 26.352872960755253], [88.51847917953992, 26.351789259814], [88.51919983766102, 26.352393098474497], [88.51831579302797, 26.354462000095985], [88.5185190121241, 26.356674174013367], [88.52177327027442, 26.358764402200435], [88.52356502895887, 26.36104035354489], [88.52225756267403, 26.36355459916912], [88.51727982468867, 26.362693481766048], [88.51594373915376, 26.363660264039396], [88.51595300051521, 26.366318986095333], [88.5216613397978, 26.366701901060313], [88.52267900864629, 26.36777258404925], [88.52299383842045, 26.370820391899347], [88.52522612720867, 26.374429620514434], [88.52455204709418, 26.375742961512167], [88.52321985723869, 26.37597691932289], [88.52071688423472, 26.372402103341525], [88.51842071158012, 26.370844797079624], [88.51557535426298, 26.37335038224919], [88.51369481143273, 26.37769344614535], [88.51782640578897, 26.38678643208529], [88.5194961549661, 26.388044443130138], [88.51988608460083, 26.389374401664284], [88.51835443099324, 26.390718893094206], [88.51532331565069, 26.387576916357286], [88.51248942390676, 26.388318215449885], [88.5099848485011, 26.393586815914855], [88.50532506273862, 26.399565219045], [88.51063216484484, 26.40111631843775], [88.51137059515374, 26.404041027351827], [88.51090936250309, 26.405756535962905], [88.50870240691529, 26.40665096583769], [88.50533050440387, 26.40288740458447], [88.5030625791758, 26.402681446753412], [88.50185564001643, 26.40352360424924], [88.50135789944945, 26.405192993555765], [88.4955023522442, 26.40945174345623], [88.49552601877045, 26.411177371108735], [88.50078178560624, 26.41493496567197], [88.50209254560384, 26.417464552278908], [88.50013905725552, 26.417731262480565], [88.49657583968936, 26.415794122048325], [88.4944409665375, 26.41661573035576], [88.49292010741087, 26.41915166336432], [88.49307793206314, 26.422267239649017], [88.49723905193137, 26.424571290977767], [88.49634776421459, 26.426589715593657], [88.48983790870216, 26.428780780534783], [88.48895705623298, 26.430130667582524], [88.4893629443949, 26.43175651300473], [88.49410815195911, 26.433188348963682], [88.49588923689545, 26.43495053112281], [88.49158207540079, 26.43897538944508], [88.49005865991431, 26.443697014152296], [88.48704199281161, 26.44463837505548], [88.48614718031624, 26.45001544706828], [88.4814267299848, 26.450332089458545], [88.47865686010522, 26.45260291486315], [88.47964615645006, 26.45509315974181], [88.4836836024197, 26.45695114561701], [88.48527399352403, 26.460581238105746], [88.4758149426761, 26.462191863290347], [88.46196085568168, 26.466102261053276], [88.44781509787843, 26.466151197242688], [88.43888033451486, 26.465265046797487], [88.43381607663142, 26.467496316402123], [88.43210879132229, 26.469206301283194], [88.43432586223564, 26.471029309233923], [88.43349669246848, 26.472425081877788], [88.43213250858386, 26.47212744279383], [88.43111094115162, 26.47046592728039], [88.42890337617867, 26.473324167065954], [88.42310871391024, 26.472599606875086], [88.4232148754237, 26.469732940930285], [88.42187285948239, 26.469285372683554], [88.4224273759346, 26.465766365525262], [88.41989952223625, 26.466157620319514], [88.41905003024252, 26.467195940769756], [88.41915370204984, 26.469150918159507], [88.41630319037371, 26.469430771350527], [88.4148777932103, 26.47296546947006], [88.41358012166728, 26.472781232809822], [88.41087994499969, 26.4747507297391], [88.41062591604413, 26.476675771804054], [88.40899982779563, 26.47734823956331], [88.40868675910359, 26.47952876457737], [88.40624084899376, 26.48013620207838], [88.40561596389072, 26.48100993780384], [88.40579883004325, 26.48534332942351], [88.40459094471319, 26.48645822889812], [88.40150631490339, 26.485431857269543], [88.40049095512926, 26.482757471626556], [88.39023474335491, 26.47880903125785], [88.38873725976329, 26.47888071615649], [88.3864996032649, 26.482821170168908], [88.37654705897538, 26.48427226731997], [88.37311544854587, 26.48932446799201], [88.37204596988096, 26.48842310590242], [88.36505295820857, 26.486716605598065], [88.36092388869098, 26.484097666970857], [88.3610350822869, 26.48149520396052], [88.36298586161192, 26.478458544270772], [88.36260297810551, 26.474196765011765], [88.36549181526655, 26.472616841229474], [88.36568552582526, 26.471485596483063], [88.36378241502518, 26.4674004892361], [88.3607630118401, 26.465727447498416], [88.36088360922145, 26.461042652765293], [88.36000435579741, 26.457469121429828], [88.3618538241247, 26.454630451487166], [88.36111496391524, 26.45349246255972], [88.35787159396823, 26.452215120956918], [88.35578095678068, 26.449524137868025], [88.35536400971864, 26.446666782950906], [88.35396258123748, 26.445874316071766], [88.35317387076952, 26.446752137320967], [88.35313551630271, 26.45057183770398], [88.35076009789762, 26.457100898333724], [88.34818146791626, 26.46063226981083], [88.34905177503597, 26.46562074535805], [88.34732610056287, 26.46588062265675], [88.34734988667026, 26.468296192912305], [88.34070436823374, 26.469112799774436], [88.34119780331463, 26.47826232607113], [88.33933251376692, 26.479018653861303], [88.33490374907647, 26.478117400311202], [88.33417747920743, 26.478877913353966], [88.33511256132263, 26.48074781607525], [88.33457655982434, 26.481551170806966], [88.3321308598076, 26.482248158324268], [88.33161773758974, 26.48535195230281], [88.33219796627306, 26.493107817304157], [88.33742003917169, 26.499700330705917], [88.3468390753309, 26.50631372244176], [88.35103620462533, 26.51157369571701], [88.35336928297326, 26.517314735366643], [88.35215311363896, 26.52217920813968], [88.35327807425872, 26.525618507631815], [88.3577933436699, 26.528313800340925], [88.35954499709665, 26.531672824485092], [88.35799067297222, 26.541943429569276], [88.36190825138624, 26.548478909807866], [88.36567840205052, 26.552081089108043], [88.36631875158605, 26.556118415845148], [88.37163187048476, 26.561148600916823], [88.37248046793654, 26.567359838689647], [88.37117430729182, 26.576467228629625], [88.37329146814272, 26.578102181693314], [88.3751987438489, 26.58154123331999], [88.37523384089533, 26.586522265085705], [88.37688567118592, 26.59006614056651], [88.37684378425547, 26.595436707181847], [88.37892170276534, 26.59734759042744], [88.38449245921925, 26.598994607202137], [88.38936782532883, 26.60155090961242], [88.398751067079, 26.60303906624439], [88.3991806059934, 26.604936750725944], [88.39766644600338, 26.606650071674082], [88.39127059561407, 26.607233484722176], [88.38982361003063, 26.608083706843328], [88.388164621751, 26.611026334224558], [88.38870690785919, 26.61310868129409], [88.3907596934265, 26.615169757726992], [88.39736398598689, 26.617967647961333], [88.39832670224729, 26.625926755073998], [88.39980571179687, 26.62731889214433], [88.40913152252399, 26.63139371794671], [88.41030029900199, 26.63439585750384], [88.41343411311874, 26.633879085644757], [88.41513871192156, 26.632706529981437], [88.41505063848484, 26.63181018065876], [88.41633193936312, 26.63162642686276], [88.41629187515943, 26.627543507723622], [88.41488490105918, 26.622644209207497], [88.41799731456832, 26.62112677702741], [88.41709771643083, 26.613454500715722], [88.42021186368007, 26.597515161355595], [88.41960267605563, 26.590694647033025], [88.42253801628348, 26.58371428450112], [88.42205286744816, 26.568933794860467], [88.42321261980248, 26.566416789687292], [88.42487610146532, 26.56523176697258], [88.43282316198838, 26.548073610545803], [88.43753493253845, 26.544486833382525], [88.44341752839946, 26.544199709688282], [88.44384938997183, 26.53941493116831], [88.44831958682825, 26.535689160083148], [88.45653539395673, 26.53662183809104], [88.45553162642675, 26.539185985021202], [88.4585843599339, 26.540256599549167], [88.45823163785016, 26.543085645001913], [88.45946095803946, 26.547605222605103], [88.46204309170226, 26.547410253383536], [88.4630855672588, 26.54389071843934], [88.47377061262073, 26.54451107310733], [88.47671219051631, 26.544143651598112], [88.47882447228625, 26.541968632071406], [88.4849889749178, 26.54122014224289], [88.48520910973929, 26.53988644028424], [88.48192525388448, 26.533170732742345], [88.48219601669382, 26.53204238091313], [88.48364120797743, 26.53113302428846], [88.48909448584813, 26.53282430431098], [88.48994106580085, 26.531857194061676], [88.48902993824673, 26.527935320723323], [88.48536332519835, 26.527522346980653], [88.48623456963006, 26.526371588039005], [88.49026138611067, 26.525473746630407], [88.49046102826442, 26.51052149297945], [88.49262929395168, 26.51160288063638], [88.50521574956099, 26.51395381668293], [88.50937720929531, 26.5123713076115], [88.51140196365566, 26.508500510715244], [88.5173167447301, 26.508977371520043], [88.52097203925929, 26.507963056697065], [88.52242519776277, 26.504717516315818], [88.52024005197819, 26.49877286636308], [88.52377097844504, 26.495686504749244], [88.52527855262467, 26.49019646744421], [88.525283781282, 26.489393640982012], [88.52372019658588, 26.489133734880927], [88.52357706476526, 26.487380361655028], [88.52788241829451, 26.48757378495747], [88.52845320784134, 26.486694977910513], [88.52602167824801, 26.485812278765447], [88.52787653275605, 26.484491404246974], [88.52764984840175, 26.483459933369108], [88.53189619541487, 26.481007002727214], [88.53659634674221, 26.48154556830264], [88.53813829557384, 26.483362354859747], [88.54251366963673, 26.482593490534118], [88.55688452949084, 26.484162462388422], [88.55355144994, 26.475292448652915], [88.55596111125698, 26.47529144998803], [88.55717879562826, 26.47329343450901], [88.55515497746711, 26.4728486745009], [88.55625234495777, 26.47139787310721], [88.55961190022064, 26.473395298409258], [88.56057728654832, 26.472873535329406], [88.56064433947687, 26.47209501869416], [88.55889540905397, 26.470998019326903], [88.5593819079588, 26.466567567192406], [88.56138896351538, 26.467470809929633], [88.5629525337722, 26.46723716532952], [88.56306441063865, 26.46572504163846], [88.56072712590702, 26.464534690531888], [88.56006297848809, 26.461736215374593], [88.56296265857355, 26.461097377232207], [88.56020407780423, 26.459515158467223], [88.55869022118213, 26.459691162802418], [88.5629067397661, 26.457271370702834], [88.57835286064578, 26.456403550519386], [88.58391049081953, 26.455145228999605], [88.58735976635967, 26.450051667115865], [88.58910926844375, 26.450919812055357], [88.59159014816008, 26.449533151437294], [88.59326927990625, 26.4497466099542], [88.59547085832396, 26.4522080007977], [88.59588251527063, 26.454340323150166], [88.59636405412795, 26.46970338266547], [88.59734380029472, 26.470877014072464], [88.60363002471848, 26.469964198720447], [88.62276455805556, 26.47031195846607], [88.62394562982564, 26.467154611855953], [88.62587177982762, 26.451160761372567], [88.6273395378384, 26.449940324751825], [88.62659948673915, 26.439616736838406], [88.62527828125155, 26.439484416164255], [88.62444566641307, 26.43444116750912], [88.62575327925222, 26.43444641050245], [88.62776052590272, 26.432794427566492], [88.62958653538615, 26.43398217211374], [88.63381613695523, 26.431261848943905], [88.63546924133475, 26.431303029270254], [88.63827443658728, 26.428955466131793], [88.64215480824292, 26.429051056803527], [88.64569629498847, 26.42811472429724], [88.64957271887, 26.429058691886937], [88.65193872127529, 26.424463281481753], [88.65168720584893, 26.42098011078295], [88.65101367532816, 26.420026398284996], [88.64627678639835, 26.419274074541516], [88.64658959962983, 26.418244476487057], [88.64912095610859, 26.416307112724397], [88.65038754931925, 26.41688556956709], [88.65173976238246, 26.415275568193003], [88.65376654498483, 26.41514570241061], [88.65593704735733, 26.416185702763023], [88.66037172828399, 26.41591754552785], [88.6644921420023, 26.40925569980283], [88.6657032233162, 26.409948608732087], [88.66848587774548, 26.40946615716175], [88.66846972435744, 26.40781672216241], [88.67080291053973, 26.406909112587357], [88.67888271655244, 26.40768588703079], [88.68030317025233, 26.41077300843135], [88.6808285555501, 26.408048599925976], [88.68193146929158, 26.407846611065317], [88.68208187632197, 26.411042755694808], [88.68111688281135, 26.41231074757377], [88.68199635470462, 26.413081714803383], [88.6838305535671, 26.412882500403384], [88.68404178326075, 26.411496964007192], [88.68485225264925, 26.410756228809745], [88.6854740782559, 26.41186956004708], [88.68578738744462, 26.410404271241234], [88.68415405984017, 26.406102112922486], [88.68503059969669, 26.405360854354004], [88.68687382640306, 26.40565370310743], [88.68662239395363, 26.40431300189498], [88.68802946223232, 26.401867489754633], [88.68784373246208, 26.400755348199162], [88.68344387288789, 26.402067424493797], [88.6823952574821, 26.40187946854015], [88.68071156704694, 26.39982307346202], [88.67773343151605, 26.401209015167687], [88.67658489815696, 26.400746434453865], [88.67728604149279, 26.398848025264016], [88.67595633112609, 26.39817725107147], [88.67089840925232, 26.39778052224346], [88.67597291858914, 26.394719142363993], [88.67858372798909, 26.395014679703127], [88.67880878369171, 26.393296935182637], [88.68624848777347, 26.39378466964914], [88.68689545323237, 26.395161729356026], [88.68987903329077, 26.395046324147348], [88.68633867771175, 26.391047204638113], [88.68700978141538, 26.389652336670494], [88.68767125973844, 26.390548223020488], [88.68862848718196, 26.38889077377455], [88.68812523071267, 26.387021885718593], [88.6888042117572, 26.386644983446622], [88.69463003067, 26.387160923384595], [88.69481599647409, 26.38828434648181], [88.69912670822565, 26.389754532199866], [88.70052251840669, 26.38989755535896], [88.70238590161486, 26.388369547493834], [88.70255296407623, 26.38527727877355], [88.69503642996858, 26.384641871597964], [88.69006352292438, 26.38297310068673], [88.68274210651693, 26.382029631146548], [88.68183564290014, 26.378771783287863], [88.68245500645942, 26.37790459368347], [88.6868443846788, 26.378574063145116], [88.68663586717012, 26.373442000517716], [88.68887344201207, 26.36897108436131], [88.68957980888737, 26.36543406192406], [88.69188333277484, 26.36323141262404], [88.69551935920865, 26.363062013669087], [88.69636949243663, 26.36212576298837], [88.69648811657763, 26.36121049885331], [88.69277844329085, 26.36055431736763], [88.69266834126238, 26.359122372354932], [88.69480934510513, 26.356037389104564], [88.69915948561392, 26.356397458049003], [88.69847295088015, 26.355146481608433], [88.69814493908508, 26.348558114061976], [88.69597752733972, 26.346786398962546], [88.69966552018754, 26.340465866811197], [88.70254591536866, 26.34102519609977], [88.70467315634635, 26.340471159900186], [88.70311852695207, 26.33864527933167], [88.70393328545805, 26.336814875462128], [88.70338857849691, 26.33579429087453], [88.70386898105927, 26.334042677519637], [88.70543650704535, 26.33265072305781], [88.71008993699526, 26.333962253713445], [88.71204647097179, 26.337784058517894], [88.71340153727353, 26.343906548627366], [88.71705062850458, 26.34411475289879], [88.7255821659926, 26.342884073692336], [88.72938841736776, 26.347767100392655], [88.73505583669768, 26.34889893334828], [88.73316108556497, 26.35182366253281], [88.73301222865196, 26.353989091980118], [88.74828743366831, 26.353434427399808], [88.74963874446152, 26.351596023908147], [88.75041197374213, 26.34818110259513], [88.75380727400413, 26.343193276553606], [88.75385272536023, 26.338482661700663], [88.76098251594145, 26.334766188437126], [88.76133768547302, 26.33319722489324], [88.75689604966205, 26.322141557799522], [88.75663614054756, 26.31777868454654], [88.75779564496963, 26.313118895586335], [88.75671897303988, 26.308992701807593], [88.75876432702846, 26.306086969204973], [88.76018377060838, 26.300628706363177], [88.75758017246072, 26.29527896221399], [88.76090504112369, 26.29994371466053], [88.7651039254839, 26.29889822657065], [88.77227050092472, 26.300811660425477], [88.77668317653949, 26.30336824440928], [88.78215779318715, 26.303324548060253], [88.79101087980598, 26.307353830417618], [88.79370952664894, 26.309866103739438], [88.80187513633541, 26.306589003763253], [88.81467020004182, 26.296547466370196], [88.81929151212105, 26.29456378696315], [88.8142135675841, 26.28952697405826], [88.81039408656332, 26.275634581566226], [88.81073600620462, 26.274020773627033], [88.81348894033204, 26.273134510379], [88.81469086071775, 26.270556681860796], [88.81498941691538, 26.265994172465085], [88.81264831275791, 26.264528034120133], [88.81232900643839, 26.263217971233516], [88.813087511519, 26.25481599401422], [88.81410021023234, 26.253782708469803], [88.81715880293402, 26.255290280324267], [88.81911424728642, 26.25518279536138], [88.81961094322698, 26.253715248432957], [88.82328350895051, 26.252925491146634], [88.8244088276276, 26.24893060242361], [88.82908813225102, 26.250286971842968], [88.8294050706874, 26.247821972097757], [88.83032287684124, 26.247058645656768], [88.82968652820966, 26.245805281847407], [88.82701980889026, 26.245379510506467], [88.82748887770987, 26.240726924770946], [88.8321721434331, 26.239936707014827], [88.83442852393829, 26.23826896538763], [88.83862671934524, 26.23829844481355], [88.83860571778449, 26.232761568863378], [88.83973949343013, 26.231905686661467], [88.84353312285458, 26.230749583538365], [88.84449705477118, 26.23308217073163], [88.85073380005727, 26.2353125630359], [88.85756525169703, 26.234306187313855], [88.85948195172736, 26.231879200562197], [88.87221415567157, 26.234439390901837], [88.8730007035226, 26.2333305376734], [88.87831735264908, 26.233537469112406], [88.87665089473607, 26.237274681445783], [88.87787742161231, 26.24266809329518], [88.87682943745295, 26.24275301114944], [88.87389074389415, 26.24008352090858], [88.87240693955803, 26.240171197725232], [88.8714714538161, 26.242085799721732], [88.87216510316446, 26.244189813263436], [88.8717257138977, 26.245400698878147], [88.86788049363497, 26.247143421721514], [88.86770875296662, 26.249883912484812], [88.86222612264888, 26.251289663635763], [88.86120008110524, 26.26461152176573], [88.86424488446686, 26.268466533643892], [88.86119954876156, 26.271946020315124], [88.8624080529716, 26.2737206669112], [88.86678847181392, 26.2755835784882], [88.86641017046402, 26.27844374467538], [88.86702731060657, 26.280153869031636], [88.87075852449385, 26.283611271235458], [88.87622214076987, 26.28617987393213], [88.88294292595515, 26.286858697579113], [88.89752446314813, 26.288172254363435], [88.91842591177351, 26.287241680404033], [88.92000521399984, 26.28552291322878], [88.9250626826835, 26.283831913600636], [88.9314081311635, 26.276957761563796], [88.93686654089535, 26.26507037480272], [88.94157062984218, 26.26046892807898], [88.94409467701016, 26.25617407876803], [88.95372939876515, 26.244861140381687], [88.95339304611043, 26.242871254744266], [88.95431015729876, 26.24230291904141], [88.95692711307893, 26.242992885150635], [88.95746821951236, 26.241573667213686], [88.95919111790299, 26.24059864602732], [88.96501911608375, 26.23933779114273], [88.97204317231791, 26.24026964091581], [88.9732933469356, 26.241413939468433], [88.97913297397878, 26.243180034039288], [88.98077263809881, 26.24480725114941], [88.99240950697728, 26.24601397745922], [88.99426573445886, 26.24602698420699], [88.99888038851881, 26.24402718343783], [89.01465100129272, 26.244109123166965], [89.01961573150109, 26.241989722508613], [89.02126169752812, 26.24450022484272], [89.02741078963481, 26.244045399639088], [89.0271400917054, 26.24615630442499], [89.0313305217044, 26.24635165273123], [89.03329194614852, 26.245149362026904], [89.0335626471877, 26.24306214359246], [89.03557713197877, 26.242055424410577], [89.03651983559226, 26.24383760325783], [89.04108411845431, 26.242886819480344], [89.04444342105991, 26.241135600809557], [89.04836683550968, 26.240792586065393], [89.05025387619287, 26.241087787041323], [89.05077419551071, 26.242357519544196], [89.04805997324404, 26.246506366188566], [89.04912087620028, 26.250977581225094], [89.05159912935568, 26.252585859473626], [89.05161012732337, 26.254930604283672], [89.05233826567334, 26.255663923319034], [89.05592458709745, 26.257054279644127], [89.05943592341835, 26.253856846132745], [89.06302200811554, 26.2538379613614], [89.06304965691879, 26.255617951593408], [89.06058395952061, 26.256310609075534], [89.06095778068521, 26.258386863589184], [89.06246544410537, 26.258931107554456], [89.06285870317575, 26.26069598946023], [89.0624488360976, 26.262246272943507], [89.06097989189435, 26.263574634144632], [89.06061028526771, 26.26781689149928], [89.06332990404402, 26.269868965420912], [89.0606325587784, 26.273408695610584], [89.06010459274626, 26.275545632257508], [89.05856539390108, 26.27527766095636], [89.05444971735626, 26.27695987552587], [89.05547195434359, 26.27760765016735], [89.05903349945966, 26.277229259307017], [89.0626286331028, 26.278354860100123], [89.06256351299704, 26.2820963109966], [89.05967053469426, 26.283540616361506], [89.05786642970868, 26.285947937315818], [89.06023189443873, 26.287597658604728], [89.06118243869777, 26.290323240112595], [89.0596250832116, 26.29166115377432], [89.05943789596998, 26.292903642345195], [89.05710162485492, 26.293554181571594], [89.05398880749257, 26.291919797915092], [89.0527182096816, 26.295667385636307], [89.04974905309523, 26.296186091579127], [89.04625251220338, 26.295202456128347], [89.04566413231271, 26.2912140372697], [89.04415782738498, 26.291189339495475], [89.04276870820476, 26.29008252049218], [89.04653752766367, 26.289478983862974], [89.04516735692717, 26.28349621239194], [89.0463499163468, 26.28390585552824], [89.04776295535447, 26.28269183818896], [89.04755469102042, 26.287076749159194], [89.04892336387113, 26.288888195711685], [89.05083885721373, 26.28843646041416], [89.0487816694749, 26.28538465554215], [89.04827821983311, 26.279688671127705], [89.04672114838498, 26.28099202617515], [89.04352075043707, 26.279829723058196], [89.04505212296222, 26.279450553394174], [89.04540072776378, 26.275058112004185], [89.04039627608796, 26.276370034100122], [89.04061894278628, 26.277912621567573], [89.0391739775415, 26.277415403008625], [89.04069733060786, 26.280559140305243], [89.03771229257758, 26.282209480369584], [89.04098684291523, 26.283870119187775], [89.04110606282694, 26.285548573574808], [89.0393121645333, 26.285679343642915], [89.03868870662231, 26.283550023629715], [89.0371624247766, 26.283189927857848], [89.03217606006498, 26.285173751674535], [89.02803107741107, 26.282474922956517], [89.02748405918196, 26.285280850342158], [89.0253363670285, 26.285911271193058], [89.02517384761396, 26.28760531304039], [89.0225705835881, 26.287277242820156], [89.02120120501792, 26.28824921957355], [89.02044924095978, 26.289756400601267], [89.02095447992761, 26.29116663718309], [89.02208522338807, 26.292938335385546], [89.02369511484946, 26.293415406614024], [89.02296153181958, 26.29609025173098], [89.02142748979337, 26.296977025929053], [89.02331375885866, 26.298882525202977], [89.02426130498378, 26.302208720558212], [89.02602629543482, 26.30305925754714], [89.02698515203356, 26.305081426656457], [89.02547792376888, 26.307205357086833], [89.02204596989321, 26.30753976056081], [89.02197857005719, 26.309005337310282], [89.02078052571532, 26.30695498236499], [89.01907690901047, 26.307178652076452], [89.01935425553452, 26.305395122123393], [89.02031286828121, 26.304679376060708], [89.01864412039174, 26.304892557949028], [89.01804577600677, 26.30364363027317], [89.016232267308, 26.30320685523961], [89.01596940271311, 26.30219553026633], [89.01683570302318, 26.301141161535163], [89.01473464468839, 26.30002806594693], [89.01487655677226, 26.298644826986045], [89.01607015844567, 26.29949381668379], [89.02039094498969, 26.29408696894528], [89.01817698822555, 26.289367308111927], [89.01726696231412, 26.28967990553525], [89.0167761902736, 26.291459715909], [89.01381559696452, 26.292035293902355], [89.01281237217682, 26.293998347094977], [89.01379743931358, 26.295476801025902], [89.01277179480532, 26.29675690240147], [89.01350728512384, 26.298138274916244], [89.01119260892983, 26.298822628690782], [89.01196347068053, 26.299834075688228], [89.01093687575688, 26.301219113993962], [89.00808139894473, 26.302247854809252], [89.00795374601863, 26.304519944738697], [89.00686465592763, 26.304448643247763], [89.00664525847694, 26.302790924193914], [89.0047834882512, 26.303577058136657], [89.00531091646982, 26.29786047787905], [89.0014626976933, 26.294926508009592], [89.00024288891665, 26.290471947914135], [88.99850330403446, 26.29100831010968], [88.99554953588563, 26.289984351316104], [88.99518037741872, 26.29330432203391], [88.99576409951453, 26.29519878869337], [88.99725123326411, 26.29650932005662], [88.99726691306698, 26.299089374606805], [88.99655051231929, 26.29900310737185], [88.99578973472423, 26.296292566840002], [88.99537854339515, 26.299475117733934], [88.99446916033732, 26.29595997808693], [88.99372686896646, 26.29923782502907], [88.9874133848101, 26.299676434625535], [88.98457518718845, 26.301003335700507], [88.98262209313673, 26.309116970914864], [88.98461913268815, 26.311586349547905], [88.98517900516453, 26.31448286286306], [88.98419895187365, 26.316115749763153], [88.98483942260228, 26.317237578915748], [88.9884122579813, 26.316513451737617], [88.99154565766288, 26.314216288559006], [88.9938585030016, 26.314045754329957], [88.99605290237083, 26.31247039715023], [88.99686692373342, 26.315444264885052], [88.99447477800311, 26.316456777137848], [88.99119553064412, 26.320518641311835], [88.99142395229212, 26.321437219601357], [88.99478630900092, 26.321314117260414], [88.99515947506697, 26.320447161492527], [88.99829198177548, 26.322363969023183], [89.000442154711, 26.328067025579877], [88.99996935505229, 26.32923463052443], [88.99877212324668, 26.329660776638736], [88.9987107284457, 26.330974015130643], [88.9926391563845, 26.331409991220273], [88.99233031383581, 26.33352051934223], [88.99033744358059, 26.333758167574523], [88.98863106722845, 26.331113729448003], [88.9862233611758, 26.3320340043752], [88.9811532231167, 26.339601832917786], [88.98294662342897, 26.340989741082893], [88.98693953710129, 26.339972963034914], [88.98618311718926, 26.33870191553122], [88.98840297235685, 26.33808277788376], [88.98720700558829, 26.337449099458116], [88.98940961311169, 26.337658763501665], [88.98745797261972, 26.342720759900867], [88.98699584853281, 26.348033648155006], [88.98550631877514, 26.348876875536348], [88.98530390817149, 26.34795621813501], [88.98273491303691, 26.348118572820084], [88.97917668559657, 26.34581467474288], [88.97317614059187, 26.350384271695088], [88.97001287139098, 26.349077250673187], [88.96776829428137, 26.349730903150842], [88.96693572841491, 26.350844443917282], [88.96575921380392, 26.34858615060058], [88.96388247267298, 26.349006525687674], [88.9622929203521, 26.350967196315484], [88.96089046493285, 26.35020822535003], [88.95986426788434, 26.347753476697328], [88.96163480114745, 26.344847273602173], [88.96249342592931, 26.337020083347745], [88.96200479501988, 26.33552795945006], [88.96015801384684, 26.335176000952515], [88.96073229420708, 26.32945887193076], [88.9574573593658, 26.329511833509972], [88.9550005123979, 26.33040808608897], [88.95522623792807, 26.331178288224816], [88.95432466995624, 26.33192390612948], [88.95239345189432, 26.331987111213934], [88.95211814534042, 26.33818545923065], [88.9540746707366, 26.341448902504133], [88.95598636832207, 26.340821815756183], [88.95841495951379, 26.342860757138315], [88.95379758174734, 26.345309405593248], [88.95171550196133, 26.343393679472932], [88.94861690852723, 26.34329479897421], [88.94634226356098, 26.344537007192365], [88.94948797971486, 26.347950884788446], [88.94929546680346, 26.35126971603578], [88.95058406607137, 26.351971536710867], [88.95129142568075, 26.353543167011434], [88.95877572117628, 26.35684860161977], [88.9583603192992, 26.360951873062305], [88.95569071861976, 26.36025077864485], [88.95314675403614, 26.36493776092767], [88.95107738572887, 26.365463765662284], [88.94962305327262, 26.36461232554796], [88.94860268840935, 26.36038400686193], [88.94739691343455, 26.360072695089393], [88.94801460395487, 26.35573733638847], [88.9464952566843, 26.354853225072223], [88.94617319225239, 26.35697425104237], [88.94516165016381, 26.355935861617613], [88.94191131787586, 26.356851418772415], [88.93641255235268, 26.356164592399395], [88.93587893691151, 26.35773440964741], [88.93051284774295, 26.359646854132407], [88.92861094221503, 26.363648621263675], [88.92704245867199, 26.36408943104515], [88.9238199095066, 26.36314942555233], [88.92214763937623, 26.360055884306227], [88.91998280403644, 26.35878518359926], [88.91934493259438, 26.360022915190523], [88.92175857030506, 26.36182140734768], [88.9217376831653, 26.3633301327673], [88.92022280249239, 26.365415579652257], [88.9145857475207, 26.364820536729056], [88.91243718446452, 26.366094739727636], [88.91227785020922, 26.367892447269575], [88.91142081475897, 26.36696729055798], [88.91181877526432, 26.37166228343228], [88.91424617846214, 26.373608847715907], [88.9196740510014, 26.373873360824568], [88.92072518306784, 26.37630542734652], [88.92190864816506, 26.376870158253624], [88.92118736934785, 26.377568379554667], [88.91541973122546, 26.376939644397396], [88.90912533587057, 26.38064369526884], [88.91664877951563, 26.384032323133994], [88.91714453749323, 26.388243323251043], [88.91757629862603, 26.389241973573125], [88.91884776247481, 26.38955290821285], [88.9185447206581, 26.398273204521455], [88.9175463170338, 26.401827928589444], [88.91401566422182, 26.401904998743348], [88.91168882707203, 26.399864390964062], [88.91034485322896, 26.400025701255675], [88.90941713638676, 26.40186494028342], [88.90616081808297, 26.40378174901054], [88.90593302917425, 26.407537508769735], [88.90783952500577, 26.40620797627808], [88.91403811797561, 26.407639333251648], [88.92048944281875, 26.406373401892264], [88.92689368585775, 26.406524849704688], [88.93174296711055, 26.413413721642293], [88.93149050158145, 26.414935382025945], [88.92578259866855, 26.416310084225575], [88.92403767831493, 26.422819987749108], [88.93098756647598, 26.423910382483434], [88.93305953130573, 26.424859734731093], [88.93344163376997, 26.425834832645506], [88.93220887385476, 26.426513483348252], [88.92737985386128, 26.426383667289993], [88.92650903846717, 26.427497217295087], [88.92666132678781, 26.429798908839913], [88.92750822114832, 26.431034819266713], [88.92970565890558, 26.43187964338573], [88.93358680492872, 26.430865867772052], [88.93742945786582, 26.428574742560013], [88.93884440029304, 26.426719190385878], [88.93897358235631, 26.42455445644702], [88.94465685947837, 26.42457168891998], [88.94368464057344, 26.426722304556932], [88.94610702849027, 26.42819770843316], [88.94479676442228, 26.43002815031798], [88.94580869521957, 26.431332887979092], [88.94994399366075, 26.432481155407878], [88.9513270058552, 26.434691424022322], [88.94781547694666, 26.43783177522336], [88.94976278536554, 26.43919584636713], [88.94981116227362, 26.441153676820978], [88.94736961179733, 26.44275236619084], [88.94791883996596, 26.44370382985692], [88.94659632641911, 26.444520751708417], [88.94723048257958, 26.44626621552279], [88.95210772409646, 26.44725907584768], [88.95281194147873, 26.450798863720543], [88.96157424113596, 26.447553328313095], [88.96516517992345, 26.45018013314257], [88.96205013094503, 26.45107223200544], [88.95850604143686, 26.453695156466356], [88.9591545340028, 26.4578800408715], [88.96656982373653, 26.455429613869924], [88.9674543191601, 26.44991794033626], [88.97243794270345, 26.450193684506246], [88.97234815260605, 26.449009747437685], [88.97590111383838, 26.448274043636072], [88.97691743387344, 26.44651456677764], [88.97668866708544, 26.445411456331453], [88.97746550189001, 26.44500057899965], [88.97822680817647, 26.44773431349025], [88.97935434576794, 26.447931404896735], [88.98017049481194, 26.44761277145737], [88.97932504381721, 26.445317454605583], [88.98392156652073, 26.44511377713354], [88.98380578701716, 26.444021072514396], [88.98122976413539, 26.442708838908974], [88.98088342107671, 26.441607152833097], [88.98159823471025, 26.44036801115361], [88.98459707834508, 26.44045593284487], [88.98437111029202, 26.43981274071971], [88.98165808854404, 26.4354845937182], [88.97930614028247, 26.43451644269849], [88.97933438162356, 26.43266241979973], [88.98026904558259, 26.432538741339457], [88.98156147314978, 26.43039635302959], [88.98341646657202, 26.429170394865004], [88.98118446840769, 26.424123378290737], [88.98380150204949, 26.423570948723047], [88.98335582380983, 26.420292691032937], [88.98391020606087, 26.419642064533683], [88.98837195930214, 26.41900107301755], [88.98974022879639, 26.41775691016854], [88.9926398631848, 26.417223803114837], [88.99281450913034, 26.41558748425354], [88.99458453382621, 26.41486862745412], [88.99417179258583, 26.41238457193444], [88.99628389629368, 26.411269713438163], [88.99853143936159, 26.41166466619293], [88.99905123717039, 26.413953654148997], [88.99561961187304, 26.417133597275328], [88.99574032037144, 26.419766261054395], [88.99358032548982, 26.422661081197457], [88.99422301589178, 26.423709525860723], [88.99531629511475, 26.42378661857196], [88.99817507977903, 26.420562049583335], [89.00371107255248, 26.422206677625443], [89.00621705001713, 26.42157970353662], [89.0174677072753, 26.415086911765012], [89.02149319573299, 26.414306452056508], [89.02289720178095, 26.409627959758758], [89.01968447091969, 26.40549966602363], [89.01984978270377, 26.40469781896448], [89.02247542753955, 26.404241218708563], [89.0233914614783, 26.40629865784762], [89.02762467175367, 26.407720719771927], [89.02967369179514, 26.407507789775003], [89.02970505826829, 26.405218688256088], [89.03211862437917, 26.400849391785947], [89.03699543286963, 26.39477838687045], [89.0384216174565, 26.39616484314415], [89.03888141256871, 26.40030191359854], [89.05419344586868, 26.398837482122545], [89.05696053907577, 26.3960179274695], [89.05847568808915, 26.396086026789106], [89.06019461388497, 26.399116284477437], [89.06116263951085, 26.398815100767642], [89.06302793982977, 26.40123064428272], [89.06255271362508, 26.398237351919413], [89.06371248400818, 26.397156991545362], [89.06486396745073, 26.397452310222075], [89.06556722898986, 26.399641841814464], [89.06705904939147, 26.40024126164699], [89.0679522700666, 26.398369684198236], [89.07088049491807, 26.39827361285287], [89.0741840940303, 26.396365145796302], [89.07480580983687, 26.391080613728274], [89.07504689435136, 26.393535718264033], [89.07929938533391, 26.396700611505914], [89.0838171344528, 26.39832148077716], [89.08631463100113, 26.397819428882524], [89.08513440615553, 26.393769851558385], [89.08042324995412, 26.39214326902874], [89.08258967121739, 26.390389240727202], [89.09349210273781, 26.393549919940757], [89.09551269651837, 26.391673445691705], [89.09529512515753, 26.39040692085461], [89.09188026826365, 26.388781567183933], [89.09079972630757, 26.387469492936283], [89.09213448878411, 26.383553292432754], [89.09136342636424, 26.38168848245281], [89.08918740713997, 26.379871165911823], [89.08942992878104, 26.3755073182875], [89.0904380335298, 26.374893565097008], [89.0890599404807, 26.367844082413633], [89.08798207371143, 26.36585992771629], [89.08146917992093, 26.366531572416235], [89.08042281588453, 26.362721504171954], [89.0831915723299, 26.362397855595482], [89.08428089473409, 26.363549781519197], [89.08618581500974, 26.36398686383336], [89.09250076978964, 26.360685815495216], [89.09581419151694, 26.36067234889014], [89.09666736175362, 26.359621931500627], [89.09830103237258, 26.359454471506133], [89.09620146781802, 26.354930806585436], [89.09421406343162, 26.35508528599479], [89.09391731381038, 26.352896191005865], [89.09602108250235, 26.353640811787166], [89.09811018898847, 26.34868815322106], [89.09923119327874, 26.339160808033796], [89.10021627737393, 26.33823646631099], [89.09432218920813, 26.330016434467257], [89.09272747017077, 26.329698242368277], [89.08800179777649, 26.323483533759656], [89.08535924081417, 26.32380471500872], [89.08370855387014, 26.3213027935492], [89.086212841363, 26.32072061831327], [89.09279599035034, 26.323075489014286], [89.0935871347732, 26.324811201264836], [89.09851861132424, 26.32907962635697], [89.09902352705373, 26.324282861610765], [89.10166482981921, 26.323107068519874], [89.10358680237721, 26.32292046428399], [89.10658087677308, 26.32651964441534], [89.1102454326957, 26.32529589320733], [89.11169418126988, 26.32373386114612], [89.11184004856449, 26.319962406201064], [89.11311399056703, 26.318566871899435], [89.11647108322023, 26.3184589357277], [89.11656601535954, 26.320224659173913], [89.11974103235525, 26.32035253254101], [89.12412482640187, 26.322529937852085], [89.12902122920322, 26.32254509444842], [89.12964434501896, 26.320946256143646], [89.12433784906689, 26.320849051395573], [89.13036540300304, 26.318975003638418], [89.130973984688, 26.32011576570678], [89.13254787646792, 26.32053780237426], [89.13641585671913, 26.320151466205782], [89.13641148353953, 26.315632489166635], [89.13379259858246, 26.31386227104397], [89.130091190995, 26.312764302154918], [89.1345175102758, 26.313126280031035], [89.13481936946376, 26.31227543689571], [89.13311775848683, 26.312201959288156], [89.13509449958129, 26.31135558655155], [89.13625491981897, 26.30795135533312], [89.13431273098689, 26.30752713919055], [89.13370259102567, 26.30630512060183], [89.1268672557375, 26.30594710033382], [89.12576175424022, 26.30466898858183], [89.13063444387235, 26.305076687668944], [89.1313624059675, 26.301742668342992], [89.12865568769264, 26.303104850350362], [89.12886169307401, 26.299667790465215], [89.13094429894701, 26.298956417562053], [89.13070864193321, 26.299956067683755], [89.1321658872657, 26.300241964367505], [89.1329219315995, 26.29892944659961], [89.13173030658209, 26.298496753255613], [89.13221417936215, 26.297792041561546], [89.1292899172425, 26.297992710306634], [89.12878524167618, 26.29607552247814], [89.12716306156106, 26.29612830098033], [89.12504448634047, 26.29492132708688], [89.1253881650218, 26.292128417812716], [89.12471968842915, 26.290319128374268], [89.12306461953735, 26.288096381599185], [89.1215213751806, 26.287408083351632], [89.11949420785504, 26.288300805548154], [89.11756267017502, 26.292187159652286], [89.11720308655454, 26.29602221911011], [89.1147135430551, 26.301099159026048], [89.11478497539754, 26.303316749267886], [89.11319503141165, 26.304755495909177], [89.10957413246192, 26.304984743822807], [89.1096199487341, 26.309189649093362], [89.10852746949503, 26.310731309102792], [89.10874995424841, 26.31213611212781], [89.10632800426367, 26.314184128943058], [89.10634649345917, 26.316344392062113], [89.10507200572863, 26.312955146896883], [89.10395654799835, 26.31222136084967], [89.10246444323639, 26.307104532829445], [89.10039364963916, 26.305434768893083], [89.10174007894143, 26.30307878002713], [89.10687150542152, 26.301319158714293], [89.10778995107385, 26.300257212202677], [89.10649018203674, 26.298139757319866], [89.10452567516623, 26.297356670892697], [89.10418041955226, 26.295644112559508], [89.10433138956253, 26.293594940992765], [89.10649000060783, 26.2921192019339], [89.10706128108693, 26.290521263774064], [89.10383620348063, 26.288788497041566], [89.1026312632858, 26.284785696339647], [89.10279501607633, 26.282377706107635], [89.1006012356852, 26.279543019816337], [89.10332672488424, 26.278354153008316], [89.10401075936903, 26.280694080624784], [89.1061731770337, 26.281345227089087], [89.10541173135385, 26.275747659435517], [89.10632798281594, 26.27421112067591], [89.10830596726416, 26.276171401896814], [89.10937227089364, 26.27264377686464], [89.11202774832208, 26.272438453835395], [89.12496604455524, 26.263860857474292], [89.12558947344809, 26.26230772994193], [89.12220539983156, 26.258395054491096], [89.12674873387033, 26.249231857414607], [89.13055763666864, 26.246839152115204], [89.13157201811612, 26.239685324332424], [89.13438236300394, 26.240093348783095], [89.13583201137817, 26.23953042791664], [89.13335216415362, 26.237759358863894], [89.13758321808758, 26.236810249209114], [89.13919399374089, 26.23738647532154], [89.14041673032052, 26.235721176387678], [89.14096901826213, 26.233836857403453], [89.13943457726813, 26.227826224467638], [89.14051592345689, 26.224782588405255], [89.14259659425504, 26.222563158492246], [89.14291859985242, 26.22067068149047], [89.14206515260969, 26.220210190752663], [89.14162210514891, 26.21497918881563], [89.14334813188219, 26.212893059106474], [89.14832608896083, 26.20958358408098], [89.14787690023718, 26.207609774428192], [89.14249354719801, 26.19961756516153], [89.1412504947565, 26.199590398612965], [89.13916143248365, 26.197985982282063], [89.13960705781895, 26.19522802348419], [89.13788838662487, 26.1889087001228], [89.13574306039558, 26.187755915082306], [89.1357117956598, 26.184152014187706], [89.13442094409, 26.18223630759879], [89.13867151094173, 26.17563392572077], [89.14066818058531, 26.175029062700478], [89.14080784888996, 26.16962656960075], [89.14335003388769, 26.168851676196642], [89.14784188516563, 26.169523348821006], [89.15185139531069, 26.166596210618426], [89.15273187259332, 26.16383115901439], [89.15635742222166, 26.16138242665315], [89.14952041096257, 26.152319325084722], [89.15504238119004, 26.140194128806677], [89.15606380290276, 26.138785365204104], [89.15929571060964, 26.137275515374498], [89.1597432771301, 26.135932785860344], [89.16178713837782, 26.136489259412382], [89.16275867315383, 26.13320548089128], [89.1672186803057, 26.129730837531667], [89.16866102511754, 26.130998731253058], [89.17269571140315, 26.129958766681266], [89.17524533739659, 26.131533167415405], [89.17654888102155, 26.12947520141024], [89.18052880914843, 26.127664965530467], [89.18233072806837, 26.128306677337005], [89.1858156455761, 26.126688175342622], [89.18914900377516, 26.126499295707756], [89.1920638941548, 26.123254434855298], [89.19441004182339, 26.124162584968808], [89.19492599068383, 26.126412043508957], [89.19756107208508, 26.12576083517299], [89.19784908497826, 26.126794023857908], [89.19688646028506, 26.127280754144827], [89.1974590635249, 26.12778957849175], [89.20133146189416, 26.12771854010227], [89.20246161907578, 26.12861191718649], [89.20625824120802, 26.126020614970574], [89.20776063891132, 26.126320637194706], [89.21193781939807, 26.12479502687743], [89.21438317314957, 26.12557360223388], [89.21353455043489, 26.125944815377483], [89.21406073927903, 26.126673408868268], [89.21587576462842, 26.12537857256458], [89.21654885496629, 26.125829179171983], [89.21690703364243, 26.124615002345703], [89.21861444873237, 26.126142871090913], [89.22002569634509, 26.123888129539402], [89.22870024741357, 26.123489553849883], [89.22926185785536, 26.115639936435592], [89.23149504869659, 26.116733674860665], [89.23406763358615, 26.113620420864553], [89.23745044419015, 26.114029431606628], [89.23885195683866, 26.11324734090527], [89.23907243045242, 26.110089389688213], [89.239937185573, 26.10994835348603], [89.23978556970906, 26.107441366917822], [89.24109154627612, 26.105613045370685], [89.24233529661865, 26.107032667204994], [89.2408871589844, 26.104257577941453], [89.24358487079247, 26.104929197143306], [89.24505394637357, 26.106207202233772], [89.24554003993613, 26.10492250893936], [89.24768306160168, 26.10466734024554], [89.24758265899784, 26.102824841675382], [89.24999608627783, 26.102648361589903], [89.24845166677221, 26.10156865792103], [89.25173071991384, 26.101736383595536], [89.25154072295683, 26.099721864541564], [89.25247374465975, 26.0993971336783], [89.25035898793641, 26.095578051159535], [89.25140645609724, 26.092536664716754], [89.25918917377246, 26.093941959532557], [89.2607973266166, 26.093284296781544], [89.26138414813934, 26.094285042127158], [89.26319648835084, 26.093705147059993], [89.26618382813652, 26.089659998721654], [89.26089240272438, 26.085164601008287], [89.25993545807827, 26.08295541138292], [89.25663516954195, 26.079551885647895], [89.25464284521297, 26.06496374661353], [89.2571418202771, 26.065017823057296], [89.25713004313312, 26.06406178018203], [89.25827790564216, 26.063357749142874], [89.26441379326398, 26.062934287168233], [89.27038645942083, 26.060611314108634], [89.27352235058926, 26.06243751534562], [89.27476072318883, 26.06152669533483], [89.27621331365319, 26.064897990460295], [89.278152513972, 26.06575815346565], [89.27844530975696, 26.06692102024079], [89.2806762208187, 26.066525831578108], [89.28157405339365, 26.056701819514444], [89.28128327622065, 26.0548482190821], [89.28018547480555, 26.054756972091337], [89.27901344759408, 26.052042308555595], [89.27684685127964, 26.051469396731836], [89.27808416069706, 26.049383025214507], [89.28793092326336, 26.049056621871042], [89.2890040122929, 26.047489098279048], [89.29646289309756, 26.046475387225637], [89.29790542843816, 26.04998469189534], [89.29976560139275, 26.051041134945358], [89.3005199527162, 26.048206730737128], [89.30243176302405, 26.04792703498781], [89.30273919145564, 26.04717851274691], [89.30420561584192, 26.04752136597565], [89.30661622176461, 26.04501826149383], [89.30879889934525, 26.044772511958353], [89.3101130230773, 26.042422110523184], [89.3162345545544, 26.03871358699909], [89.31659286845891, 26.037249689208547], [89.31910511380657, 26.03961823846563], [89.32059637761554, 26.038244880874156], [89.32317412943075, 26.037871534648488], [89.3247154555923, 26.036798033014946], [89.32811023380373, 26.030561514642553], [89.33007401239209, 26.029924459874948], [89.32912900896955, 26.028590485159548], [89.3303937758582, 26.02745863627249], [89.33152775649256, 26.027687365643132], [89.3315409552733, 26.02888552616513], [89.33361885632301, 26.028881578473356], [89.33282951460987, 26.02740895229813], [89.33489330595097, 26.027244083006046], [89.33495756418526, 26.026150117589037], [89.33712583340002, 26.02600714177909], [89.33782779729627, 26.024359091042054], [89.33507418818168, 26.020529794985364], [89.33753498613784, 26.021331175006196], [89.33986829152639, 26.017629595685804], [89.34212613413784, 26.015954756525733], [89.3448287041688, 26.01639988215338], [89.3458225450544, 26.014854128162174], [89.34920149290019, 26.0164365641748], [89.34966002648818, 26.015399668748124], [89.34537672922774, 26.013254450209406], [89.34652528983543, 26.011789527663115], [89.35320483381354, 26.011004648517616], [89.35497566525359, 26.010391214873735], [89.35658407252586, 26.008464367992662], [89.36650340500437, 26.009259876384267], [89.36745972561924, 26.010398399747054], [89.37013691144294, 26.00927575014506], [89.37421916091198, 26.011293521157647], [89.37615598649323, 26.009918676330063], [89.38143527414347, 26.010874224297392], [89.39257833909005, 26.0084868687461], [89.39499021140223, 26.013077231465193], [89.3918660116365, 26.01758680689516], [89.391230727473, 26.020628787364725], [89.39173101070207, 26.023057022300517], [89.4002252749234, 26.02611234362668], [89.40326083042717, 26.02861537492091], [89.40406578618628, 26.0305126465401], [89.40735535556672, 26.031794263713998], [89.40756059177912, 26.03296894798199], [89.40554624731419, 26.033606852842123], [89.4062991292333, 26.03556258950958], [89.40929774781573, 26.036534269976425], [89.40687529905973, 26.037818393678197], [89.40776756479667, 26.03889826360341], [89.40672348559349, 26.04160735931979], [89.41312462284415, 26.04136205410667], [89.41943991193192, 26.042370664322107], [89.42454342803977, 26.044257381647412], [89.42575639620577, 26.04578594708537], [89.43142797178783, 26.041280053670185], [89.43344065360068, 26.03715241493902], [89.43349732127204, 26.029516995517138], [89.42904308598841, 26.022446228715385], [89.42784898527677, 26.01539052116863], [89.42883110709514, 26.01339604081176], [89.43216959165665, 26.01134987636579], [89.45004157737128, 26.007145124522374], [89.46045101331285, 25.99922752829546], [89.46307583552993, 25.9981830841784], [89.47753398460515, 25.99707064180436], [89.48165213191533, 25.997645862591362], [89.48795297571013, 26.000873840801336], [89.49145228948177, 26.004525146585017], [89.49163278946483, 26.006045587825838], [89.49691074027189, 26.00369770663113], [89.49903838405199, 26.003869319932832], [89.50598867235519, 26.002085599030117], [89.5094160163565, 26.002759819326688], [89.51165016445529, 26.00594696034339], [89.5177671307065, 26.008786445148008], [89.52016450584757, 26.008239094571678], [89.52106051467081, 26.00559805773996], [89.52364702501191, 26.006525937136654], [89.52605474769757, 26.005094175775717], [89.5285081748162, 26.00627831447348], [89.53237863525342, 26.00370443604318], [89.53537782864616, 26.00285289431094], [89.53725334172567, 26.003868542295944], [89.53671918116065, 26.005031664671158], [89.53431094246542, 26.00448891931983], [89.53297510440046, 26.005271324607765], [89.53601760506157, 26.006599455810647], [89.5390844291058, 26.006274035610705], [89.54188023531802, 26.004246155248406], [89.5420866506973, 26.003116401531784], [89.54360251969696, 26.0028339354823], [89.54423747974568, 26.000371388878158], [89.5466040768199, 26.00125922515723], [89.54845306919324, 25.99828632932541], [89.53897709671952, 25.99465188367253], [89.53797744825827, 25.993977672884355], [89.53696967705542, 25.990040876344306], [89.53608880208087, 25.990460194079684], [89.53668665324508, 25.985777937420135], [89.54198240045224, 25.98361355220961], [89.53841075901799, 25.974649776875086], [89.53908331631354, 25.97197854978623], [89.54274389265194, 25.968837082043844], [89.54733921308652, 25.967976202416438], [89.55059564022797, 25.966197890496495], [89.55737973385422, 25.96523906153005], [89.55864521373243, 25.970348132731086], [89.56350563825858, 25.971315512167553], [89.56420691777748, 25.978395834533647], [89.56664351091042, 25.980551670940194], [89.56878394388707, 25.97824700944042], [89.56742838615824, 25.970311438847332], [89.56848924285273, 25.96814858727367], [89.57230527886071, 25.96752218395672], [89.57772522655581, 25.968458005346523], [89.57874021122883, 25.971842616887514], [89.57717261835396, 25.975461809176576], [89.57721825772268, 25.977540483916556], [89.57473021211109, 25.97715394354964], [89.57476983470937, 25.980025527145084], [89.57574939758666, 25.981538631133677], [89.57620247368925, 25.98195532810847], [89.57692090253163, 25.979675156119914], [89.57823996740407, 25.978444185093736], [89.58307206401011, 25.97961851332324], [89.58454771847354, 25.977962971281293], [89.58430934088778, 25.976147301033453], [89.58539651378206, 25.975488423713106], [89.58689153190186, 25.980507613061782], [89.58390326761659, 25.989869694524565], [89.58636700973003, 25.99193272402975], [89.5859327097282, 25.996650095263035], [89.58257849771073, 26.00197365101206], [89.57878623038434, 26.00264157972591], [89.58074137738997, 26.00332167002261], [89.57888157238885, 26.004451756477426], [89.58049664172196, 26.005233572784054], [89.57960002938489, 26.007013778346394], [89.57783232798052, 26.006993955059915], [89.58019318211075, 26.010485178166615], [89.57812861397466, 26.02221442735248], [89.5782885119282, 26.026410326052346], [89.58303632405733, 26.024591068653308], [89.58389026950734, 26.025015104704202], [89.58435814595434, 26.02616153225114], [89.58267058644088, 26.031039487337576], [89.58607101993726, 26.035568637808865], [89.58682246286195, 26.038796651253765], [89.58911314623009, 26.03883648096858], [89.59211290156347, 26.035619681224315], [89.59484260844604, 26.03586439115219], [89.596440823532, 26.037346350739416], [89.59675529734761, 26.040379518752083], [89.59175185106074, 26.043731853352575], [89.59186132471399, 26.044772835777458], [89.59928521175732, 26.045127719218403], [89.60447075504071, 26.049367348966562], [89.61068579423502, 26.05112132435647], [89.61266577686061, 26.053004826629195], [89.61291462799382, 26.056371879846502], [89.61227524093594, 26.05747968891054], [89.61131827843603, 26.05816111594063], [89.60658016553685, 26.05829332441058], [89.6045855850884, 26.06308884961303], [89.60488668874463, 26.06422741436502], [89.60653854476158, 26.065329032254553], [89.6084335620698, 26.064909224605554], [89.60995681485905, 26.06051645276461], [89.61080633746934, 26.060023240547586], [89.61747953894368, 26.060295597355005], [89.61600040187868, 26.05737620713237], [89.61604253992293, 26.055182665765425], [89.6177069701865, 26.053943239399086], [89.62633011714831, 26.05747610797295], [89.62949612454412, 26.062517762858167], [89.63096713263475, 26.06277436176651], [89.63397562854314, 26.061404989465004], [89.63670407342846, 26.06127022658264], [89.64372756971622, 26.06321782827225], [89.64845697799439, 26.06166220079626], [89.64948568581669, 26.062321049215193], [89.6499993214325, 26.066415577363106], [89.64657339778623, 26.069369539641357], [89.6356004225043, 26.07617435100384], [89.63342692361543, 26.0809060462646], [89.63315093017835, 26.08343873493663], [89.63498355080995, 26.086174860107953], [89.63699070285487, 26.086050121928434], [89.636410433284, 26.089383433351582], [89.63918986275253, 26.08954560827174], [89.63822973574369, 26.090915714572155], [89.6315483171534, 26.09518846240379], [89.63134696203583, 26.097214542917463], [89.63633693463593, 26.099208091507048], [89.63186748165755, 26.10184695854962], [89.63103225907935, 26.105083648197386], [89.62715488024409, 26.107969935729386], [89.62457306422907, 26.108432778955354], [89.62342335915659, 26.107902111508835], [89.62178952663798, 26.10067242547331], [89.61880737770521, 26.101272383305613], [89.61665435750078, 26.10397162027271], [89.61399814705958, 26.103691389018064], [89.61288365605449, 26.10103707293922], [89.61640337755836, 26.09660050269053], [89.61670711254982, 26.094594469420635], [89.61541422085736, 26.093943150761273], [89.61227892562583, 26.096108082841013], [89.60976457372598, 26.095890799321392], [89.60886793946173, 26.094871406755566], [89.60980306287404, 26.088809961897702], [89.60854715414334, 26.088156424643255], [89.60748193192038, 26.08861009277494], [89.60477366055649, 26.09342566253487], [89.59637933682464, 26.09785967781692], [89.59406295107947, 26.100586335244586], [89.59341290092682, 26.1017634355801], [89.59480354126526, 26.104238081602066], [89.59989526057349, 26.103510738314334], [89.60072851548745, 26.105243350814828], [89.60074248267298, 26.107664459026697], [89.59641685122503, 26.107325094390216], [89.59462310252798, 26.10807629438265], [89.5957422573043, 26.109273039427222], [89.60047672858785, 26.10934774850668], [89.59743309461588, 26.110831429107634], [89.59710021856311, 26.11311442908328], [89.59881035962059, 26.113708944545472], [89.60224312807462, 26.111593671875827], [89.60262763507774, 26.109723906366916], [89.60489257344393, 26.10658499673097], [89.60980248454909, 26.108857466582908], [89.61486736614108, 26.107293717585062], [89.62584591853805, 26.113480834531128], [89.6293567602522, 26.116583117435294], [89.63004670766597, 26.118630101852464], [89.62823881174536, 26.1260365185588], [89.62664964953775, 26.12808890731037], [89.6240496991021, 26.128804518521193], [89.62181805949832, 26.12628506036318], [89.62098684745548, 26.12106488433867], [89.62009071757487, 26.120090712095262], [89.61654042783161, 26.120500061128777], [89.61161796698912, 26.127604477897787], [89.60890176606236, 26.124718944746878], [89.60694150600382, 26.118004044042692], [89.60592138462978, 26.117136108799905], [89.60339837471217, 26.117873005217835], [89.601126701792, 26.121997786296664], [89.6038139265103, 26.123667773983467], [89.60598357384356, 26.12301117302986], [89.6068391323437, 26.12468455168337], [89.60437414378936, 26.128379946267927], [89.60346061521479, 26.128417504678175], [89.60304271781517, 26.126925340788127], [89.60174014887686, 26.127202794014476], [89.59594649153338, 26.135041288847777], [89.59775045900479, 26.137630491679293], [89.59780303574507, 26.138891394709013], [89.59571574935966, 26.140497898627174], [89.59795633520203, 26.147619478054146], [89.59791674966016, 26.152693423545287], [89.59647921263377, 26.15585426679003], [89.59116612933849, 26.15735681332025], [89.59518440269237, 26.161123896984012], [89.59826731502429, 26.160796743767406], [89.59974847375372, 26.160158640586978], [89.60068491665899, 26.15805565877553], [89.60352559479944, 26.156564598846582], [89.60445246832643, 26.156436218685148], [89.60439396002485, 26.158950792808028], [89.60547373291355, 26.158920458411345], [89.60697141993231, 26.15715701531615], [89.60670397050811, 26.154020766087033], [89.6078027717628, 26.15333525717269], [89.60928003736633, 26.153822354495965], [89.61113147748542, 26.156696512846306], [89.61101756316842, 26.157858762798853], [89.6082079463875, 26.158774984613714], [89.60961532723935, 26.159424420849437], [89.6096241460223, 26.161283971548727], [89.61306419659657, 26.16254102963062], [89.61330996093665, 26.166240990144768], [89.6171303773699, 26.16627208065156], [89.61879486872824, 26.167326748579928], [89.61878873128506, 26.168348766250332], [89.6169896359401, 26.16896082348012], [89.61330945836302, 26.16734146678898], [89.61127358686647, 26.168157110236073], [89.6111250251058, 26.174575594584354], [89.61375054289583, 26.173171231074694], [89.61521724317564, 26.173245137958773], [89.61514106565063, 26.17911132170509], [89.62286165677136, 26.178849020516143], [89.62318954412552, 26.178025368046182], [89.62145635995716, 26.173586743517546], [89.62362721560476, 26.171059643258893], [89.62827597411712, 26.177755855702983], [89.62996238061538, 26.17799496953705], [89.6302467172109, 26.179262095890138], [89.63575178831086, 26.17863672683271], [89.63717887695918, 26.177895956522462], [89.63691785627572, 26.17654932881303], [89.63564260631861, 26.176034243006225], [89.63560332740515, 26.174887952998066], [89.63318112814488, 26.174348492313943], [89.63159348807018, 26.172946548233117], [89.63178597633764, 26.172195893551415], [89.63769244761309, 26.171398218102166], [89.63766724654377, 26.168220308732643], [89.63907334409186, 26.166837800189708], [89.64653572584119, 26.16460794647852], [89.6491241394616, 26.164729968796458], [89.6503526661379, 26.16684136589486], [89.65062778448699, 26.170217969491055], [89.6538519500744, 26.169530479562603], [89.65491372614954, 26.170119951485965], [89.65502586061596, 26.173882169967694], [89.65849478365607, 26.176045124823183], [89.65555932647217, 26.17889316966528], [89.65539795801348, 26.181019812112932], [89.64967021798579, 26.179862050817565], [89.64284123110802, 26.18247682046299], [89.63982971884909, 26.181505409885947], [89.63855260003677, 26.1790399595148], [89.63413743350777, 26.180254002899023], [89.63291328922601, 26.182583333478643], [89.63148073073444, 26.182749540936307], [89.63126402078268, 26.18125290139432], [89.62854306542201, 26.18287856079759], [89.63074615091205, 26.18997750568694], [89.63241638795503, 26.190044988957023], [89.63196513716551, 26.191020719418074], [89.62935089563638, 26.191668650835748], [89.63217610337463, 26.19554900980376], [89.6358324172129, 26.193242233459152], [89.635520390515, 26.190290474891004], [89.63718230389293, 26.189715655128637], [89.63827579088438, 26.186954800909174], [89.64311006170057, 26.184879350484586], [89.64677742744712, 26.184430148279375], [89.6448223768943, 26.188170345860712], [89.64837274457227, 26.18734608843129], [89.64997515118074, 26.19000919998941], [89.646036847599, 26.19498613572326], [89.64339291628947, 26.19551912209323], [89.64202889636775, 26.19777312062656], [89.63958644760389, 26.19948263492788], [89.63827939480119, 26.204316927649923], [89.63900514763199, 26.206223982011196], [89.6380726239793, 26.209681640424026], [89.63684638938713, 26.210289735157616], [89.63410951416698, 26.21001078370226], [89.63270662326735, 26.21108284930513], [89.6333956636347, 26.214207692163733], [89.63569763988352, 26.217253103287547], [89.6336323958456, 26.21952611450004], [89.6352626580495, 26.223519609120455], [89.63365444123315, 26.2268699802862], [89.63376528397276, 26.229138360118704], [89.63664912353084, 26.229688013162406], [89.64028626771588, 26.22640816468595], [89.6464150972753, 26.224870294619546], [89.64968162359699, 26.22151931219769], [89.65620064009117, 26.219189066128607], [89.66371218102061, 26.219412817265603], [89.6651532765938, 26.220668463319313], [89.6710778743985, 26.21955965590161], [89.6721619010068, 26.22423378462177], [89.67214780659361, 26.228479886143358], [89.6772612147847, 26.234497781953742], [89.67872574874299, 26.237932843374118], [89.68064574225978, 26.228158152455133], [89.68381561851807, 26.227713119141022], [89.68488359872909, 26.229966638438235], [89.68578514659194, 26.230250220427237], [89.68564436859052, 26.226754356340848], [89.6869438614933, 26.22598234549351], [89.68415579019575, 26.224088510237515], [89.68376591630718, 26.222722500478252], [89.68497533038283, 26.22193055649444], [89.687038697627, 26.222343085113437], [89.68871142374462, 26.22166329346975], [89.68691727109844, 26.219787461301753], [89.68263313377088, 26.220401671005384], [89.68032972852932, 26.223588508314272], [89.67882320006147, 26.223872402471077], [89.67803905363972, 26.21744557042231], [89.6791744331012, 26.214441271110672], [89.6828547514891, 26.209507450689745], [89.68415804652446, 26.209116404603478], [89.68987580143266, 26.21294326945995], [89.69166761784658, 26.21247927883918], [89.6864645690934, 26.20835563245047], [89.67856380694755, 26.209768810759066], [89.67606628036796, 26.208986665900497], [89.67379877617874, 26.20660676960091], [89.6728195912933, 26.202056473023156], [89.6774707223154, 26.19743650554373], [89.68385401916757, 26.195671849853714], [89.68226397804062, 26.19182682920677], [89.68392086055191, 26.187246275345938], [89.68692770905028, 26.183019102350475], [89.6933671405393, 26.17558242214923], [89.69938173374943, 26.174240103755903], [89.69745100430183, 26.16939506143851], [89.6919317604668, 26.169151409274733], [89.68620560538461, 26.170048210914793], [89.68366849131414, 26.169512733976447], [89.68074483211345, 26.165786084356085], [89.6811465744864, 26.16408771561169], [89.68458404042302, 26.161395997243137], [89.69518534265482, 26.158971236346268], [89.69952790465851, 26.15551919409404], [89.70082707270338, 26.151339486598552], [89.7124894426947, 26.167955179503405], [89.71449065821415, 26.168758283088106], [89.72874024802945, 26.15742430120655], [89.73489348562356, 26.157511947001616], [89.7414420144465, 26.158849517111133], [89.74781509752661, 26.156781741948038], [89.75268536112179, 26.14903766419085], [89.75471249188237, 26.138318964247404], [89.75927569759193, 26.138248214563426], [89.76296609944137, 26.136761049423058], [89.76541526785647, 26.132171770199925], [89.76626497113061, 26.127913394814367], [89.76453432430574, 26.123447651559268], [89.75856106655866, 26.11603341732444], [89.75560220195847, 26.113689738772766], [89.75524141548257, 26.111633739807377], [89.75668263634745, 26.107840314186998], [89.76764258704138, 26.1079960928376], [89.768706411035, 26.106762988945537], [89.77270900399277, 26.105041854057593], [89.7762339262505, 26.105294554881148], [89.77736102115209, 26.107558244895074], [89.77898985843242, 26.107629601969457], [89.78400690597695, 26.104847018164218], [89.7857740205383, 26.101566218100153], [89.78177327720248, 26.100099097026458], [89.7814151445155, 26.099080452319384], [89.78171267039588, 26.097729828782818], [89.78519851772481, 26.097879537407692], [89.78596144692204, 26.096292566262264], [89.78439597003668, 26.094472435537636], [89.78348236226324, 26.082836237209456], [89.78531745059485, 26.08322725835079], [89.7917448571581, 26.08885036232444], [89.7937197280713, 26.08836389958697], [89.79437967845577, 26.08158688074726], [89.79057089400109, 26.077747705515225], [89.79031993455595, 26.075496107773105], [89.79192652722676, 26.075001795519842], [89.79485102850605, 26.07666633029821], [89.79676400813169, 26.07552507788608], [89.79522006502144, 26.072702785559926], [89.79742941599187, 26.069969316934078], [89.79721078752127, 26.067381978674348], [89.79821647130737, 26.065768750158064], [89.79560965700962, 26.064801718464942], [89.79616605741964, 26.063919843799205], [89.79828641853672, 26.06451370813771], [89.79865730732804, 26.063944220730257], [89.79747747394008, 26.06237251681373], [89.79851320180427, 26.059422918286174], [89.79624460339326, 26.058969938638427], [89.79567714364173, 26.057596044357684], [89.78586832366557, 26.05678269644351], [89.78489691824394, 26.05565591533962], [89.78464689170856, 26.051780633257277], [89.78828339757797, 26.050259409711124], [89.7886835596752, 26.04904548782651], [89.78465721673962, 26.04732670121898], [89.78451983349643, 26.045924055415476], [89.77744690487356, 26.041976902527203], [89.7741329432456, 26.037924149203157], [89.77492206329055, 26.036232855813285], [89.77644559500848, 26.03448738808622], [89.77751269956165, 26.0345883630221], [89.78134911231305, 26.040406595587523], [89.78659310450197, 26.040223117693223], [89.78982976751291, 26.039200721327166], [89.78779221380698, 26.035567757968575], [89.78895939620607, 26.034562642841003], [89.79208880741135, 26.034038370730833], [89.792721132793, 26.03876018008164], [89.79542357442614, 26.04187705970999], [89.80107686888732, 26.040180577177136], [89.80143230789551, 26.03686035099186], [89.79968751695915, 26.035006829637325], [89.79847795600385, 26.031433288637412], [89.78951586826419, 26.021158677810824], [89.78744078462726, 26.020852577523662], [89.79111055922347, 26.017442955603038], [89.79443651997038, 26.0198157985521], [89.79461914187962, 26.021655887361156], [89.79868666929796, 26.02516970027024], [89.80283925931718, 26.034182678288026], [89.80502935154867, 26.043683889243802], [89.81202375181412, 26.039930548253793], [89.81574205498625, 26.028980465504365], [89.81883678545431, 26.026257931920277], [89.81657920267884, 26.021488457671932], [89.81574473121348, 26.0176666431509], [89.81800480410756, 26.016094926116956], [89.82179294356266, 26.009724567377063], [89.8220454119811, 26.007971956639548], [89.8204245657714, 26.006612651734468], [89.81902490144314, 26.003178993950943], [89.82015697225756, 26.00003349682382], [89.82090600448421, 26.00090637314491], [89.82120545308932, 25.997817963010878], [89.8201122529955, 25.99659136646379], [89.81658295036323, 25.99656210209304], [89.81490482478756, 25.998220896635388], [89.81682530715092, 25.993105095274633], [89.82010356145432, 25.987739250671854], [89.8280483932473, 25.98391572234537], [89.83643925954394, 25.98273237532331], [89.83709271512042, 25.9856808090364], [89.83401128424951, 25.99066406349206], [89.83096364166073, 26.004801322099564], [89.83149075302293, 26.010053932544203], [89.83490137332795, 26.01217198335352], [89.84199103057998, 26.007471394792997], [89.84804507796454, 26.000255112808674], [89.84755699372121, 25.99737011682079], [89.84990505305058, 25.991280220911722], [89.85704491930436, 25.98871054653497], [89.86534289022914, 25.983337251352662], [89.86757900915002, 25.979677687831643], [89.86897421687253, 25.979990489662924], [89.87008709200644, 25.982103927074757], [89.87089458563014, 25.981711848823114], [89.87310761394266, 25.976106795870763], [89.87257622829571, 25.974975332105238], [89.86904421240332, 25.972887961778163], [89.85819068588881, 25.969021960115274], [89.85317173446448, 25.969096532469255], [89.8440514733578, 25.971246837107426], [89.83863524144745, 25.967263787304468], [89.84319088036928, 25.964112272165302], [89.84643571394045, 25.957698293917492], [89.84588897998697, 25.955668235752988], [89.84488190138512, 25.955039015706255], [89.84760049038934, 25.949818083057114], [89.84312891090843, 25.95057633869779], [89.83156728618053, 25.95504050802568], [89.82547365056469, 25.949996847665474], [89.82565977859056, 25.945689227159313], [89.8423751567116, 25.944221262257322], [89.84016132958801, 25.942390271945865], [89.84352485957722, 25.94029165875464], [89.84516692919021, 25.940208202892862], [89.84780289996795, 25.942172753298415], [89.86202226370331, 25.943652104799092], [89.87593071542503, 25.94671173019551], [89.88685252712753, 25.945533234678425], [89.8810310775645, 25.934237167742186], [89.8791980154281, 25.928912482824224], [89.87876639761328, 25.924970537314035], [89.87735721094796, 25.922482720673873], [89.86188239883367, 25.9070038159193], [89.86102030786164, 25.907269377130543], [89.85686513401042, 25.89958531857825], [89.85086865657466, 25.894840779893297], [89.84976669253899, 25.893153288071552], [89.84873737624982, 25.887851034802484], [89.84073289883115, 25.87981985820415], [89.83833574771346, 25.87560864957416], [89.83229613643391, 25.87054046259633], [89.83336057627321, 25.86885589346512], [89.83555229243936, 25.86013311261745], [89.8341898327621, 25.855975481549137], [89.83498510396504, 25.842505790609266], [89.83326386540448, 25.83818124157981], [89.82752657176697, 25.832947821337665], [89.82684558188683, 25.83057605029659], [89.8182240420693, 25.818489469668243], [89.81693194618977, 25.81468730536342], [89.82637029218502, 25.810967193685247], [89.8295702220176, 25.800929491626018], [89.82944630445223, 25.79690191093839], [89.83147244336168, 25.79165720256999], [89.83384785911662, 25.78861734368129], [89.83465953449402, 25.782320872883474], [89.83943765989594, 25.773766767872214], [89.84140848782292, 25.759325175456777], [89.84082288789126, 25.757262833897027], [89.83391031037918, 25.747334327364374], [89.82680714687592, 25.739636280485318], [89.82690438225052, 25.732305565520303], [89.82782286123539, 25.728618377933937], [89.83106802392605, 25.723693936452324], [89.84570103261117, 25.714760079604776], [89.8497029334783, 25.713571140891073], [89.85112041280297, 25.710467322338765], [89.85166492218376, 25.70618754231559], [89.84869328709527, 25.69759954310142], [89.8479992554353, 25.69251647919288], [89.85176225489116, 25.68619465051855], [89.85772963623214, 25.67966605874034], [89.8607581830571, 25.669479430353576], [89.86314874548424, 25.665928269953703], [89.86757370858763, 25.66150637474211], [89.86790410184732, 25.662893954494987], [89.87128460411938, 25.662113031021455], [89.87816128619241, 25.639110804634896], [89.8806916075555, 25.634132661621173], [89.88261266061977, 25.61723447806749], [89.87973688029754, 25.602695500474532], [89.87548208416186, 25.594097270879463], [89.8739526301474, 25.58659847615971], [89.87522543212623, 25.58441421040975], [89.8756058711046, 25.580319810446145], [89.87362200994107, 25.57429595568332], [89.87333630926747, 25.569334059055432], [89.86931005472108, 25.56579002985288], [89.86648303422258, 25.556385109262475], [89.86621648551228, 25.547081255175414], [89.86454736467216, 25.54338626789065], [89.85202641196409, 25.538271384981964], [89.85776161684727, 25.522162766487128], [89.86062288131947, 25.5178845046331], [89.85742390400549, 25.504747147883794], [89.85597242337238, 25.50283126406127], [89.85408142701253, 25.503896121948117], [89.85384376263787, 25.500628538205067], [89.85510782135395, 25.49697808312214], [89.85355390915736, 25.49502143526285], [89.84937955135544, 25.49300792006765], [89.84877312663451, 25.49010680921166], [89.85046344865492, 25.48624348188943], [89.8492772891212, 25.473530676218953], [89.85226823136877, 25.472329834447066], [89.85212434715382, 25.465674182676906], [89.84276180654135, 25.45626760499435], [89.8350668404055, 25.443790221111623], [89.831731776655, 25.435349629163756], [89.82534337507651, 25.414334774474273], [89.8247695104383, 25.408272300132], [89.82729018773071, 25.406214046513615], [89.82307881704449, 25.389574641796425], [89.81948876834883, 25.383689082330324], [89.81966169381033, 25.377696337415795], [89.82155137704547, 25.37363597985211], [89.82108108697307, 25.358867464383067], [89.8230453823556, 25.348331608394176], [89.82351991428393, 25.34726881528146], [89.82666191523802, 25.346145969047956], [89.83267452902123, 25.331554806968043], [89.83900388061278, 25.32193907275055], [89.84147493483508, 25.314455283558374], [89.84095308678667, 25.309173438537997], [89.84178761894462, 25.307736756576688], [89.83760766671938, 25.3051025754003], [89.8370716375395, 25.301061293217092], [89.83122481909436, 25.29584397981703], [89.83817001576804, 25.293792188086734], [89.8384426735937, 25.29277652752308], [89.84412650668739, 25.292057360569892], [89.8457915552347, 25.290379390082002], [89.84806794757634, 25.2905443056671], [89.8486460900823, 25.288926701053644], [89.85391472292253, 25.28893652752306], [89.85473673384232, 25.2876030442374], [89.85663848493651, 25.28718610281326], [89.85660969842928, 25.286324765776452], [89.85914750299116, 25.2855883808825], [89.85954836370432, 25.286824848953632], [89.8640527988706, 25.287845029240103], [89.87661116077362, 25.28500798809205], [89.88206171343954, 25.28675086882201], [89.88842625329966, 25.291572604812757], [89.89025271643274, 25.291973021835407], [89.89273493247231, 25.297871934806032], [89.89553060690426, 25.298731299043492], [89.89787067400222, 25.30245868900835], [89.89937156205517, 25.30299027751472], [89.89961066923331, 25.304423507916724], [89.9025504124881, 25.30550973441152], [89.91318235370521, 25.30715771622289], [89.93116158340172, 25.30081294002699], [89.937979446159, 25.299199458375327], [89.94429714827876, 25.30409044330972], [89.9452622520538, 25.30291511284752], [89.9469486074295, 25.295083799024493], [89.94938062651943, 25.292566197519267], [89.95417367330397, 25.2996964270006], [89.95869101237282, 25.30212703659393], [89.96434558760106, 25.3018395277047], [89.96703233667486, 25.30360792425292], [89.97561777778445, 25.297850224011626], [89.9797871088167, 25.293100104625438], [89.98078231060407, 25.281404247924616], [89.98182629567091, 25.280549277425685], [89.9971650518443, 25.276941439314932], [90.00416371609333, 25.28099171759854], [90.00653754677664, 25.27985826747527], [90.00844038214795, 25.277385991756102], [90.01862530835233, 25.273101638710788], [90.02337968086614, 25.26859967254817], [90.03331285522883, 25.263030273101744], [90.03996529989907, 25.26154531164883], [90.05489058838685, 25.261330550940503], [90.05671834850433, 25.26030937854426], [90.06180818560262, 25.252820225451295], [90.06721960117098, 25.250038062007757], [90.0742513527964, 25.243937193899452], [90.08203461520688, 25.240273897097193], [90.09246718078843, 25.23862581767537], [90.10559630948981, 25.22929437205685], [90.11644090796725, 25.224091797250153], [90.11813739169702, 25.223815574649183], [90.12611228672803, 25.22559088372182], [90.13946417562431, 25.224383430443037], [90.16894049787845, 25.223604812277006], [90.17529677162607, 25.22182567401043], [90.19157379105738, 25.215186438604093], [90.19542855614122, 25.212212505626436], [90.1981161268155, 25.211157400605572], [90.20917398765805, 25.210210301419473], [90.20977143296967, 25.20838635472224], [90.2160649807374, 25.205602003355526], [90.21683588178307, 25.206506781041455], [90.22156158068718, 25.20619950093112], [90.22412180791696, 25.20203355530905], [90.22599701089501, 25.201076254810445], [90.23271985650872, 25.20521549861345], [90.23672576717715, 25.20505110088655], [90.24574466111247, 25.20235141042257], [90.24955626203402, 25.199896543835315], [90.25434075580773, 25.199687457859138], [90.26000960008457, 25.196717746581804], [90.26203915105727, 25.1963100354962], [90.26944041615539, 25.197924545896328], [90.27934734095396, 25.195370764359243], [90.2860115107226, 25.19500752076093], [90.30118210826231, 25.19023228158183], [90.3099719079743, 25.188457068758247], [90.31690295893902, 25.192411991390657], [90.32225258415357, 25.191896967719302], [90.33028117206051, 25.193155991026956], [90.336605894912, 25.188564813529396], [90.3410312806647, 25.182801493766277], [90.34431295122897, 25.180066591196443], [90.35438425190968, 25.172562487647582], [90.36593466808945, 25.166289581182383], [90.36905987622227, 25.163209654834468], [90.37726062103864, 25.161019335011886], [90.38794743216161, 25.161032359975128], [90.39751318120187, 25.15957955856653], [90.40500234722512, 25.159607240742726], [90.41763422208945, 25.15153475195437], [90.43888169739068, 25.145379232770576], [90.44558831414747, 25.144455004857708], [90.4500477095342, 25.149462070108925], [90.45101957353033, 25.152540863463408], [90.4637171471357, 25.15449067596251], [90.48556445125358, 25.161238859504337], [90.48902560846962, 25.16435266303038], [90.4988994130832, 25.168139710825738], [90.49920463948885, 25.17166460744477], [90.50820153062432, 25.169724000611943], [90.51042733574285, 25.169993472072466], [90.50984619476378, 25.175062257092357], [90.51897815105768, 25.171899129885617], [90.52736505469309, 25.17356048137293], [90.53626402020308, 25.17327113397196], [90.53880481913654, 25.174764947870315], [90.54614598461917, 25.173259836339973], [90.55117520671324, 25.17432713020668], [90.55557959470906, 25.171213151181643], [90.55974390667232, 25.17275355590835], [90.56344894216842, 25.171370792194864], [90.56712382901374, 25.17314200247313], [90.57334428527973, 25.172800837470305], [90.57610559511491, 25.17110590369946], [90.57744025628014, 25.17162617295931], [90.57918205762952, 25.174434665034124], [90.58580155950682, 25.173100868276194], [90.58930430717999, 25.1758870182948], [90.59294584431137, 25.175405140335666], [90.5982899905809, 25.176090278751], [90.60333965882542, 25.17452329038012], [90.60833622882406, 25.1761554365816], [90.60972283695158, 25.17847736452023], [90.6143374039242, 25.17450740098392], [90.61545925642186, 25.17472794053854], [90.61573917248703, 25.176495077233024], [90.61669520765122, 25.176668886273873], [90.61851888081952, 25.17228031566829], [90.62227990937495, 25.173391681136387], [90.6257873394536, 25.173289410140892], [90.62750430486469, 25.171754281038833], [90.63515789216729, 25.175385224419017], [90.64194320467585, 25.174325338362408], [90.64227427115159, 25.176312317055633], [90.63962962412383, 25.179049304042994], [90.64056950117903, 25.182410811431083], [90.64238073667147, 25.18289738208081], [90.64623218666728, 25.180588548052757], [90.64878493035722, 25.180196402592475], [90.65099013627083, 25.1819883103304], [90.65226521616725, 25.188596429717375], [90.64837098485731, 25.193863105146303], [90.65322449993248, 25.190166895008964], [90.65545245654661, 25.186079195601113], [90.65704608422834, 25.185178105545386], [90.65965064072495, 25.186449415268036], [90.66058364098858, 25.187847805015856], [90.66320072619695, 25.19657029223103], [90.66435183954611, 25.19469976326269], [90.66393187245896, 25.184856698830632], [90.66483683761848, 25.184625743723238], [90.66558046815332, 25.18141487385796], [90.66405122872473, 25.177694960150493], [90.66496000675293, 25.174518343041758], [90.66437415394036, 25.172276887215123], [90.66623820337854, 25.169597164953966], [90.66621417696871, 25.165403718415597], [90.6699368332959, 25.166039375805255], [90.67518373183937, 25.17632331368395], [90.67608535802863, 25.175502500702546], [90.67543924969434, 25.173619201769032], [90.6759522741671, 25.172626324973674], [90.68126633691215, 25.171864282002016], [90.68505409631837, 25.173447457626303], [90.68595715537789, 25.173009246623973], [90.68319569682976, 25.16984327890061], [90.68263744036932, 25.163813469541147], [90.68412891266725, 25.162808713008506], [90.68800349866045, 25.163662768297574], [90.6909928241651, 25.163246989279248], [90.69770826339281, 25.15632917024377], [90.7001670391162, 25.15882409516847], [90.69969628888984, 25.160660641418392], [90.70112713610308, 25.164161093052634], [90.70493551139793, 25.160914607407342], [90.70734144371505, 25.162162887090783], [90.70827146319559, 25.16620635732782], [90.71291436388145, 25.16710687415568], [90.71817981724722, 25.163212430083476], [90.72307212098437, 25.164032402726505], [90.726378280104, 25.16058972115149], [90.7277607611882, 25.15696171436032], [90.73063924811115, 25.156730244358844], [90.73228794350904, 25.154512458113526], [90.73378586119128, 25.15456995019591], [90.73455004234563, 25.157296184018158], [90.74155786692609, 25.159719796988828], [90.73923081894982, 25.162758891736953], [90.73671921868241, 25.163279373380337], [90.73573741306072, 25.162643093272358], [90.73393155379495, 25.163684349987786], [90.73479343565381, 25.16614482428951], [90.73925610684249, 25.16602778762213], [90.740004108496, 25.16809540864488], [90.74150317631396, 25.169238159767144], [90.74378928372445, 25.164756059122823], [90.74557172807906, 25.16436329988951], [90.74736453853426, 25.162824165768022], [90.74724387293088, 25.16419062863115], [90.75028598002814, 25.167874898259196], [90.75543247932615, 25.16912370772712], [90.75993696754094, 25.1684369163716], [90.76129274965923, 25.170844456724634], [90.7606567342898, 25.172292592161977], [90.75931542165897, 25.172622316259336], [90.76183101159933, 25.17502502380657], [90.76293276065229, 25.177954229301797], [90.76962124960191, 25.182586050952466], [90.77027515006006, 25.18192004401371], [90.77445355449726, 25.182573820016113], [90.77986544767245, 25.18621059779566], [90.78146147932534, 25.184278144323663], [90.78187751083023, 25.18114240861364], [90.78423170312804, 25.181199936393067], [90.78554105091051, 25.179363777951774], [90.79088649674776, 25.180366460969456], [90.79605048210576, 25.177483487255387], [90.79952591396264, 25.174394997069832], [90.80487661161985, 25.172625961219936], [90.80471987402433, 25.16858968211157], [90.80554027101094, 25.166875661297222], [90.81492500307228, 25.164780618566102], [90.81532109089757, 25.165684294004937], [90.81357091037013, 25.168195327340598], [90.81667770422831, 25.168711574523734], [90.81852279698013, 25.167235083240897], [90.8195215212071, 25.16374667007501], [90.8219706264434, 25.164135507457303], [90.83376682504186, 25.162441830856558], [90.83976873062852, 25.162374046651376], [90.84111757442588, 25.165633667608795], [90.8421384791828, 25.165019447119658], [90.84348184038782, 25.16115755308363], [90.84753166928628, 25.159232419586036], [90.85097969149021, 25.159249893582153], [90.85952639350823, 25.161215409989918], [90.86078005483445, 25.159677494398597], [90.86244424214614, 25.159203315509643], [90.86660047116744, 25.162384795415832], [90.87081743020914, 25.161250459234136], [90.87296968211028, 25.16182757415159], [90.87517677953724, 25.163830549077776], [90.88333090323971, 25.167421309442734], [90.89523245529497, 25.166147101700126], [90.89749008767193, 25.167538759448544], [90.90171594808241, 25.164344039506176], [90.9056052018022, 25.16329537167023], [90.92068460562773, 25.164545605722605], [90.9284584691919, 25.164263965596273], [90.93813283487253, 25.16647123935986], [90.95077026180653, 25.171184483531523], [90.96672037712216, 25.17265917984876], [90.97197540500851, 25.175739013974713], [90.97796612618417, 25.17514871410102], [90.98373442856871, 25.175908517078177], [90.9916611848304, 25.17874974525331], [91.00081948487008, 25.180305594416236], [91.00378050424554, 25.182211754563472], [91.00495690674043, 25.180679389583588], [91.00688019288864, 25.180603105189498], [91.00848598412675, 25.18113679268707], [91.00938569880338, 25.183819907588795], [91.01024857212968, 25.184286965131836], [91.01243479278432, 25.18292316520187], [91.01957191127475, 25.184284529646956], [91.0201209589284, 25.188323356614223], [91.02602650471209, 25.185819027962747], [91.03136934343749, 25.18531401470185], [91.03392326120373, 25.186463876437543], [91.0396686133908, 25.186761673071207], [91.04005008169467, 25.18851700974349], [91.04093712583824, 25.188891721772627], [91.0419726620901, 25.188128738525467], [91.04749107973525, 25.18936806857241], [91.04993490950677, 25.19103482561768], [91.05157990384069, 25.19024656775159], [91.05463041913048, 25.192128470897796], [91.06604516605574, 25.19148171623526], [91.07175350681423, 25.191983954716818], [91.07336125816069, 25.19340184012741], [91.07353883332308, 25.194766320360657], [91.07096077870565, 25.196661531119297], [91.07092269569895, 25.197626310752458], [91.07274738457512, 25.198663374448532], [91.08613442978802, 25.196398503564716], [91.0940188232305, 25.197016503778386], [91.10942848124482, 25.19487847671153], [91.12976324557899, 25.193769657294624], [91.13768585664538, 25.19443131308176], [91.1421445065123, 25.196110345023065], [91.15006792864617, 25.19677132480322], [91.15641977163783, 25.196199767006483], [91.16168484915029, 25.19726464537126], [91.16756750870488, 25.196280928163834], [91.18107378417109, 25.198255027625155], [91.19416557926115, 25.201447405575944], [91.19957049990163, 25.201728727038425], [91.2227005939466, 25.199170157679557], [91.22561302223873, 25.199934443554145], [91.23014750362654, 25.196991535389785], [91.2367445484398, 25.198574814167824], [91.23763920594051, 25.19675577880504], [91.24032154830793, 25.196051578437157], [91.24700799404272, 25.197149439243155], [91.250946747163, 25.19484807652827], [91.25156764063644, 25.198793798112046], [91.25886664388003, 25.199781525677118], [91.25969846882211, 25.200688677936828], [91.26019213506856, 25.203874136703902], [91.26841782727185, 25.206079793520736], [91.27418376987158, 25.1994821722286], [91.27810531712873, 25.196765457564613], [91.28854165258136, 25.194334021100534], [91.29183891870674, 25.192691249978555], [91.29233402867604, 25.191648541454676], [91.28875826937636, 25.18933885866867], [91.28624656620585, 25.185105030684202], [91.28875504287338, 25.186320798031176], [91.29313274951998, 25.183528622130996], [91.30000823694382, 25.184001104919624], [91.3050090538174, 25.182448604656965], [91.31365283762213, 25.183863653639133], [91.31799595653854, 25.18333856990282], [91.32305019271435, 25.181647293674775], [91.32539007874328, 25.17975163134784], [91.32714727329164, 25.17634027830246], [91.33308836366064, 25.176916110141118], [91.33485308381553, 25.17626871238971], [91.33738321413065, 25.17359124286957], [91.34577282502252, 25.17430977013419], [91.35138439853115, 25.175768785055247], [91.35396392469627, 25.17142242924248], [91.36186369416622, 25.17784595132197], [91.36504333183653, 25.177133251005074], [91.36527460141913, 25.175236663865824], [91.36856607324782, 25.170552239121363], [91.3701145301173, 25.170777188334576], [91.37431487400406, 25.168647972506214], [91.37792674163401, 25.168020718885703], [91.3862219257625, 25.16984165873785], [91.39032440769826, 25.167423415475238], [91.39887319341243, 25.16493941031998], [91.40649796509393, 25.166152688949367], [91.40954407628291, 25.164125444730207], [91.41243929620352, 25.166609649365718], [91.41225820602004, 25.16956786390731], [91.41532358435529, 25.170661019564328], [91.42271793578956, 25.162450919636065], [91.42348452693426, 25.15931608076402], [91.42819679609873, 25.15744511997426], [91.43404409195026, 25.156679814582045], [91.44047019434375, 25.150668945785565], [91.44878638914791, 25.15010306980829], [91.4508781128864, 25.150562825781048], [91.45173063462912, 25.15271298572696], [91.45711595269775, 25.14973128685542], [91.45968876146263, 25.149874116005083], [91.46178679681448, 25.151485423361425], [91.46867576009093, 25.152066785684685], [91.46928174754493, 25.148515183692894], [91.46792980621235, 25.14397512942676], [91.4688568884857, 25.14171601254271], [91.470627552915, 25.141723273236178], [91.47045888224548, 25.14027070706279], [91.46455944173258, 25.135900960304664], [91.47272030424901, 25.133904208783292], [91.48024177028718, 25.135146926443447], [91.48049411068492, 25.135920901223624], [91.47844614234307, 25.136970662497266], [91.48081870030809, 25.137133753797997], [91.48180493562703, 25.137950047593755], [91.48229814569527, 25.137056319266676], [91.48977811696804, 25.135777044207902], [91.49208949805634, 25.1374365617917], [91.49242103662237, 25.139109228668172], [91.49438017286805, 25.138968715157567], [91.49354250484262, 25.13742869163837], [91.49536322896199, 25.136411492666472], [91.50013338453468, 25.13579331259765], [91.5016403614009, 25.14035121730766], [91.50114572927409, 25.14243571420542], [91.50174023388985, 25.143345563170655], [91.51056119888091, 25.147901816325508], [91.51693387725365, 25.1480499867005], [91.52018758617575, 25.146505974234618], [91.52878307717614, 25.145087428577412], [91.55687516717862, 25.14969009994829], [91.55761145596705, 25.15020828500653], [91.55829709863227, 25.15576788908604], [91.56348859737977, 25.160841503798398], [91.56769261663321, 25.159549381612972], [91.57161683426823, 25.161250323481926], [91.5764285393117, 25.159969560742685], [91.57618807565268, 25.161087170380586], [91.57200986204478, 25.163759528161428], [91.57235266936135, 25.166557619373226], [91.57748294784685, 25.17204497562137], [91.58118961502839, 25.17260695615104], [91.58893463662437, 25.171806219692744], [91.5921234201091, 25.17460018204169], [91.59373824751476, 25.17403599990619], [91.60649825954539, 25.174116405320607], [91.60762870135018, 25.175819569109542], [91.61016908557023, 25.177129312590324], [91.61283633193045, 25.17643666019231], [91.61559146037291, 25.17451059586197], [91.61548899182557, 25.170688660712898], [91.61495423097726, 25.170010015045325], [91.61180655401445, 25.170370488579724], [91.60780464588308, 25.16956814845774], [91.60462960438394, 25.167602761041103], [91.60250856469446, 25.162492948226806], [91.60039931128013, 25.15969712926664], [91.60368951045928, 25.15896857411301], [91.60241961218767, 25.1546417921427], [91.59976412773526, 25.150833882270124], [91.60024701971828, 25.147264027246003], [91.60293674475653, 25.14121732225489], [91.6038772509047, 25.14022752910345], [91.6076617109328, 25.145186129051517], [91.61044050338344, 25.14624163531622], [91.6124472311084, 25.145342328054582], [91.61220374323712, 25.141531500055553], [91.61313084245319, 25.141036680095525], [91.6155570836224, 25.14498284163475], [91.6206741037374, 25.143906699865276], [91.62227265594667, 25.14168339225597], [91.62374203034723, 25.13424462939295], [91.622460075491, 25.130113964427675], [91.62706405778614, 25.125595998556033], [91.63545336088208, 25.124044398258455], [91.63728280128348, 25.122580748664664], [91.64007480330133, 25.123487157977337], [91.64106297687016, 25.123036074449384], [91.64534592643477, 25.12738324687444], [91.65223676117483, 25.12766207095782], [91.65316697833448, 25.130826360904596], [91.6573308616568, 25.13194960262441], [91.65887767828875, 25.131371957953913], [91.65870004303557, 25.130336229407696], [91.66043774350032, 25.127191200279103], [91.66494432330904, 25.128359482469648], [91.66442925091594, 25.134991072959462], [91.66670238027295, 25.13686545274489], [91.67099600884528, 25.138252612296647], [91.67646571176769, 25.137645150981797], [91.68043794119939, 25.135107721638978], [91.68701491600362, 25.137550213963284], [91.6907465100596, 25.1374060993442], [91.69370711787282, 25.139070750238307], [91.69481892885645, 25.14587335857929], [91.69888272724386, 25.146557532397246], [91.70103041608431, 25.148855996935676], [91.70146299182541, 25.15041011700156], [91.70404042052547, 25.15052098279384], [91.7035482698426, 25.1536075798882], [91.70163414244814, 25.155820666151335], [91.70378426822842, 25.159661774133774], [91.7048356626379, 25.159073546978167], [91.70544367741724, 25.15727610583904], [91.70750150021908, 25.157594899527375], [91.70882357052005, 25.15952694873866], [91.71057505959675, 25.158327392250563], [91.71346971019872, 25.15801178141736], [91.71553883373593, 25.156477264972693], [91.71701964772754, 25.15277935901578], [91.73209890002343, 25.15080709576875], [91.73278327275864, 25.150277140525684], [91.73252776775614, 25.148032085052158], [91.7347258772765, 25.149467241520934], [91.73557548395297, 25.149005871761027], [91.73667415381348, 25.144329882004918], [91.73757567536548, 25.143510147707854], [91.7402647482581, 25.142411545103233], [91.74156100164753, 25.142720197794283], [91.74197664636316, 25.141475615010783], [91.74757303631603, 25.140037393815224], [91.74732193008057, 25.141862371507123], [91.74303784824481, 25.143915433689962], [91.74243964917551, 25.14522592909531], [91.74383811419894, 25.147053491293597], [91.74397454782786, 25.15259523505277], [91.74615430375668, 25.154990807704042], [91.74821644915335, 25.155784092161188], [91.74975019425973, 25.158648236417353], [91.74930016550947, 25.160478950305926], [91.74462260060055, 25.167817120520425], [91.7444572451506, 25.170270235516096], [91.74729957189443, 25.173971002259105], [91.75585371992489, 25.177377198239665], [91.75656309432846, 25.176642573249048], [91.75508645105653, 25.17216574729297], [91.75928019229713, 25.168475896301906], [91.76350176379304, 25.166479515997814], [91.76447829148768, 25.16755633659939], [91.77199225419233, 25.16544877062165], [91.77236705924946, 25.165899640296047], [91.77487501339914, 25.163330420396818], [91.77589741758064, 25.163289379952975], [91.78173156365861, 25.166358232944614], [91.78441295070675, 25.16690034259254], [91.79668370139802, 25.168765148502942], [91.80391991990491, 25.168508973613196], [91.80725822510475, 25.169400389522107], [91.80657187084066, 25.17028448959348], [91.80471972239653, 25.17014966211088], [91.80442070724052, 25.171865251395026], [91.81553161165996, 25.171522270142294], [91.81818631193931, 25.17221417330177], [91.82373811280829, 25.176881029197368], [91.82689125159001, 25.176433613837318], [91.82714926978261, 25.177852332300027], [91.8391414007846, 25.177615725591757], [91.84278855834145, 25.176789993704535], [91.84789459212035, 25.17398803490382], [91.86107458728682, 25.172878873293175], [91.86468083491658, 25.175497251377482], [91.87068753796318, 25.17466873424898], [91.87403414506555, 25.17606519324906], [91.87596893832432, 25.177823665963878], [91.8763400425085, 25.17614373798333], [91.87849295356912, 25.17441298682352], [91.88121737241138, 25.173847426483004], [91.8844410994948, 25.17748861070203], [91.89066152855055, 25.176291501094944], [91.89438173765133, 25.17649048538026], [91.89494798009954, 25.176780585477893], [91.8939686915937, 25.178770200926465], [91.89684311110554, 25.17840104141373], [91.89914394311508, 25.180230107090512], [91.90538607132984, 25.17971312702802], [91.91612097105613, 25.181572412914782], [91.92703244174899, 25.180645272351793], [91.93100106957633, 25.181293162885815], [91.93450286509406, 25.178448853427277], [91.93696103208919, 25.178940290724267], [91.96623104115687, 25.17692244793905], [91.98108726696074, 25.172120262429804], [91.98607358971508, 25.173784428644147], [91.99523604822627, 25.182201074118854], [92.00426017943292, 25.186066914142064], [92.01132600518142, 25.186005413949925], [92.01667111685282, 25.18695892350417], [92.01970860017013, 25.182096331602594], [92.0263920931364, 25.17869247637043], [92.02855296757782, 25.18266758661309], [92.03413035062016, 25.18338539197908], [92.03792439239167, 25.18178386787499], [92.0390977195337, 25.182430635975933], [92.03911283828128, 25.184046302587454], [92.04018072336227, 25.18442877507891], [92.04071996347102, 25.185942423937785], [92.05431846160273, 25.186506813827364], [92.05444775058518, 25.185084366053662], [92.05584383236292, 25.18410865163853], [92.05753964986579, 25.186544974208175], [92.05856729767592, 25.186373827491465], [92.05880754433653, 25.185468895756674], [92.0631175926117, 25.18680071105392], [92.06872032991186, 25.18499996161822], [92.07375204682707, 25.184492812898846], [92.07899376672867, 25.18090938300283], [92.08351546897126, 25.182143969835153], [92.09224641095709, 25.177195776184863], [92.09604167997793, 25.177139795545717], [92.10294752283495, 25.175138219721077], [92.10501107056125, 25.17573004418127], [92.10552282881702, 25.173076157920477], [92.11677672526606, 25.166987119597767], [92.1188779723893, 25.16660894545954], [92.12044266961797, 25.164314561444318], [92.12269640414976, 25.163008324477193], [92.12892597361795, 25.161618966483474], [92.13050647547605, 25.160997625817355], [92.13076182607104, 25.160103105598836], [92.13321245711234, 25.159578659839305], [92.13278095617736, 25.157936337790726], [92.133667894745, 25.1562908122914], [92.13954236303522, 25.154827726125756], [92.13989513322063, 25.15344602576088], [92.13939552463654, 25.152024740414575], [92.1361097110419, 25.152383051970823], [92.1362459406256, 25.150844819019586], [92.13498028742487, 25.149068976566586], [92.13544201462517, 25.145469604560184], [92.13472348513247, 25.143430289502028], [92.13787955356928, 25.14140165798539], [92.14562939631939, 25.139656272573546], [92.1449749414634, 25.139126960479746], [92.1364287036846, 25.139307475620093], [92.1374324861304, 25.13822386615287], [92.14195242550979, 25.137540221990612], [92.1424906801653, 25.1364204351248], [92.14627015644595, 25.135220428180233], [92.14773788274378, 25.13512073162167], [92.14846344942848, 25.136455778103567], [92.15125681303113, 25.137978572102377], [92.15306502039772, 25.136936209993127], [92.15320315137583, 25.133469579139106], [92.15579534062549, 25.133137373395304], [92.16376615841884, 25.135993796566275], [92.1637101568583, 25.13383663984778], [92.15918844079646, 25.132535056934685], [92.16041496022221, 25.12943789250461], [92.1646631333171, 25.130872637584684], [92.16425777685431, 25.12928814665289], [92.1624762397896, 25.127962395162257], [92.16003017542556, 25.127645469196075], [92.16087451871525, 25.12625261327241], [92.1645623240901, 25.12543601178287], [92.17079389253705, 25.128259930570835], [92.1751434735937, 25.126285272672572], [92.17661924089415, 25.12402552007526], [92.17865759816895, 25.126059871444934], [92.17975461336559, 25.12515911158925], [92.17924381336054, 25.123404148233014], [92.17724598750459, 25.122465397086774], [92.18053970579426, 25.12054785487527], [92.18189032304758, 25.118821913794193], [92.18476097698463, 25.12096465701625], [92.18781425107899, 25.126673589749466], [92.18844099004372, 25.129014669051347], [92.18804650397865, 25.133202694534912], [92.18958704959684, 25.136390622131394], [92.19316032051876, 25.13405117411875], [92.19505878419844, 25.12823806127726], [92.19418784376444, 25.1262137473605], [92.19766947407498, 25.126184708253113], [92.20773680366237, 25.122747628529346], [92.21420846437796, 25.120218375579512], [92.22138313110926, 25.115803036202905], [92.21902033401307, 25.11483873611548], [92.20629345318004, 25.119430951981542], [92.20075405974613, 25.12011529468387], [92.20061195157442, 25.118028853273117], [92.19634173335362, 25.108041518235996], [92.20321657696338, 25.10660071970387], [92.20895684633895, 25.108302007913114], [92.22044495206939, 25.104486421025157], [92.22308622986284, 25.103079301328574], [92.22303729958693, 25.098866292413685], [92.22663585352976, 25.09463127679958], [92.22871302733098, 25.094759729458755], [92.23177531298893, 25.096528581740113], [92.23340323897281, 25.094877590831683], [92.23864434476172, 25.09350493663231], [92.24647884510372, 25.08929404524491], [92.25425966302346, 25.08728830941504], [92.25543162600897, 25.085625973707998], [92.26883173005463, 25.082837210658266], [92.27855354513605, 25.07861501489805], [92.2841616770032, 25.07706198002419], [92.28729379375103, 25.077241639576137], [92.30063283077877, 25.071978936493128], [92.30944281280046, 25.070106199886094], [92.31182485824198, 25.069900427525432], [92.3128528428984, 25.071438623582715], [92.31478183347082, 25.07197494225734], [92.31715543504869, 25.070924693134472], [92.319513414706, 25.072531760446232], [92.31927285660385, 25.074163069950423], [92.32244404654676, 25.078418985850476], [92.32730459028518, 25.078280192406005], [92.33324182904502, 25.079553834607754], [92.3452999482763, 25.07449463580564], [92.3478789004165, 25.07464339453604], [92.34916819536926, 25.07336158165389], [92.34915325307003, 25.061023633991603], [92.34429744585869, 25.056068315828423], [92.33850794014919, 25.05227667302478], [92.33939342833284, 25.051031773188587], [92.34173316316948, 25.05396676201141], [92.34277662372281, 25.054060869137057], [92.33978820799985, 25.050427565790873], [92.34185731707868, 25.049160610040605], [92.34602510104587, 25.049097069173992], [92.34794833694991, 25.048109328645513], [92.35048503089095, 25.04996750754444], [92.35114030441616, 25.049095133698035], [92.35505570452723, 25.048917995723258], [92.3546945114285, 25.048067368852717], [92.35651289730541, 25.047819071612704], [92.35729109898024, 25.050526405859003], [92.35848604507697, 25.0506416915885], [92.35918893193032, 25.04976852886504], [92.35828649526475, 25.04985789578184], [92.36023025112146, 25.047748179005364], [92.36179919668622, 25.047572042742278], [92.36200780888645, 25.049118395573217], [92.36322624029404, 25.050006694772748], [92.3663002138612, 25.048903935847417], [92.36845406721011, 25.046456805867074], [92.36925469010956, 25.04529320655337], [92.36864092400175, 25.043613426911765], [92.36958623672416, 25.042021035860213], [92.37319433819766, 25.043972848250412], [92.37538033164917, 25.044136469020856], [92.37475514152487, 25.04334596941437], [92.37742971063115, 25.043285120877496], [92.37956329690326, 25.040318044539717], [92.38066214730725, 25.040688553292906], [92.38018850988891, 25.041109086993302], [92.38088001095136, 25.04206153228083], [92.38211369283734, 25.03934691077165], [92.38348228622004, 25.039321003366005], [92.38405714700924, 25.0427580275478], [92.38991433830043, 25.04035491172218], [92.39341887721851, 25.04030975417781], [92.39499284841295, 25.0377875652481], [92.39940673371066, 25.03359709357284], [92.40130476403779, 25.034594252631987], [92.40229551394471, 25.03281704121378], [92.40525045963089, 25.03301856344095], [92.41378119463107, 25.02936458704625], [92.41607883353687, 25.03027777619961], [92.42472286696449, 25.030398682595617], [92.42636400779173, 25.029284268962776], [92.42670051060792, 25.027317339853145], [92.42671968508805, 25.020582038676803], [92.42504272379769, 25.020183508411037], [92.42590825763678, 25.01372941767505], [92.42404520814227, 25.007255534356027], [92.41682032949564, 24.989955947043846], [92.42083440278896, 24.990056513447406], [92.42262295172218, 24.989002383668474], [92.42299339673622, 24.987724258800665], [92.42060809952349, 24.967062109292154], [92.42209616340023, 24.965563849008227], [92.42496469473048, 24.96494399101316], [92.4382955863997, 24.966138173153713], [92.44868671867593, 24.96562176336367], [92.45350424500819, 24.967147322197775], [92.45797011213193, 24.970122651601695], [92.45927667129324, 24.970473377472175], [92.46197050876624, 24.96938466394742], [92.46876756262431, 24.962920754464374], [92.46936528991961, 24.961616773095002], [92.46849314450132, 24.958472228474577], [92.46538586014174, 24.95593953563859], [92.45383395410856, 24.95316541763785], [92.45239096890248, 24.952196353131168], [92.44865406607211, 24.945712429856343], [92.44973207187833, 24.939123883418674], [92.4529796929074, 24.93865975692446], [92.46583937646001, 24.94127868691715], [92.47727241279749, 24.94214778270049], [92.48124122511904, 24.944084290580943], [92.4848632558056, 24.947356068304178], [92.487644723176, 24.94758603706279], [92.48891038430034, 24.944034721333836], [92.48557180893165, 24.935928437414606], [92.48475213088435, 24.931429262569566], [92.48534622003183, 24.92764604466839], [92.4899953024252, 24.91964724980406], [92.49369369671619, 24.917488631101254], [92.49558740343723, 24.915227592147854], [92.4939105505073, 24.9061600281347], [92.49473093733599, 24.904050086835333], [92.49802012468017, 24.901530440372216], [92.49734236466549, 24.899416246728507], [92.49526787845716, 24.89762835098603], [92.49209344479588, 24.89252719351493], [92.4927940875613, 24.87457067156033], [92.487662325046, 24.8716388909282], [92.47980928976776, 24.872505755728675], [92.47834460143767, 24.871616790436452], [92.47701236159976, 24.868810449530837], [92.47540034086491, 24.868095950569685], [92.46404457061304, 24.872333083577786], [92.44575558243855, 24.872566808397107], [92.44410478527364, 24.87188757392657], [92.44263866081616, 24.868680852334396], [92.4391374897653, 24.857809352479826], [92.42553033041197, 24.852912708092706], [92.41607754818256, 24.857811981881056], [92.40565898936805, 24.85904868490824], [92.4040264751905, 24.85792076507702], [92.4029505403222, 24.85123166612841], [92.40127888328247, 24.849862888039226], [92.38661560727316, 24.85148177862641], [92.38511160404941, 24.852784710050408], [92.38334047092054, 24.858795680281304], [92.37762739314542, 24.862843649393746], [92.37531590163655, 24.872085521400184], [92.36976459263553, 24.87282704822333], [92.36299766851724, 24.872182908731094], [92.36083923434967, 24.877797011685438], [92.35635924734848, 24.878341705986035], [92.35364694244362, 24.87994493868872], [92.34941401279497, 24.889138966426966], [92.34823219510227, 24.889405235572987], [92.34479848211802, 24.886724830688006], [92.34308965663361, 24.88043322696733], [92.34101556710246, 24.878505367576626], [92.33893360521327, 24.87832307584585], [92.33178141605173, 24.88575994573367], [92.32750560800285, 24.888906983204468], [92.32615595950642, 24.895532557118955], [92.32218557277122, 24.89648353423734], [92.31560288444382, 24.894905271564078], [92.31258234829292, 24.89780788864961], [92.30722020913907, 24.900197211903524], [92.30604916214077, 24.901886356188413], [92.30686358489169, 24.906730575571373], [92.30611581103419, 24.908930503573984], [92.30050993439272, 24.91435234453276], [92.2981076380888, 24.914941710672473], [92.28582601341375, 24.912518493347097], [92.28344330517709, 24.910983257318925], [92.28270307885356, 24.906930373441266], [92.28159296659109, 24.906069529449088], [92.27273817847563, 24.905168961893448], [92.26494767166497, 24.907228238994556], [92.25812194704966, 24.90691203371535], [92.24778698169992, 24.909087932814828], [92.24158083439141, 24.905306639359676], [92.23512823096934, 24.903137783205892], [92.23257156243379, 24.900486663208582], [92.23274859342028, 24.899496706904984], [92.2355238983331, 24.898731858644524], [92.2358526602602, 24.897925238710833], [92.23657039871448, 24.894951998756948], [92.23559215533146, 24.89301067185878], [92.24126878456107, 24.89005384105502], [92.24670786063363, 24.88434158335892], [92.24729493922729, 24.88219678554357], [92.24671415548966, 24.874845335463952], [92.24753847287849, 24.872552537130982], [92.24506028758364, 24.87151677776089], [92.2460895707531, 24.86940933700636], [92.24620418722247, 24.866376872329482], [92.24242772469188, 24.868024622444235], [92.23861587876817, 24.868126408203523], [92.23540471744776, 24.861434881346817], [92.23611188356223, 24.859015257798184], [92.23892648292656, 24.85807942391331], [92.23958318700328, 24.856638825398342], [92.23985156258104, 24.85231546899675], [92.24119324727177, 24.85028743797692], [92.2413378102069, 24.845340830221424], [92.24272693758358, 24.840188234816946], [92.25383256864174, 24.83836976361284], [92.25336430910765, 24.83743465718659], [92.24990023669997, 24.83678277416916], [92.24959069052267, 24.836246391842604], [92.25104016723856, 24.83445305305278], [92.24892501046332, 24.83297178694674], [92.24837442622245, 24.830556375842455], [92.25083113549883, 24.83048441310775], [92.25315379670165, 24.83243304605653], [92.25583721716501, 24.831497215896853], [92.26730990403227, 24.830913990984754], [92.27138341470533, 24.828482615851883], [92.27244263411643, 24.822468826360694], [92.2758450598646, 24.815673545361555], [92.27344241182799, 24.814219001207988], [92.27547245166645, 24.812601672661966], [92.2757539635017, 24.810349736288767], [92.27447587807825, 24.807311381869685], [92.27447735343844, 24.804006449895816], [92.27276640829714, 24.80169566590011], [92.27895459464129, 24.79656685028337], [92.28041649204131, 24.791478892308078], [92.2864129572671, 24.78901504045354], [92.28856095478527, 24.78510072433821], [92.28807267071049, 24.783580424294044], [92.28864040955692, 24.78188713610447], [92.28707393682805, 24.780710534294087], [92.2868617693046, 24.77844074064914], [92.28506589655568, 24.777050413691843], [92.28430482323168, 24.77500394063052], [92.28171473855214, 24.776099573934157], [92.28278708584631, 24.7720257105517], [92.28096462296863, 24.7664004993489], [92.28801175134494, 24.76246564243038], [92.28791493371752, 24.76014951287175], [92.28508150881402, 24.755121448255707], [92.28083484016625, 24.7508065154951], [92.27881803286164, 24.743238367931703], [92.27335815905451, 24.719662625499733], [92.2644889674897, 24.670198105713176], [92.2591666469923, 24.65387183133942], [92.2496209169498, 24.63455628174826], [92.24531316920577, 24.628168066087625], [92.2445706147768, 24.624019950893178], [92.24461563888968, 24.620494222477113], [92.2452730884929, 24.61984687302991], [92.24487914177347, 24.615586351629343], [92.24290833003042, 24.613531636909464], [92.2428069852368, 24.610618539303303], [92.24150938034136, 24.607618894990807], [92.24045316623523, 24.607184404797383], [92.23808336018729, 24.599411258005638], [92.23676794919542, 24.597513125875142], [92.23714755526973, 24.592557251833153], [92.23413389091655, 24.5793806857129], [92.2354780538243, 24.577248388827527], [92.2355029904479, 24.574378523812296], [92.23319265264897, 24.569898111812666], [92.23014322572341, 24.500610045124066], [92.22359144382906, 24.50009061165716], [92.21802302613874, 24.503216996544047], [92.20941434143187, 24.504543348541436], [92.20792851439677, 24.506460829032623], [92.20213702960805, 24.508362774867493], [92.20088635700924, 24.51139840609095], [92.19819365534661, 24.51158774274948], [92.19553538388375, 24.514644968346516], [92.19205513237739, 24.515759114758268], [92.18853637189413, 24.52152170624768], [92.18636309894666, 24.52308787862773], [92.18329699853834, 24.523847715982367], [92.17725114654463, 24.523551454763965], [92.17641741248107, 24.526702768770864], [92.17474969199199, 24.527235184738622], [92.1729582113136, 24.529893629940375], [92.17023401590808, 24.531506455978164], [92.16877774472586, 24.531930822884135], [92.16379003332001, 24.528911146215155], [92.16013050060546, 24.52867304282828], [92.16034382133739, 24.52607459038147], [92.15949847523245, 24.524716214973225], [92.15528279192556, 24.52350364540669], [92.15697064970826, 24.52281148148176], [92.15700451521634, 24.520606598198164], [92.15544773818515, 24.51893281324246], [92.15623566621392, 24.514586662562138], [92.15462041332879, 24.51508255641008], [92.1547218064284, 24.513037507531926], [92.15295164469237, 24.509220444845376], [92.15714765219887, 24.509780025272082], [92.15867129364841, 24.509124052589332], [92.15688819274914, 24.505274498410085], [92.15326916190853, 24.50295815293288], [92.15101627207987, 24.495908747503265], [92.15383006649752, 24.49245283329246], [92.15131694387179, 24.49151200206185], [92.15239279503353, 24.490675725294015], [92.15229576061242, 24.48816293982063], [92.15359816694836, 24.48741765114701], [92.1531228611166, 24.486515470139864], [92.15387705743888, 24.48478778895206], [92.15309772003155, 24.48196087120133], [92.15431893303916, 24.479275816504792], [92.15626946689981, 24.47782388592938], [92.15671396139676, 24.475364871309985], [92.15770029682191, 24.47449486110575], [92.15749751827418, 24.47283443495913], [92.15485406697687, 24.472833802502908], [92.15598812559881, 24.46985207271228], [92.15830444257863, 24.470049198088212], [92.1587276014916, 24.468221846958155], [92.15841800973413, 24.46745498061102], [92.15724724259374, 24.468785210050598], [92.15628265035042, 24.466189457183546], [92.1570713725497, 24.46570030253334], [92.15798366447659, 24.466529656600716], [92.16024965459285, 24.46396222893185], [92.16042906277751, 24.462916419589348], [92.15957102035951, 24.462556300147437], [92.16014897836381, 24.4610607521857], [92.1584325015537, 24.460351793350327], [92.15872669860993, 24.45938559326914], [92.16140263979634, 24.4589952678321], [92.16184861593672, 24.456811560499364], [92.16052885552962, 24.45395403476573], [92.16244227225096, 24.452881168366986], [92.16293573120217, 24.451602917876553], [92.16179939741288, 24.44981197445925], [92.16501446187785, 24.44473480318438], [92.16517606185427, 24.44178443498894], [92.16374477593257, 24.440546147740378], [92.16522986019329, 24.439270060035895], [92.16488852944616, 24.437472260788113], [92.16708546626592, 24.43724613490787], [92.16863411677846, 24.434466587090004], [92.16696670444688, 24.433724277487595], [92.16781110711236, 24.431135378778052], [92.16707793763877, 24.429019336314223], [92.16990306568209, 24.428455235035024], [92.1684756590318, 24.427905278984458], [92.16873631060315, 24.4217063938795], [92.16610882609478, 24.420376363713586], [92.16554265139396, 24.41908450094616], [92.16142815006721, 24.421611814166994], [92.16165546005271, 24.423089651811342], [92.15911281632168, 24.422940333848903], [92.15485106244148, 24.42606483934297], [92.1510338805566, 24.422495713395914], [92.1487522728406, 24.42171283128593], [92.14651812015339, 24.42387788874147], [92.14533929030516, 24.422787033761256], [92.1396916125438, 24.425532434541125], [92.13821902283433, 24.425327565977412], [92.13693273299178, 24.420635558590526], [92.1342556171737, 24.4162633270871], [92.13466068781312, 24.41217484348876], [92.13404197304862, 24.41195110695928], [92.13552188412551, 24.40996445219716], [92.13582691325067, 24.4074030562412], [92.13277305265996, 24.407613133318268], [92.13076903019757, 24.404257663003865], [92.12888137272725, 24.4026908319189], [92.12915287959694, 24.400474094115538], [92.12782993776503, 24.400210014528273], [92.12812095788175, 24.39889916080022], [92.12713913413616, 24.397370910465494], [92.12420729689286, 24.397017675139793], [92.12236542968549, 24.393350028128275], [92.12028684620664, 24.391290914970693], [92.12165750063775, 24.390028707311323], [92.12095247753376, 24.389793705512325], [92.12276618432759, 24.385773510000547], [92.12458231173116, 24.384667534909127], [92.12322837445207, 24.383681054975742], [92.12174612825784, 24.383900437175793], [92.12152631246347, 24.381951826227994], [92.11959072796688, 24.383208394274675], [92.11910886954536, 24.381502680483486], [92.11513548306633, 24.38276511966601], [92.11441828474292, 24.382609811799533], [92.11445968408191, 24.381691784319454], [92.11132259913623, 24.380789881368198], [92.10833127271579, 24.382432855481667], [92.10632890570857, 24.38204825517913], [92.1039638660925, 24.38342232244239], [92.10190181453012, 24.38177628758153], [92.10252616267645, 24.378294160250253], [92.09828542059736, 24.37639109220186], [92.09794874012603, 24.37357172605154], [92.09270169599031, 24.373054093026386], [92.0876918610786, 24.373887757469554], [92.08607668289353, 24.375989809834792], [92.08287585523203, 24.375201588628798], [92.0531613629723, 24.375884241020124], [92.05132830695582, 24.37612856593145], [92.04950617936231, 24.37773877736666], [92.04681843285756, 24.37666974271084], [92.0462071750675, 24.375550620980263], [92.04451127081305, 24.37589683403502], [92.04414832360999, 24.3774607657873], [92.04131432039745, 24.377025005076675], [92.03684741647523, 24.379791862456063], [92.02883081050524, 24.380222196388996], [92.02618667000509, 24.382963768059035], [92.02293660850019, 24.383758236847836], [92.02392332087325, 24.38641174018143], [92.02114962074695, 24.387065515322387], [92.01887262900993, 24.38513226237435], [92.0152553235139, 24.38371617993033], [92.00793587044323, 24.38197220016715], [92.0064244007286, 24.383165894343723], [92.00404827730587, 24.38860016698387], [92.00033087293549, 24.39076247948137], [91.9978550487032, 24.39450519702872], [91.99551812347352, 24.393137201899634], [91.99659058484976, 24.38967428243068], [91.9954298807936, 24.38842224240622], [91.99240311463882, 24.389767801929047], [91.98875584664471, 24.389499753589256], [91.98899798241676, 24.388476944914345], [91.99082945797748, 24.38752014936782], [91.99090586965127, 24.386498952467623], [91.9880299318908, 24.382955329943407], [91.98833503193256, 24.379775068104642], [91.98645528895528, 24.37724416224562], [91.98485032802074, 24.37695880057808], [91.98014129851654, 24.38131281357187], [91.97671274319653, 24.38174185989807], [91.97304566201994, 24.384308570216135], [91.97069974375577, 24.384477356739826], [91.96740796248953, 24.379582775144865], [91.96827676195869, 24.378279308025558], [91.97189707113772, 24.378261006388996], [91.97223071751421, 24.376457768562737], [91.97036743487419, 24.374488442857295], [91.97377485645207, 24.371121667367785], [91.9767557301332, 24.371394286854148], [91.97917472627233, 24.369802505249666], [91.97939894336727, 24.368654109498994], [91.97819301250748, 24.366530145089577], [91.98062319415007, 24.365109736983598], [91.98157679677813, 24.36325436802717], [91.98445206921258, 24.362060562180638], [91.98453198394776, 24.360155108392107], [91.97856250613935, 24.35979188653427], [91.9780547219546, 24.357123307202894], [91.97973497607774, 24.35731636009923], [91.98063287866566, 24.35520893207505], [91.9827676847056, 24.354295687231925], [91.98310563828966, 24.35293927675714], [91.98876112307688, 24.346513224321637], [91.98925670533932, 24.344410465285854], [91.99310561175866, 24.343321675849644], [91.99313384603208, 24.341348623312292], [91.99610324109125, 24.339636517965996], [91.99847542174814, 24.336174535381566], [91.99902342234175, 24.33432385338014], [91.99712375972467, 24.332491304998566], [91.99567303542753, 24.33242406299691], [91.99694231905498, 24.326024359199433], [91.99604882084374, 24.321545100956005], [91.99247905209825, 24.323744700407918], [91.9857531182037, 24.323135989974748], [91.98276204569004, 24.324193046912995], [91.98050119003392, 24.327424251186297], [91.97862779058768, 24.32793340264205], [91.97576893852514, 24.330538663060825], [91.97333694190274, 24.33415006472867], [91.97072948426751, 24.34414000113984], [91.96628930188768, 24.347676385243616], [91.96642885769603, 24.35021098611813], [91.96550037153989, 24.350551432186712], [91.96421391147554, 24.35295949661946], [91.96114211429759, 24.353352497945785], [91.95692470609394, 24.356473265888695], [91.95378198971214, 24.353860010852774], [91.94502076966829, 24.349469157397635], [91.94369792119495, 24.349560605114767], [91.94227406196896, 24.348401199844577], [91.94108260262489, 24.344143166987248], [91.93941789983256, 24.34289539884102], [91.93683079095308, 24.34254926361165], [91.93424478690912, 24.340126513646915], [91.93233444559039, 24.34183975913728], [91.9312278397008, 24.34115978703812], [91.93115192431588, 24.33964678456521], [91.92754484735946, 24.339697745605132], [91.92517497179728, 24.337216217623364], [91.92219092943384, 24.33639126983453], [91.91982342888988, 24.336834308026084], [91.94127293969801, 24.268266218192597], [91.93518245729169, 24.25060101218927], [91.93112667687636, 24.23438186434938], [91.91193069137547, 24.169649020030576], [91.9131828238998, 24.16745230417398], [91.91619340525868, 24.166331615623044], [91.91334007892738, 24.163518869402928], [91.91495521707185, 24.162614907105734], [91.91524508009984, 24.161225352615862], [91.9134821586575, 24.158525871831532], [91.91188691191826, 24.151674976008092], [91.91015813709079, 24.15158828597978], [91.91057649601767, 24.14758893683983], [91.91165049022732, 24.145747154998304], [91.90956957436529, 24.14107710714925], [91.90608465990154, 24.139868489778177], [91.90365980991274, 24.136783246775234], [91.89520231373459, 24.139746130110357], [91.8941615689446, 24.139643368390068], [91.89256607158867, 24.13761361013544], [91.88954937868617, 24.13720236500478], [91.8881033258281, 24.13868350314669], [91.88458541606416, 24.139234293902806], [91.88323180941285, 24.14354649840446], [91.8778233148347, 24.14842724926491], [91.87788350331877, 24.152039762251793], [91.87470085611183, 24.156333213958487], [91.87541877790247, 24.16148440621541], [91.87343713817798, 24.163592744872048], [91.8721359653501, 24.174532566352752], [91.8681800527692, 24.177138532228287], [91.86499743362899, 24.178026220541188], [91.86304064662473, 24.18123905078144], [91.85689071876922, 24.181508218926545], [91.85593671438546, 24.186019637204165], [91.85360809481878, 24.189918573568242], [91.85155153479553, 24.189747196509742], [91.85093896566535, 24.19197350324444], [91.84976179113664, 24.190672392519325], [91.84746523688597, 24.1916494234331], [91.84571209909423, 24.193540229928384], [91.84220842587538, 24.200338562571616], [91.84257905208315, 24.200998273605595], [91.84526348629302, 24.199898668865888], [91.84768287438821, 24.202352304893843], [91.84828772451047, 24.206409121269562], [91.84715501556153, 24.20785902993025], [91.84838555426951, 24.207859336601828], [91.84985220818908, 24.210107792171737], [91.84935267806488, 24.212116025648317], [91.85427857328584, 24.211557275111456], [91.85458494445685, 24.213126832851234], [91.84967289670439, 24.223466012356404], [91.8458943720317, 24.221480367875653], [91.84271893333676, 24.222655356839557], [91.84575427402223, 24.224908547302654], [91.8446653213557, 24.22586301438278], [91.84261200459241, 24.226555462016858], [91.83696767712772, 24.225079733578653], [91.83430397408824, 24.218906128806545], [91.8321394925552, 24.21831991356202], [91.82719371428526, 24.212984519066744], [91.82502597664947, 24.21380168248341], [91.82108800347925, 24.21042287724648], [91.81857785133523, 24.210567993865112], [91.81734449641615, 24.20963466771426], [91.81585124973572, 24.21072298650952], [91.81493077711865, 24.21011490502258], [91.80581803001144, 24.219865161320392], [91.80426193365352, 24.219871195832837], [91.80322073942261, 24.220872780240693], [91.79575987899784, 24.22040060007124], [91.7949170961387, 24.21953922980626], [91.78774491822438, 24.222108322001862], [91.78424812569995, 24.225083816387855], [91.7447107708362, 24.246844950362195], [91.76163202266454, 24.143826601742674], [91.75964392493438, 24.142354060107646], [91.74802389580266, 24.142844258037982], [91.74512207131912, 24.1407798366088], [91.74116621599545, 24.14088822384008], [91.73973559699601, 24.142963235082732], [91.73897374247964, 24.142334783089176], [91.7374778842865, 24.14427338489688], [91.73654643482486, 24.1443833102791], [91.73523102589587, 24.143157297316304], [91.73029130655794, 24.143006836485842], [91.7230798078102, 24.15051230561311], [91.71071730273518, 24.151900304779467], [91.70846506665896, 24.153750056935536], [91.70346473256853, 24.162925735224977], [91.70218376692901, 24.16326961249457], [91.69492412334682, 24.16039725422325], [91.69065720435447, 24.160899470254144], [91.6900408960546, 24.16412362628821], [91.68843652204886, 24.164388014910138], [91.68437234487193, 24.169666125405737], [91.68166471273565, 24.1772334021316], [91.68033328984131, 24.191116286220854], [91.67721046771909, 24.195823461811234], [91.6770190683742, 24.19929910771707], [91.67331428944202, 24.20267117157064], [91.66891360318732, 24.210686874089088], [91.66833083063098, 24.215642564075107], [91.66679010200764, 24.216264414869077], [91.66816517080485, 24.21917548346068], [91.66746722157613, 24.23045759885691], [91.66636359016685, 24.233420640670417], [91.66055641867891, 24.22863243954682], [91.65712708912898, 24.22770816798691], [91.6560899654892, 24.224412950040048], [91.65388895281654, 24.22319249361639], [91.64781960271085, 24.217181407055705], [91.64816900235189, 24.215020120943226], [91.65188791487303, 24.20984877050691], [91.65129741970622, 24.20843301605013], [91.6523680657273, 24.206429254714163], [91.65194381026924, 24.204066414362252], [91.65370526881699, 24.20286499174717], [91.65295578964306, 24.19742151756225], [91.65513931291032, 24.195941793199033], [91.65770495668332, 24.196040314878825], [91.65938349107826, 24.19134416326076], [91.65892796127736, 24.19013520998105], [91.6596500284085, 24.187695007086813], [91.65791092217668, 24.186274846716977], [91.65764754955333, 24.183794576490975], [91.65643733429005, 24.182879378856942], [91.6574344400408, 24.18101352436292], [91.65590063882534, 24.17580600921005], [91.64654597521903, 24.1789711899512], [91.64442019424422, 24.172462889860785], [91.64428900595234, 24.16198145504133], [91.64538313059674, 24.15721949747946], [91.64480555054371, 24.154095258477465], [91.63467953315734, 24.138160585022156], [91.63919256903328, 24.127766978011906], [91.64136767804166, 24.11297948517021], [91.63842334927011, 24.104640540275874], [91.63142139923424, 24.099951138362425], [91.62485831298697, 24.09847979176542], [91.62508708386788, 24.0974620739919], [91.62255705550756, 24.09652051095556], [91.6158969145895, 24.0954758909178], [91.61082131756673, 24.092724579207697], [91.60852109579004, 24.093038885400414], [91.60222108005179, 24.09660863264062], [91.59738213854261, 24.09646401284679], [91.59474856428936, 24.097322262538995], [91.59513077118847, 24.094030273809558], [91.59245991219059, 24.0927651578898], [91.5938516054792, 24.08987125146606], [91.59844293808735, 24.087073718586932], [91.59784414735036, 24.084641913310406], [91.59473172236764, 24.083645002103577], [91.59441414354049, 24.08276959369639], [91.59711418840959, 24.08000649117556], [91.59535423221202, 24.079059229488603], [91.59330260185273, 24.079278712617075], [91.58948371298794, 24.076011252730417], [91.58350538870211, 24.074373386383957], [91.57450289846386, 24.080277663753463], [91.57218070070834, 24.075858255465516], [91.5641041646444, 24.077221067397797], [91.5535945232906, 24.074971361184122], [91.54778934595461, 24.07543149186257], [91.54345454350474, 24.074048553238597], [91.53708068484555, 24.07811136309887], [91.52638628364912, 24.081412869765767], [91.49628603859071, 24.086823697570864], [91.49273176636093, 24.089341736868647], [91.49325706233103, 24.09387426296345], [91.49267691771833, 24.096864396845547], [91.48843712574288, 24.096433353896835], [91.48713049501276, 24.093490383652533], [91.48553943182446, 24.09471872063151], [91.47889016992266, 24.0951308615259], [91.47733346865752, 24.098345427870655], [91.47400675992024, 24.099964042563688], [91.47181011363583, 24.098415649535227], [91.4663345830531, 24.098313638490193], [91.46053540139226, 24.096400009251745], [91.4548148331719, 24.097240763023148], [91.45196126021307, 24.098913664096017], [91.45113143265876, 24.100239964441034], [91.44928207376971, 24.10035458877266], [91.44441230088023, 24.096711255726383], [91.44172280268026, 24.098772979769695], [91.44087824737795, 24.10219947480247], [91.43469373020552, 24.100286796630893], [91.43239500940417, 24.100577010831387], [91.43059050947531, 24.102241946547704], [91.42779540475182, 24.107840925112573], [91.42588789241422, 24.106326404893913], [91.42345657621723, 24.107593566692515], [91.41355311452331, 24.109526572387846], [91.40397561608836, 24.109184246194854], [91.40107211423839, 24.110877570074102], [91.39686797838507, 24.10814768499034], [91.39075947713296, 24.10886262884388], [91.38756276452305, 24.107158416360303], [91.38615407946645, 24.107672391029173], [91.38430964211321, 24.106776474433595], [91.37483939403174, 24.107476049382853], [91.37688203675097, 24.080729166803344], [91.39538185661019, 24.05181642664122], [91.39694087406781, 24.046397472109188], [91.39128178059886, 24.026772689540937], [91.37411942627112, 24.004907712493345], [91.37541921325912, 23.998987802516186], [91.37381778052763, 23.997850761810774], [91.37606399681599, 23.99664874150162], [91.37629150058558, 23.9952226902917], [91.37543733644563, 23.9943346339682], [91.37894475377891, 23.99192583358451], [91.37911632311187, 23.990788695798088], [91.37757180690423, 23.989913065677765], [91.37829949695494, 23.988386567784698], [91.37734532577758, 23.987969009294513], [91.3781198756858, 23.9838621660652], [91.38020821188194, 23.982454937056147], [91.37921879625029, 23.97918573327193], [91.38006821851047, 23.97802217906339], [91.37985761651942, 23.975666525021783], [91.37902538996757, 23.975155312742164], [91.37270490583141, 23.97580801141674], [91.36799596039063, 23.980338287592357], [91.36278296582768, 23.983468081146547], [91.36193204667458, 23.98555889149318], [91.35989651545367, 23.985175089325267], [91.35586344372314, 23.980933655111553], [91.34735894937323, 23.98272892918984], [91.34235170438517, 23.981647945364543], [91.33960889894871, 23.982537739254223], [91.33632061268436, 23.985754254855824], [91.33517499007718, 23.988619623391422], [91.3318494357815, 23.99134420168187], [91.32200281371802, 23.99332528815958], [91.31721843424924, 23.9901407964417], [91.3147702922371, 23.989775175697176], [91.31184560060706, 23.991001310243515], [91.30877441364899, 23.99384570958562], [91.30516261498741, 23.994696034848445], [91.30438314976917, 23.996235073996747], [91.30197016338265, 23.99479259863812], [91.30256138969402, 23.988281475076473], [91.29714538990741, 23.975514944470028], [91.29861959957785, 23.971222441291257], [91.29122642567951, 23.968191210163464], [91.28737347834243, 23.967462732119532], [91.28646228147282, 23.968237429131584], [91.28589615191919, 23.97525066076755], [91.28400540124254, 23.976548308337836], [91.285278539686, 23.98116594439687], [91.28427032339076, 23.982079163660902], [91.27277730179402, 23.965439646462045], [91.26929829617914, 23.959099430863823], [91.26413945724595, 23.945340524646802], [91.27273191048758, 23.93709603454472], [91.27489504003594, 23.925122879742528], [91.26586594055986, 23.925399022713773], [91.25849210035547, 23.92401519968223], [91.25023121909837, 23.925445736981604], [91.245537050199, 23.927380923911507], [91.23425383630237, 23.928016647865874], [91.23405668470618, 23.92723704990591], [91.24195531043547, 23.922501009931047], [91.24644254349295, 23.9138575941459], [91.24545468359374, 23.908352744877387], [91.24361101208325, 23.905597972960408], [91.22945683222868, 23.898945287137824], [91.22990546018728, 23.882246111306], [91.23362009084983, 23.878070560033876], [91.23655992384224, 23.877130316405054], [91.23783858007309, 23.87507450562602], [91.24126971190073, 23.86277706628452], [91.24678260169233, 23.854982195557767], [91.25431871215085, 23.83762034964811], [91.24392926732338, 23.82530996683418], [91.23725638334147, 23.814270637570573], [91.23312155838597, 23.8110508551379], [91.23395687468211, 23.807516953016744], [91.23093091869002, 23.79753066912466], [91.2268120320214, 23.79122980416572], [91.2288068979422, 23.78634387708129], [91.23054111635632, 23.7841479057256], [91.23074251175836, 23.766704275418466], [91.2302687264027, 23.764387034496032], [91.22620222185112, 23.75812123486915], [91.22538699832839, 23.749385488579517], [91.22246619821036, 23.744451041794473], [91.21971829022777, 23.736723946611477], [91.21836753255842, 23.739956494841724], [91.2121078392962, 23.745869247571378], [91.21058120359629, 23.749276399907288], [91.19701259558171, 23.75115222634449], [91.1861603617124, 23.750678790514307], [91.18196577433274, 23.74910109867589], [91.16853765192087, 23.74986984411644], [91.16324860330383, 23.746694019213116], [91.15972846889125, 23.742156809429144], [91.15657398637588, 23.736017089904976], [91.14993511919073, 23.71209102886644], [91.15180120820861, 23.704476637254984], [91.15358604450408, 23.690497920505255], [91.15481280673802, 23.688784655157175], [91.19475856974773, 23.69021560006152], [91.1959356846865, 23.69239887246874], [91.20422317748465, 23.686096238304483], [91.20829239124865, 23.686501430223434], [91.2062530185199, 23.681742576463577], [91.20446174131948, 23.672741540793258], [91.20324006867403, 23.664078107417414], [91.20378259416256, 23.658810301074634], [91.20219583485088, 23.656906837378106], [91.2050054085039, 23.655498704798056], [91.2057463939751, 23.65404340785528], [91.20343886394147, 23.654194552680025], [91.20497646147174, 23.650800358484542], [91.20124115977598, 23.65000015320366], [91.19964647418004, 23.64714390635298], [91.19563855856875, 23.646334945430997], [91.19220634392833, 23.64691172608268], [91.19156051110183, 23.647790479610315], [91.19354122663546, 23.654446062200613], [91.18594772612238, 23.656822595853328], [91.18348134210837, 23.660031230370965], [91.18256439200124, 23.657283083380815], [91.18161765795915, 23.656739951659706], [91.17797001487538, 23.65861690132633], [91.17644082659476, 23.658655610541363], [91.17464666225437, 23.65708871780296], [91.1726278052138, 23.657188674507562], [91.16690202063658, 23.66376162513792], [91.16196189190809, 23.664226047437293], [91.16072846719453, 23.668064628610214], [91.15774497384623, 23.671105151019972], [91.15676282408161, 23.670577373433005], [91.16166640120996, 23.653669354959067], [91.15911344491187, 23.640089877784426], [91.16119996137591, 23.6322676757648], [91.15948187455066, 23.62953721004541], [91.15859247120068, 23.62391666312011], [91.1594587525976, 23.618071321471085], [91.1601222667542, 23.616547375405478], [91.16148277960164, 23.61584403105667], [91.16167041202937, 23.614474352859144], [91.16067903854659, 23.613060435106398], [91.16105120331058, 23.609690024965907], [91.16407403911695, 23.602731182402476], [91.1626992571931, 23.597631333451424], [91.16302640710816, 23.596319312093378], [91.1686717290572, 23.593675854787172], [91.17603619408806, 23.594140140957126], [91.17807242053844, 23.593350257868323], [91.17866345870698, 23.59211466750612], [91.17639181375165, 23.587587912755076], [91.1767159317853, 23.5861596083684], [91.18754064326706, 23.578281368327442], [91.18960526415125, 23.572181736105197], [91.19512096071261, 23.565403623210596], [91.19613480307876, 23.562335843265497], [91.19559216641551, 23.549668820601028], [91.19652973574036, 23.548130770089276], [91.1998084878372, 23.54867111060978], [91.20253908554542, 23.551411966159325], [91.20649419196769, 23.546683268719487], [91.2088273629252, 23.54679667499266], [91.21136542885232, 23.54728720806291], [91.21183582351483, 23.548040494347372], [91.21116590025787, 23.54896579385532], [91.21343389046275, 23.551378709954157], [91.21405171323055, 23.546581001447592], [91.20925693474562, 23.544494259330534], [91.20364014466752, 23.529432629926944], [91.20192074347081, 23.52076380337355], [91.2083370740095, 23.5140325052757], [91.20988500966126, 23.513350459826693], [91.21543650387075, 23.514842581898193], [91.22469902418007, 23.515032481268555], [91.22103411140273, 23.50638595018348], [91.2197369952542, 23.500390163070012], [91.22444061548812, 23.498203766614395], [91.23069830418902, 23.500067439740263], [91.23574029825777, 23.502553514767705], [91.23451180887857, 23.49735491735418], [91.23688909012154, 23.495008199518214], [91.23736843225686, 23.490170295967467], [91.24734801120674, 23.490718984548437], [91.24969673820647, 23.48934036841625], [91.25271594752014, 23.47899995420381], [91.25086913377768, 23.464336392157875], [91.2532837529834, 23.45715674208954], [91.2520671000094, 23.454010573358225], [91.26101931946225, 23.43801372948175], [91.27125112503883, 23.430418254615265], [91.26859713065298, 23.427241006585437], [91.26437388166529, 23.424473241826455], [91.27617298623122, 23.414540306878212], [91.2792710649375, 23.38183116867642], [91.28138215992415, 23.37682849894293], [91.28971820819963, 23.375926264075847], [91.29275543375994, 23.377886985084245], [91.29501648918992, 23.374784034020507], [91.29468020573356, 23.371512345479267], [91.29145644264935, 23.37054383673362], [91.28531198634327, 23.370284547712167], [91.28508453067298, 23.36914280297608], [91.28651538375655, 23.363194526660486], [91.29358581001178, 23.361374531239715], [91.29424389556165, 23.358372329925675], [91.29155205278781, 23.350424270804066], [91.30074771161448, 23.351713013779513], [91.31430740782541, 23.360696667963538], [91.31928513555985, 23.36073380682548], [91.31971003960922, 23.35819860329748], [91.31841101746674, 23.353080264104204], [91.31630907386011, 23.35288515123168], [91.29460690052153, 23.330052746391633], [91.29634054902077, 23.314124302805567], [91.31008863267911, 23.313763312799413], [91.31330792995695, 23.306629149430552], [91.31529195363207, 23.29726886766718], [91.30901037941325, 23.29982654594293], [91.30413672688272, 23.296504605447627], [91.3019112307112, 23.290426243730117], [91.30257978142376, 23.28672509850968], [91.31637622465179, 23.28243737244055], [91.31594932383443, 23.27978568743369], [91.31046128703699, 23.276745092308676], [91.31788964943169, 23.255842627347562], [91.3193188889602, 23.253577256863828], [91.3256446417735, 23.25312942109465], [91.32646230225761, 23.252292745690845], [91.32475217040415, 23.24732234058628], [91.31810912437169, 23.245417816820297], [91.3179076965323, 23.24475004308834], [91.31847931144344, 23.240073110636178], [91.3227357442318, 23.23760333077804], [91.32279639623309, 23.236878038389936], [91.32294382280209, 23.209314722723335], [91.32464857546833, 23.170473544118092], [91.32373495391107, 23.158956873025133], [91.32466195332421, 23.157435718326486], [91.33216416254776, 23.153258558272544], [91.33747550296394, 23.13085128398557], [91.34145497718325, 23.128461920142612], [91.34199396268278, 23.117853078997936], [91.34739684615299, 23.118469153408977], [91.34674466313287, 23.10399251305974], [91.3476342245431, 23.10183821377944], [91.35620316931463, 23.091300560305456], [91.36952133043096, 23.071023687064546], [91.37204582060706, 23.06898209192449], [91.38031452998808, 23.065873203478876], [91.39591757407746, 23.056474286594536], [91.39815252955238, 23.056585491300424], [91.3994365036961, 23.058702750966592], [91.40128485568746, 23.05841147751448], [91.40916049014663, 23.060391613328107], [91.41240869761168, 23.06301167194395], [91.41619591593508, 23.06384649549868], [91.41674780738245, 23.065227317841458], [91.41207201332935, 23.065880489123142], [91.41095697087098, 23.0668263387868], [91.41200359400946, 23.06803398419474], [91.4135959497743, 23.07627735023074], [91.41583273898584, 23.077114743733723], [91.41697022341063, 23.082963147022756], [91.4081382243626, 23.083900134395513], [91.40477448922027, 23.087936125566205], [91.40582424624549, 23.096998348951065], [91.39999293349592, 23.097249431111727], [91.40260694420942, 23.113933905657674], [91.39704381779673, 23.117467726782998], [91.39655370239132, 23.13060891814404], [91.39183771389906, 23.13824157669901], [91.38910717523339, 23.1500511757662], [91.38384988288855, 23.156554942798863], [91.3834269319628, 23.16446797178497], [91.38459568955173, 23.175120471460747], [91.38120563877555, 23.17526426967142], [91.38221493350707, 23.184602970672636], [91.3790226374388, 23.18458468598385], [91.38027642744065, 23.191631777000804], [91.38426611521245, 23.1919833894969], [91.38674056632641, 23.207575241041617], [91.385772415831, 23.208383054917853], [91.37959865510089, 23.20888664640219], [91.38714834675193, 23.21513093545326], [91.38951850638583, 23.217902403490548], [91.39049737236334, 23.22077984376531], [91.38769074963854, 23.224654840497422], [91.38660782690216, 23.227961985387008], [91.39585635304628, 23.228801319317633], [91.3983436282536, 23.22946446357181], [91.3991182093215, 23.230764294482892], [91.39918485353157, 23.23516479328664], [91.3972614932448, 23.236872465180397], [91.39756321498794, 23.23757422741059], [91.39525394477396, 23.242001489390457], [91.39395133615245, 23.242383903268532], [91.39135424672823, 23.246407820542053], [91.40727061291743, 23.24837484050754], [91.4028066930746, 23.252022223850805], [91.39793825792127, 23.26575769684935], [91.40059859108783, 23.265901061860056], [91.40462932055758, 23.25759631761754], [91.40781483761216, 23.256107539015364], [91.41110566901918, 23.25580931894637], [91.40864997875569, 23.28510459772048], [91.41636873364384, 23.282467398404933], [91.41606035140836, 23.279769271732004], [91.41917904636716, 23.273495981674536], [91.41837727598251, 23.27013344086057], [91.41670551119458, 23.26763276705423], [91.41812381550075, 23.25876931351431], [91.41794644777437, 23.255458129624213], [91.4212629693656, 23.26121718921254], [91.4228831310981, 23.261274763832102], [91.42465221915558, 23.259480127141735], [91.43311243821253, 23.262652117717714], [91.44967460646282, 23.260339339774955], [91.45385883545579, 23.261024271327496], [91.45493267570886, 23.2583094866253], [91.45359892026642, 23.255478147124936], [91.44625145510827, 23.24956056014575], [91.44711629647728, 23.24490547216062], [91.44899172841129, 23.2445799933433], [91.45690133201732, 23.246084467165446], [91.4692105542041, 23.228355666575723], [91.45351197089028, 23.22405658598536], [91.45210183184874, 23.223103278562313], [91.45230943780597, 23.22174385510291], [91.44952454607612, 23.22112721277167], [91.44916017363208, 23.22035670841464], [91.45425708800175, 23.21762849811288], [91.45744840315976, 23.21428166884218], [91.4746717644674, 23.22066246677887], [91.48318891971648, 23.2096552212464], [91.48109666679765, 23.199120335830376], [91.47006652942174, 23.19690898648194], [91.48307836982768, 23.18889927070535], [91.48543095929003, 23.190173053920788], [91.48729209886902, 23.19282982588819], [91.49181471249413, 23.189906077254236], [91.50282384900535, 23.192286574383342], [91.50442263088308, 23.190235346212734], [91.50152444900628, 23.18566392925256], [91.50694536157339, 23.18340626991024], [91.50723255575613, 23.18043002706313], [91.49387025042023, 23.17948890678862], [91.49101894796422, 23.17788186387139], [91.49113957885953, 23.17378170240238], [91.49720805495797, 23.172685530817056], [91.49722989893482, 23.171960008957132], [91.49525304820762, 23.165250016488898], [91.49094142790025, 23.159362488922447], [91.49321535432261, 23.153252243049444], [91.50725663198985, 23.154553364881764], [91.50757396423025, 23.153618428030004], [91.50350610293941, 23.15115228380437], [91.4947305822929, 23.147490658453002], [91.49772862968956, 23.144947574936165], [91.49909806252602, 23.142565000365195], [91.50194461337972, 23.142985507265518], [91.50523161576376, 23.140705390780475], [91.50863781454804, 23.140523811770425], [91.50988211467187, 23.140886125440957], [91.51085153241439, 23.143025119065758], [91.51543855499634, 23.14477319475849], [91.51338646558958, 23.13786772631245], [91.50352973269116, 23.13083476086359], [91.5033441673153, 23.12968223304232], [91.50377674217914, 23.127316455407104], [91.51793868449354, 23.12580182609127], [91.51447049614895, 23.123090266063734], [91.51451504446989, 23.118142459052077], [91.51912074600551, 23.117665804532667], [91.52032976674165, 23.11561763401095], [91.51987022353248, 23.11480192137369], [91.5122936152176, 23.113394752234257], [91.51122723930479, 23.104591107154477], [91.52224547918891, 23.104376271030297], [91.5193027299789, 23.094303837983116], [91.53028668551434, 23.0918400535351], [91.53031355507495, 23.086454410395735], [91.5255402257953, 23.083278167460314], [91.53544363846132, 23.06359363905685], [91.52636633326644, 23.06052461481784], [91.5248721501984, 23.055840561631364], [91.53518281914504, 23.055604726440876], [91.53668896649357, 23.054488854310712], [91.5325408770341, 23.045728243303415], [91.53081562798265, 23.038948420538524], [91.55059906734758, 23.03856039829601], [91.53821449193768, 23.019682548819492], [91.54882288274187, 23.019225174747366], [91.5458559024446, 23.012083431509595], [91.54236173685192, 22.999085500973887], [91.54723751716182, 22.994425824354487], [91.55637376144355, 22.996719412684946], [91.55708623448456, 22.995474011753053], [91.55706684667338, 22.988998856962922], [91.5563218025031, 22.982079267236294], [91.56006011151435, 22.976668960585695], [91.57253081900315, 22.970718372505278], [91.57628409984518, 22.967627443252997], [91.57930894930311, 22.96816968607555], [91.59076842851897, 22.97751799274867], [91.59649197194813, 22.975181788540805], [91.59884817690461, 22.97597026755089], [91.6012080460614, 22.97246328022688], [91.60561648189912, 22.972202505103606], [91.60635193429863, 22.970887246551936], [91.60589866551675, 22.966781022227106], [91.60660931012062, 22.965432148012205], [91.61026603208524, 22.96440784566091], [91.61304522670038, 22.962275366315716], [91.61404743331283, 22.959822275646452], [91.61344663837912, 22.957783426287687], [91.61022569357465, 22.95894278574448], [91.60795562082683, 22.9611394795135], [91.60536339712235, 22.96176687424016], [91.60168525535056, 22.958072548128023], [91.60051995907153, 22.955128331016045], [91.60155720368698, 22.95434118820316], [91.6069218859977, 22.957427473735187], [91.60926984802421, 22.957284003665496], [91.60979106691332, 22.955592166620725], [91.60753649167731, 22.951566866034806], [91.612626753196, 22.952943229169826], [91.61540471951085, 22.952166514119504], [91.61640240888134, 22.951137537350824], [91.61635132530584, 22.949300243676912], [91.61392791709467, 22.949133573326502], [91.6134010489032, 22.948287193018974], [91.61562573436491, 22.945320998572733], [91.62110656190997, 22.9423548435355], [91.62290935490397, 22.942514212156112], [91.62434204997561, 22.944650625107016], [91.62272924404903, 22.949795050390826], [91.62412217904003, 22.961508110316537], [91.63083448492687, 22.960358321667623], [91.64460334232324, 22.97662078259583], [91.6453186254063, 22.97779810068001], [91.64556885870617, 22.984364920739736], [91.64633328702486, 22.985116139360823], [91.65047917381757, 22.98289430361495], [91.6526855319249, 22.97594236058766], [91.65411600799423, 22.97767717035976], [91.65725470156026, 22.97846957442195], [91.65690661476319, 22.980068291627504], [91.65873775770615, 22.980859089906364], [91.66211029847094, 22.979880026364302], [91.66605433203637, 22.98032175860673], [91.6729478765237, 22.97845651273351], [91.6748395271911, 22.978810181492232], [91.67533929647368, 22.97934618291912], [91.67483434362703, 22.982839671119354], [91.67598579983013, 22.983968199161037], [91.67768455507886, 22.983553994380785], [91.67850799687237, 22.982457062196588], [91.67843001719285, 22.978908784149915], [91.68033341132201, 22.979274114766607], [91.68045954854881, 22.977791726823988], [91.68276077622443, 22.979714571342175], [91.68507769776171, 22.97891668999505], [91.6869751451356, 22.98160008933245], [91.69270435971391, 22.986115321887585], [91.69364922570496, 22.987773653633553], [91.6992688760154, 22.98948744756743], [91.70442194276808, 22.98772584769266], [91.70745861956334, 22.98361522202747], [91.71390024439866, 22.98409259278888], [91.71206891118567, 22.986552935087307], [91.71488099332961, 22.990021906039132], [91.716642806001, 22.98977874981349], [91.71658374674921, 22.987228790985043], [91.7173520428189, 22.9868569799287], [91.72024375965032, 22.989382975069134], [91.72154809241584, 22.9921982201223], [91.72728878730962, 22.999409889157047], [91.74203756205715, 23.00645641357026], [91.7432319744346, 23.008165280978016], [91.74367887302571, 23.01143675716521], [91.75054328878454, 23.01877110289498], [91.75217573313526, 23.022178423754752], [91.754401903277, 23.024385420214205], [91.76030880614357, 23.026356186340497], [91.76046607219308, 23.029825526658993], [91.7612014562581, 23.030714180051376], [91.76415367715279, 23.031522245430875], [91.76611928788795, 23.03364278692563], [91.76854576407823, 23.034624826898792], [91.7707455232781, 23.033888503534644], [91.77061759666176, 23.035018740336305], [91.76784112837014, 23.037967196087322], [91.76727113503973, 23.040880805130865], [91.76869005517642, 23.041752745983363], [91.77323530072889, 23.04021633704791], [91.77434438137195, 23.039128147960447], [91.77318221654765, 23.03406439016879], [91.77367379284279, 23.02982981539085], [91.7743345230194, 23.028317145905625], [91.77735414645551, 23.02887022692563], [91.77924791689944, 23.030244702100283], [91.77926314981588, 23.032751598641838], [91.7813498714279, 23.03483501764156], [91.78348404846753, 23.038757812115968], [91.78191939026142, 23.04405597158072], [91.78185275754643, 23.04747359536327], [91.77770077598724, 23.053794768610153], [91.77691271202285, 23.056391402252657], [91.77939217343352, 23.058304475139785], [91.77392887995431, 23.06438521746101], [91.77301291168766, 23.067284660810422], [91.77645835460166, 23.070654927353157], [91.78137848100323, 23.071535858782205], [91.78497398990602, 23.071416821297536], [91.78665298958683, 23.068255280199995], [91.7879661056857, 23.067782699373346], [91.78824984593682, 23.070466579004684], [91.79004572822433, 23.071165844470393], [91.79049165537836, 23.069140818305772], [91.7936017147938, 23.06926469928458], [91.79545093376481, 23.068099665527026], [91.79600760727574, 23.066796359019243], [91.79402120183889, 23.063962522268827], [91.79425519049099, 23.063117223069657], [91.79595953026902, 23.063220899145648], [91.79909162646901, 23.065333353859113], [91.80510380116674, 23.06376970466854], [91.80581111071207, 23.064164034910068], [91.80537097088597, 23.066787283077023], [91.81129214238887, 23.066765227533764], [91.81233830045943, 23.073235262119102], [91.81660764648122, 23.073557588880206], [91.81538053114005, 23.075615353332818], [91.8172921703547, 23.076425844761456], [91.81663747942524, 23.078456713266732], [91.81455385989828, 23.080559879462776], [91.81819229873454, 23.083302726318905], [91.81952460523877, 23.081082313204465], [91.82092812601731, 23.081434681284957], [91.82310529716423, 23.083561008044068], [91.82199618864169, 23.086225304422786], [91.82698953777773, 23.089034688689697], [91.82947392784811, 23.0914863954712], [91.8306931507933, 23.091959890320485], [91.83214258838822, 23.091414245478287], [91.83392860641138, 23.094137546280486], [91.82821833520421, 23.0973857948864], [91.82315643679338, 23.098789281709426], [91.82100398188902, 23.098651588302705], [91.82031528192326, 23.097301052307046], [91.81547738841408, 23.09867349342238], [91.81340030325731, 23.09701492892357], [91.81216041545306, 23.097865594521622], [91.81362661905213, 23.099102825380452], [91.81368641192262, 23.10014795084991], [91.81686132658108, 23.102454771088116], [91.81631616069299, 23.11240725309935], [91.81449985387499, 23.11795463941952], [91.81109026492248, 23.119783502536112], [91.81199636974556, 23.130546689683612], [91.81358871792669, 23.132241858864816], [91.81033035480924, 23.13408873558402], [91.80861448441227, 23.133238145400043], [91.8071247789023, 23.134508171047713], [91.80796945555608, 23.140065041331276], [91.81142046335658, 23.144411264352133], [91.81276489343406, 23.144859165571003], [91.80990913139061, 23.1508931138475], [91.81004817135727, 23.152247172460644], [91.80634256644652, 23.15651018878619], [91.80588765424083, 23.158271212197906], [91.8072821902014, 23.162352098118916], [91.80854189918298, 23.16334167986613], [91.80846925398583, 23.16497697550814], [91.80552146386681, 23.166148603365627], [91.80431568421548, 23.168044653054793], [91.80516310426997, 23.173336219364543], [91.8036188789889, 23.174079154546273], [91.80293916209457, 23.176973211931568], [91.80441826406552, 23.179337407932938], [91.79490398692552, 23.185642600879092], [91.79450910276735, 23.187343652839715], [91.79677329577252, 23.189021135590465], [91.79716527934195, 23.194002449567858], [91.79471118019504, 23.195896891281848], [91.7943759328964, 23.197493415006626], [91.78917112341112, 23.201220654749783], [91.78773838411574, 23.20757445516128], [91.79029413568372, 23.20897835804598], [91.78641849517085, 23.215121770497976], [91.78691527012056, 23.21633971627181], [91.78986555545251, 23.218422603421946], [91.78900194394717, 23.224231503622267], [91.78656301821398, 23.22869080909133], [91.78274010020552, 23.23329164994869], [91.78266339302925, 23.239239463002676], [91.78124103376635, 23.24237214085944], [91.77988959582542, 23.24169495768475], [91.78018693200474, 23.24081283780947], [91.77854477391435, 23.23879795178842], [91.77566542014401, 23.241358982129196], [91.77522179512897, 23.242773272921053], [91.77773291444234, 23.246710257007347], [91.7782875714916, 23.2502155926197], [91.77724938291206, 23.25534238323556], [91.77528069910728, 23.254419307050917], [91.77368610963535, 23.25577718398119], [91.77552499836864, 23.259397258878817], [91.77457951203763, 23.261572373046086], [91.77484338781868, 23.268442488516555], [91.77270938990955, 23.26948984054557], [91.77014478925175, 23.268650196936353], [91.76944421047232, 23.270184200703742], [91.76523257525938, 23.27230462903586], [91.76192317437858, 23.280093698109233], [91.75895522433134, 23.282742944961704], [91.75961721009008, 23.288948871962706], [91.76495117249695, 23.295490004754566], [91.76518057085514, 23.297455438142073], [91.7639197043784, 23.301182727336517], [91.7630108551133, 23.30213773381264], [91.75746599331177, 23.303184285858908], [91.74433148211754, 23.3040669526471], [91.74328620097093, 23.304787455097426], [91.74326905354442, 23.307175017328902], [91.74618491000223, 23.31086019479644], [91.74951872623241, 23.313316483794683], [91.7625243458773, 23.321223967852895], [91.7798094315733, 23.33407310311401], [91.78479952451163, 23.3368483678618], [91.78772011890533, 23.340797873552916], [91.78428901256558, 23.350095655090225], [91.78785549447058, 23.354553050165666], [91.79226801985797, 23.357628661307256], [91.79740725020396, 23.364489521150617], [91.78955070669585, 23.395587528666745], [91.78962479562408, 23.397642133273994], [91.79733000058215, 23.397059878436405], [91.80139667475655, 23.394787170586934], [91.80812576775571, 23.38709045413005], [91.81083883447046, 23.385846781788583], [91.81327392440345, 23.38686828574121], [91.81492133554322, 23.396667508210673], [91.81751510416967, 23.39926224321291], [91.8206813808387, 23.40132483278316], [91.8255948860861, 23.39987351700165], [91.82668469121019, 23.394805183239104], [91.8281192733486, 23.373161852123875], [91.82596788643998, 23.36664200048237], [91.82039990108969, 23.359425952243424], [91.82645642212158, 23.35852574879111], [91.83487215401357, 23.358853950215547], [91.83726639244367, 23.360130107600824], [91.84016522155837, 23.366295602880655], [91.8411554622034, 23.372220511631475], [91.84172048290785, 23.388728296844036], [91.84259068272014, 23.391523494267958], [91.84906830676547, 23.399943468318746], [91.85526082065613, 23.403993848050536], [91.86154076494311, 23.406617913440314], [91.86938116097943, 23.412960215288198], [91.87598593646108, 23.416280700084208], [91.89208996832626, 23.43183180986252], [91.91178656011566, 23.443649054098298], [91.92116842088498, 23.45263723086321], [91.92847713946173, 23.453201114388506], [91.93779102448212, 23.450118393335945], [91.94184989813486, 23.451652017502184], [91.95066648192572, 23.46550027993754], [91.95331551587365, 23.465637544946944], [91.95751168437938, 23.46341336569559], [91.96107956513822, 23.463348218360775], [91.96356185373281, 23.464208623873567], [91.9655496592228, 23.466540226097038], [91.96654331950903, 23.47043230108636], [91.96641332156248, 23.478829485092007], [91.96484857306487, 23.49502574045847], [91.96399572735962, 23.49755114864504], [91.97006198355929, 23.50080181660687], [91.97091255818371, 23.501708651584735], [91.97076395676063, 23.50323647415133], [91.96874584348485, 23.50875065402413], [91.96449232740372, 23.513251288854015], [91.96450247843751, 23.515419874635807], [91.96228220135133, 23.516242453618602], [91.9629905747104, 23.51836837699088], [91.96054000847275, 23.517943285130055], [91.9593180389534, 23.518739703472885], [91.95659788481359, 23.523219146588342], [91.95661770175963, 23.52915282131262], [91.95935405818197, 23.53100832410901], [91.96006844559653, 23.53262797736941], [91.96421217283502, 23.533626494643606], [91.96455911291534, 23.53572141053077], [91.96142841348923, 23.541045278571765], [91.96000790399147, 23.546504995895162], [91.95724891607902, 23.551948827067232], [91.95847472489072, 23.554364513292864], [91.95712411053401, 23.559433379582323], [91.9590327550695, 23.563263687819042], [91.95692234673021, 23.567837619364557], [91.95806046182669, 23.57105800177321], [91.95570542683363, 23.575866377957894], [91.95559022887136, 23.582512205372325], [91.95341273733867, 23.589073375013875], [91.95214621004709, 23.59637813794903], [91.95207453275303, 23.601132355431215], [91.95308270657968, 23.604825034409544], [91.9508800569529, 23.614554052054743], [91.9512272802034, 23.615834089723315], [91.94895864796561, 23.617645305920515], [91.94850919742385, 23.619969763838128], [91.94549993633063, 23.62380939266137], [91.94564880701628, 23.626091915499575], [91.94459504634175, 23.628768747009804], [91.9425196201535, 23.630909283982188], [91.9407096955593, 23.634859653702417], [91.94275468748195, 23.637000492456778], [91.9466533124506, 23.63872639711197], [91.94571434982791, 23.640139965496004], [91.94539704839833, 23.643703142169453], [91.94609178029559, 23.646482748229886], [91.94395366276234, 23.652479564602697], [91.94139037806079, 23.653800048754587], [91.93999208751325, 23.65851387073889], [91.94122273548905, 23.663523765692624], [91.94158333033734, 23.66960209362809], [91.93943266890395, 23.674119362839935], [91.93853681602612, 23.678184117450346], [91.93448120081756, 23.68467885633367], [91.93512416082804, 23.68643659125413], [91.94038448595855, 23.688901736089058], [91.94055573466451, 23.691034985979215], [91.94172672247355, 23.691569386595685], [91.9422586366379, 23.6936405466372], [91.94576046871369, 23.69394757070879], [91.94679967303628, 23.69327876182807], [91.95020108829782, 23.694334108078014], [91.95291019013739, 23.69337897889187], [91.95730215085862, 23.694694794273147], [91.9562204907131, 23.698062215034405], [91.9509894787526, 23.698972473710306], [91.95158756945003, 23.704244139106606], [91.94967714877939, 23.707449857439528], [91.94956667832136, 23.710573063823087], [91.94837143538678, 23.71390632051526], [91.95369887027982, 23.71885026393578], [91.95416971053407, 23.720173847212806], [91.9511967445604, 23.72093822865628], [91.95063959578299, 23.725963174101], [91.95428549130732, 23.72584264424797], [91.95435212238789, 23.72994043613476], [91.95574168443926, 23.730758616117637], [91.95658705302941, 23.733513632571185], [91.95995261291114, 23.734718696911678], [91.96649673962214, 23.733767100391873], [91.96669752631618, 23.73076803934215], [91.96774053852913, 23.729525691287762], [91.97854608545391, 23.73323130138671], [91.9810135285164, 23.72379715287231], [91.9839474951195, 23.722895576290032], [91.98401124547702, 23.716213884405274], [91.98570967681331, 23.71225319934331], [91.9874631310893, 23.710312024133668], [91.99104304346172, 23.698691425608004], [91.99395873142532, 23.694450339854928], [91.99434203664843, 23.689025767428923], [92.00043596564834, 23.671320932017842], [92.00611062646328, 23.670756586682135], [92.0071922857607, 23.666362410315184], [92.01084563183933, 23.663562335466487], [92.01227751207975, 23.66361033155528], [92.0139784534404, 23.66250588715126], [92.01588029264714, 23.6599620860987], [92.0200708122303, 23.66335936636363], [92.02077677135124, 23.662176403699537], [92.02260955250226, 23.66335558587029], [92.02446674794636, 23.66269704905854], [92.02480340704838, 23.661922373427608], [92.02245013895546, 23.659325705219153], [92.02253898176261, 23.658450436303585], [92.02478027439304, 23.65771578265687], [92.02732249915005, 23.659057751293084], [92.02992177717123, 23.658893929618902], [92.03280149833284, 23.654323691917906], [92.03897194104918, 23.652015326609405], [92.04063080347758, 23.648934412963513], [92.0440218303107, 23.64860814309177], [92.04713583921618, 23.647251096368066], [92.05192057448525, 23.64949016920543], [92.05454970638854, 23.649174882889795], [92.06027148194607, 23.647400394604418], [92.06288415071762, 23.645063314029752], [92.06491821535408, 23.645401330714172], [92.06893593152664, 23.647972293657244], [92.07139931839598, 23.646395481886046], [92.0757278389226, 23.64815685850669], [92.078736248587, 23.64808776055693], [92.07815734837205, 23.652543842612634], [92.07998781493579, 23.661880885887538], [92.0770497547253, 23.668359439839953], [92.08083811160913, 23.672944805598334], [92.08335980505944, 23.68020265525605], [92.08748004082935, 23.680381904537334], [92.090647605697, 23.676794310217936], [92.09290189226046, 23.677691546743723], [92.09869224364319, 23.675800124641228], [92.09878469594997, 23.676831514944524], [92.10311779144502, 23.68036270415232], [92.10307195317903, 23.68239757271486], [92.10420737804391, 23.68416076880852], [92.1032670486047, 23.6852439942909], [92.10494324036894, 23.68756129675353], [92.10886969683877, 23.689662285367813], [92.1120849994004, 23.690095827326235], [92.11433084389637, 23.69455458581861], [92.11681332804679, 23.691791789949107], [92.12048640823745, 23.6935517190163], [92.12150385838434, 23.695880662361496], [92.12269358670144, 23.696356398931012], [92.12219035105142, 23.700742104191214], [92.12340756345881, 23.701436395319448], [92.12369379599524, 23.705452383968634], [92.12555162755707, 23.707480839562084], [92.1300345050836, 23.71008933351963], [92.13511575850411, 23.71759410109679], [92.14329305303468, 23.72732696620629], [92.14439061269766, 23.7331587243871], [92.14959980654008, 23.735950035085235], [92.15133232459905, 23.736118908646414], [92.15314350818723, 23.734883330325335], [92.15545648560243, 23.7355372409834], [92.16189271330273, 23.73967708624058], [92.16992483928102, 23.73911366252996], [92.17215902482212, 23.7379650327679], [92.1725667475704, 23.736234911652105], [92.17101962712559, 23.731202537172663], [92.1718319687892, 23.727444410270454], [92.16992428487801, 23.72327927362296], [92.1738409445188, 23.7184951560319], [92.17639497644538, 23.71699609483246], [92.17651944707038, 23.709099158612318], [92.18053910381677, 23.707599725002332], [92.18245848275754, 23.70778764149572], [92.18594643871661, 23.71053600298176], [92.19294892979933, 23.707115646381766], [92.19959572333792, 23.707355318376194], [92.2014388638807, 23.706578635808867], [92.20363532708107, 23.7023955539644], [92.20595355725317, 23.701818009263892], [92.21103253559045, 23.693509061305424], [92.21154814071971, 23.69236302451782], [92.21062075058055, 23.688850797382916], [92.21250856177457, 23.687108484033498], [92.21324444469593, 23.684166087369668], [92.21046234824591, 23.67987911241482], [92.20676389123717, 23.676502307707764], [92.20611389127434, 23.67081311789429], [92.20747672360187, 23.667333098347093], [92.20728205801315, 23.661396479101654], [92.21128903292858, 23.65925157911834], [92.21130061584383, 23.65458668686506], [92.21259038962351, 23.65271468575742], [92.22172379291878, 23.653028640345436], [92.22571796843613, 23.65554940402767], [92.22949539514028, 23.663773265005123], [92.23206624347405, 23.667224452975727], [92.23054415535077, 23.675465286773928], [92.23329265498693, 23.68217694149694], [92.23186984436703, 23.684256978917112], [92.23712643777114, 23.691469520981062], [92.24168342736198, 23.69395737243391], [92.24236717524695, 23.69553187567645], [92.2420477059903, 23.69957031494087], [92.23878993329203, 23.708919125773548], [92.23663775628076, 23.71265398975901], [92.23980038011806, 23.718888297556035], [92.24116360004487, 23.720050078878113], [92.25298154266555, 23.724457738188804], [92.26594175162936, 23.724277356730855], [92.26695722765476, 23.72200776680739], [92.2731455572921, 23.72036863852593], [92.27662283532845, 23.717652583813948], [92.2778709382333, 23.715734979897313], [92.27921056884011, 23.708473253914292], [92.28301227712339, 23.708120964519747], [92.28592666860604, 23.704886603279846], [92.28683776712674, 23.701964501156464], [92.28938774586611, 23.700718760048062], [92.29152296998959, 23.690006177859185], [92.29138132786497, 23.68266361790145], [92.28981299472366, 23.67901420821918], [92.28982563959246, 23.676331075596696], [92.28475883473926, 23.665426970682674], [92.28169104273582, 23.66271136709312], [92.27577394710909, 23.6511248123016], [92.27385712352452, 23.643741056451212], [92.27483609069772, 23.642797384010045], [92.27744356326944, 23.64284147466295], [92.27875614180633, 23.64093423048161], [92.28138493472194, 23.639561133659676], [92.28139594104384, 23.63853574515224], [92.27924687270509, 23.638078722743877], [92.27960601917552, 23.637138493276172], [92.27770705235332, 23.633543402442697], [92.27764294213628, 23.631183552483165], [92.27935412002829, 23.62538677137533], [92.28050443901199, 23.6256480326634], [92.2804124011377, 23.632213215885084], [92.28946608447033, 23.629794065756155], [92.29413128242477, 23.626762301206966], [92.29655326729113, 23.624161427936613], [92.2964710744402, 23.622573750030934], [92.29073564091121, 23.621946491543383], [92.28842349869697, 23.61998433824541], [92.28638595463781, 23.59707118093292], [92.28725770725013, 23.59586496605925], [92.28858617271399, 23.59860848006678], [92.2906571908635, 23.595878600981685], [92.29364766479642, 23.59462414932056], [92.29572920892132, 23.588287995323704], [92.29745743270851, 23.590216961937788], [92.29823197508586, 23.593066758847176], [92.29947061979105, 23.59387897822835], [92.30031392226184, 23.593927987366076], [92.30202817168185, 23.5921726222664], [92.30246249724706, 23.588224410520947], [92.30776419172231, 23.5782100449017], [92.30577551587645, 23.57307453837127], [92.30621341314557, 23.571510175225402], [92.30759584053794, 23.56991203715854], [92.30824742761912, 23.571958442365165], [92.3093827128589, 23.5708604906875], [92.3085820423848, 23.567080144555547], [92.30700237946326, 23.56555082088136], [92.30726787994735, 23.563755420336058], [92.31207019565893, 23.559617018279905], [92.3131321140994, 23.55772738384831], [92.31343282881902, 23.55424325394479], [92.310893110372, 23.55478602412399], [92.3098150094186, 23.551725253093853], [92.31101708191979, 23.545042034076275], [92.30867321946535, 23.540951130388027], [92.30813932394298, 23.535609493290316], [92.31409809593774, 23.534526765186698], [92.31527190735683, 23.530895348862252], [92.31753603044034, 23.528516096799684], [92.31778582533462, 23.52632313086675], [92.31383406394032, 23.521567858145026], [92.31455861460077, 23.519996960360373], [92.31351565034181, 23.5177402746872], [92.31402979070027, 23.517084319198784], [92.31806805510305, 23.518751923258424], [92.3187284396129, 23.5175385642941], [92.31660957117725, 23.513558376895144], [92.3198970132225, 23.51233015529552], [92.31983288956519, 23.50961373715203], [92.31895064223701, 23.508218541228082], [92.31901630073014, 23.502954338976906], [92.32317531817952, 23.50190210191107], [92.31969961583349, 23.50057435512602], [92.32079083652259, 23.496195961779115], [92.3183266559343, 23.493474093088413], [92.32296352118783, 23.49115030659505], [92.31798780894809, 23.48781303336777], [92.31781531911022, 23.486625051914295], [92.32302841532146, 23.482672207042427], [92.32234512462873, 23.480891495965167], [92.32708953885741, 23.478345960184427], [92.32423276570621, 23.478338378801173], [92.32488852917187, 23.473873925825067], [92.32042108934695, 23.472910764643768], [92.31921072360466, 23.470155534066123], [92.32958631044218, 23.466635125837193], [92.32990304619109, 23.463286149004276], [92.32917971959222, 23.46065123964149], [92.32540810643833, 23.4596873898067], [92.32602444594754, 23.45751433535343], [92.32918527358655, 23.454799429776013], [92.32993486203377, 23.454438403933903], [92.3316715960961, 23.455507634578105], [92.33240923912774, 23.45394494717205], [92.33176413624517, 23.45217611271519], [92.32709482553454, 23.449075950897708], [92.32785140935938, 23.445906043495185], [92.32975253243781, 23.443629729529153], [92.32996697272014, 23.438214334878488], [92.33105239673037, 23.434101174795824], [92.33029080954114, 23.428331903198302], [92.331232482502, 23.42707764031275], [92.33216691466076, 23.427188942844474], [92.33359416655325, 23.431477839871334], [92.33661537979772, 23.431714755046634], [92.33928363702569, 23.433506864014614], [92.34464289670946, 23.432581209644216], [92.34578876383091, 23.428490766898097], [92.34737226243817, 23.411753141946917], [92.34969762746022, 23.410799030019675], [92.35418301175497, 23.411541157242638], [92.35561454839201, 23.41059083980474], [92.35558141149488, 23.404023642715316], [92.35407949915123, 23.402892986605778], [92.3528379807086, 23.405181613090637], [92.35191972884729, 23.404040450401848], [92.35556492992019, 23.388584142956276], [92.35753467450675, 23.390874578685267], [92.3588851291656, 23.390122386589635], [92.35700432506923, 23.384396122661805], [92.35445074894515, 23.381990334418074], [92.35573667015538, 23.379943093957717], [92.359060938862, 23.379342270200304], [92.36354310024095, 23.380616318773168], [92.3652543491715, 23.37995003039563], [92.3644007113239, 23.378208174936738], [92.35748491873818, 23.37507897658732], [92.35736658344115, 23.372259577553706], [92.35891733448952, 23.369850035269785], [92.36303676626868, 23.366748304849278], [92.36542863521798, 23.367249862437273], [92.36960721834976, 23.37250789105893], [92.37078819088019, 23.372000235455598], [92.37081559200823, 23.36666894530252], [92.37814508728604, 23.364598088745797], [92.37912390770694, 23.36400148033841], [92.37984924491795, 23.36187288663329], [92.37724717346933, 23.356056291262245], [92.38039007838253, 23.355503515924386], [92.3818340311445, 23.3510139585761], [92.38091850864599, 23.34933068377309], [92.37831569265774, 23.347572056367344], [92.3770432905601, 23.34492369629237], [92.37619309964892, 23.341481242865164], [92.37654167208463, 23.334975982148837], [92.36968985205638, 23.32693227925175], [92.36574745013067, 23.324018357162085], [92.36675194724549, 23.321607429801666], [92.36935005107526, 23.31879831176366], [92.37034136601544, 23.31933457278574], [92.36982135640069, 23.323634586442616], [92.37170078082877, 23.323948063483652], [92.37361486023656, 23.319334654615126], [92.37497952316588, 23.31932299689687], [92.37741592436205, 23.320794798823247], [92.3786253899872, 23.32047287833982], [92.37933799038856, 23.317672483430435], [92.37860450069275, 23.313465408380413], [92.379819094649, 23.311582733926123], [92.38434151641815, 23.308935431814998], [92.38728262869668, 23.30539071714956], [92.38752738999403, 23.304045243924815], [92.38497286918901, 23.300425088865268], [92.3857969851865, 23.29830570002351], [92.38450830958108, 23.296571107387138], [92.38509546937031, 23.294386490085767], [92.38296002925739, 23.286364518709085], [92.38856462431994, 23.28221846025111], [92.38941357935491, 23.27653724072109], [92.39332400652677, 23.265863844271845], [92.3927688484794, 23.264289636963248], [92.38901563304204, 23.266796162930298], [92.38762452046366, 23.266149847905776], [92.3893501088586, 23.260245953138575], [92.3943279202924, 23.256872711417603], [92.39504632089948, 23.255623259426844], [92.39186309074304, 23.250360662694142], [92.39210203673004, 23.24913940454309], [92.39712005070416, 23.241653923161415], [92.40049978676763, 23.239852611619], [92.40029460097304, 23.23688280635054], [92.39847346783044, 23.236108287632668], [92.34999608503949, 23.234939004002747], [92.35110495883725, 23.232155908266922], [92.35050333654473, 23.22959927968466], [92.35248560879349, 23.227220650304442], [92.35300506160164, 23.223940804848947], [92.35431295684529, 23.221756764418306], [92.35476529756271, 23.215001596592927], [92.35427175876674, 23.20708131582942], [92.35307208148416, 23.20519098930602], [92.35365591632606, 23.202313614550935], [92.35264265114532, 23.2007471899831], [92.35298987731163, 23.185922567719025], [92.35341135191449, 23.184128158476497], [92.35800191290316, 23.18403403712392], [92.36003128875319, 23.181286195375822], [92.35991790014198, 23.180250244860673], [92.35551468487003, 23.180161049662335], [92.35518954579028, 23.179089893703736], [92.35777742403415, 23.174709815019806], [92.35797293688726, 23.169185149747257], [92.35938094733763, 23.167346608770195], [92.36026984668581, 23.162042327644222], [92.36381821965885, 23.155741746879727], [92.3619713455056, 23.155094051439246], [92.35918412330687, 23.149044755942366], [92.36053084470144, 23.147724550471377], [92.35894587078329, 23.147077399830746], [92.35867123589841, 23.146028621802145], [92.36080065275495, 23.1441792786867], [92.35938952643275, 23.14276045191827], [92.35951327270074, 23.141011681087903], [92.35765299113773, 23.139166215734747], [92.35673770212266, 23.13399726228486], [92.36400972439111, 23.127600356783645], [92.36717466817717, 23.126305307611034], [92.36577402888862, 23.121963558889508], [92.36371525301013, 23.120371654703437], [92.35774162405065, 23.10686036133584], [92.35952373947094, 23.10534408945401], [92.35878642562773, 23.10437557379736], [92.36026891456022, 23.1033078418918], [92.36281671144063, 23.098041350573734], [92.36666702678896, 23.096737218252667], [92.36872354707441, 23.097212493135316], [92.36884604817772, 23.094738110727814], [92.37230097458206, 23.08711342125957], [92.37391954736373, 23.0863792620227], [92.37702412528806, 23.087536083380783], [92.37899259187424, 23.086585011195243], [92.38099424728304, 23.083054241563467], [92.38201189838333, 23.078958254724608], [92.38471169974872, 23.075396038144586], [92.38362160602534, 23.071262459220726], [92.38710361555832, 23.06742433861983], [92.38817121098309, 23.063892381957757], [92.38768380440071, 23.062603675455], [92.3907065282076, 23.058638144604643], [92.39058614579272, 23.05403346069696], [92.3924527950279, 23.052287646371145], [92.390884087366, 23.051156375340604], [92.3913924148153, 23.049834554697174], [92.38886137717991, 23.049035489547837], [92.38746709659638, 23.04085013915373], [92.38611930766739, 23.039444067596943], [92.38285446643908, 23.038264937831205], [92.38260539284916, 23.036964146601186], [92.38246358939485, 23.033131078072206], [92.38428856647346, 23.028818097574216], [92.38293646589449, 23.024696315767862], [92.38310699825605, 23.021255205628716], [92.38136050103188, 23.018375049199097], [92.37955736482141, 23.011881122193007], [92.3838021524714, 23.010069751405688], [92.38325060815158, 23.008618341019588], [92.38373502622898, 23.00604257502425], [92.38199566010735, 23.00074448210893], [92.38309602634645, 22.996141119168406], [92.38538903203906, 22.99295863153152], [92.3821333420189, 22.988449047736953], [92.38248856556895, 22.986603676786682], [92.38429177373227, 22.985173810437093], [92.38450945816417, 22.983133018920693], [92.38352554768868, 22.981067428419472], [92.37954860764482, 22.98006472807041], [92.37931715931205, 22.97906326829628], [92.38150808621995, 22.97687997810169], [92.38102986274296, 22.975428570344064], [92.38018970801343, 22.97460496964185], [92.37810367340012, 22.975504116253948], [92.37731283417553, 22.97506006658296], [92.37436181165522, 22.9715878757434], [92.3749115931067, 22.958065140955902], [92.37636463725224, 22.95425551559966], [92.3762977089552, 22.949065359800475], [92.37745502328579, 22.94747938109229], [92.37507739752746, 22.946905609262686], [92.37358744879322, 22.94454900592275], [92.37295445126868, 22.941545904943656], [92.37385746664351, 22.93910834203942], [92.3753986158927, 22.937561212970564], [92.37504399188326, 22.936720136022476], [92.37195870433658, 22.936253947826074], [92.37197526074499, 22.935106562598534], [92.37543209221283, 22.932428224298413], [92.37616338232031, 22.929336427718678], [92.38436804805451, 22.929138313717296], [92.39556605958597, 22.93094285180541], [92.39716751379903, 22.930453158740022], [92.40081387993669, 22.92619267058033], [92.39703386124913, 22.915627196276528], [92.39912567932592, 22.913419843223476], [92.40175832180256, 22.912215425664545], [92.40284778005888, 22.912202891848782], [92.40383246987167, 22.917333952824176], [92.40713950727631, 22.91792652230939], [92.41235520958102, 22.914887302980386], [92.41410382978806, 22.914948746001013], [92.4187716724528, 22.919045220877216], [92.4207549303469, 22.91948782641486], [92.42034414739871, 22.912720884327292], [92.42183396599947, 22.90507633489924], [92.42760035567295, 22.896172538704146], [92.43264633882463, 22.891441469409862], [92.43282393120481, 22.887023543529445], [92.43406866408992, 22.885691487903465], [92.4364155002158, 22.887320605431988], [92.4446948930855, 22.897499291613638], [92.44693024252278, 22.896291257223872], [92.44891356039014, 22.888409313240782], [92.44801932501532, 22.877975068622142], [92.44982184585191, 22.87570670413905], [92.45963645726243, 22.871248333203237], [92.45647133713875, 22.869417226172345], [92.45473313748991, 22.866209855714942], [92.4568840232444, 22.860406740255574], [92.4618741054062, 22.860876889335863], [92.4611886092571, 22.858447737675686], [92.46468848905303, 22.856032781082586], [92.46416242458648, 22.85444414207078], [92.45895089889902, 22.853192051918953], [92.4582750068344, 22.85190023532872], [92.45883452414333, 22.851055388042546], [92.46118587578951, 22.850995333807628], [92.460784970991, 22.84898325678974], [92.4614722720707, 22.84732505198907], [92.4605856881788, 22.84542091937189], [92.46395923883256, 22.84351181583068], [92.4645596959756, 22.84213875719891], [92.4594213606859, 22.841679961909772], [92.45505418238503, 22.843822098788674], [92.45381638344017, 22.84323688817546], [92.45678670516352, 22.84063449323503], [92.46234898018231, 22.831980581901274], [92.45985634244201, 22.828938369450164], [92.45571690079318, 22.826789880114124], [92.45559389144807, 22.826006918463055], [92.45807515546126, 22.824663548800167], [92.45879867689531, 22.822924112519555], [92.45587477106177, 22.820120377443626], [92.45954315685557, 22.8186599414498], [92.4592552216312, 22.815947571699486], [92.46184521898671, 22.807326044627402], [92.46320540693307, 22.80776262154291], [92.46301260070317, 22.810138228712734], [92.46485708659038, 22.81039464430567], [92.46638790507853, 22.807664584328474], [92.46478074860849, 22.80277126362668], [92.46570160191615, 22.801320466162295], [92.47011902381944, 22.798604375101167], [92.4705509083467, 22.795083043735026], [92.46938398391138, 22.78418846840355], [92.47024372205011, 22.78239385094127], [92.47280703298252, 22.782175261220633], [92.47259412382039, 22.77853414802284], [92.47519053630273, 22.771657007157792], [92.47350445561922, 22.768852091773034], [92.4746728745277, 22.763466091351464], [92.47437014174415, 22.76094920304685], [92.47581801302532, 22.760571277749392], [92.47701093974166, 22.754898536314666], [92.47862295400472, 22.753776634688933], [92.47780054740767, 22.749568053790576], [92.47913697486499, 22.74733718636201], [92.48268656134147, 22.744640555610957], [92.49235307780431, 22.74069661979445], [92.49725944423149, 22.739512947745094], [92.49971375312236, 22.737363193974453], [92.5016667231946, 22.737282963879796], [92.50561853890136, 22.73877180521508], [92.50761906379697, 22.736396877532833], [92.50886765819178, 22.731487089343577], [92.51100679146097, 22.73301244530494], [92.51228347014454, 22.73254268118667], [92.50948654382412, 22.72900378453468], [92.51190031815733, 22.72688666652533], [92.51401595142688, 22.723337117222403], [92.51560483926356, 22.722883297720426], [92.51632433675191, 22.72178498348158], [92.5172097145819, 22.717089356059667], [92.51666173454446, 22.714130707631725], [92.51449103297112, 22.711429485708873], [92.51358868342386, 22.708142932229375], [92.51600553320985, 22.704319783724664], [92.51852000869705, 22.692309516240744], [92.5186354816201, 22.687916582789608], [92.52054678644731, 22.684768270323058], [92.52297484696928, 22.677635110201106], [92.522186367362, 22.674950240920694], [92.52522646908551, 22.673129218715932], [92.52595412492465, 22.664892698602962], [92.52825433281858, 22.66547281271855], [92.52677630642344, 22.66115497156495], [92.52825346453474, 22.659787382816216], [92.52435964002817, 22.65922307964154], [92.52356493107264, 22.657022131540522], [92.52395247898676, 22.654247067088512], [92.52618948729477, 22.6540086786382], [92.52687873969171, 22.650914859147825], [92.52416709703729, 22.650559546200405], [92.52455363381765, 22.640450632467196], [92.52644951076739, 22.639054752956195], [92.52625714866417, 22.637045741183698], [92.52732449258168, 22.63588239830327], [92.5258486814618, 22.63378867120917], [92.52661237740072, 22.633105764974232], [92.53190661781045, 22.63318020875657], [92.53190601059626, 22.627310546875496], [92.52850584440871, 22.623614054123337], [92.52746557679026, 22.620603358403585], [92.52951530518129, 22.62048978945956], [92.52910146559043, 22.614280755674393], [92.53239010625173, 22.611470911782167], [92.53505540772538, 22.61132950762987], [92.53366872506567, 22.60758885297957], [92.53063284876714, 22.609294196815583], [92.53006242581426, 22.603625623391327], [92.53485122005097, 22.599426087138802], [92.53670375221233, 22.587478597642225], [92.53521821598177, 22.587184402225752], [92.53354968806212, 22.588179244190027], [92.5325429963174, 22.58699077743444], [92.53467038648667, 22.58494064473688], [92.53771616861602, 22.585795299327177], [92.53675959028561, 22.58392701750362], [92.5366858407425, 22.578010538003785], [92.53795377989209, 22.57571919755423], [92.53546155349902, 22.57312981013428], [92.53217723509974, 22.571673146960553], [92.52812709565066, 22.572858920700995], [92.52716616177695, 22.571072162858602], [92.52748130382692, 22.56566692475101], [92.52255432780082, 22.56032769852569], [92.52283761589887, 22.558635904844987], [92.52793935999769, 22.556505587796355], [92.53111975902449, 22.552425494192402], [92.53180546207207, 22.55115448005562], [92.53118059527412, 22.54753770986117], [92.53251068575979, 22.544232642344614], [92.53468638182035, 22.544027677270545], [92.53684438064327, 22.544848454164285], [92.53745014626752, 22.541303699634646], [92.53949101013325, 22.540140196953423], [92.5380350106361, 22.534391936252657], [92.5408776144122, 22.533964223089637], [92.54045170786395, 22.52927738980532], [92.53931907014805, 22.52914913688015], [92.53956066554055, 22.527813735229113], [92.54085615910036, 22.526918437778804], [92.5397242168804, 22.526063444208283], [92.54317616136284, 22.524328633591256], [92.5408683500995, 22.522041588621583], [92.5436832671712, 22.520978675919906], [92.5448320375225, 22.518179135376077], [92.54292949598636, 22.513509441678664], [92.54334528429227, 22.512834821538203], [92.54445151133682, 22.51302046104277], [92.54622096693868, 22.516788623834433], [92.54680433317552, 22.51657627003118], [92.54661344287159, 22.5153396760787], [92.5509032796581, 22.51288758869116], [92.54633684187375, 22.50979032775206], [92.55029362387438, 22.509813452040767], [92.55040292866528, 22.5074969672923], [92.54786526663224, 22.505645848534556], [92.5467981610511, 22.503615137573124], [92.54690983531391, 22.50271708973392], [92.54898564888357, 22.5025333092653], [92.54911307401251, 22.501335969354436], [92.54717880210862, 22.501289843788935], [92.54254223544459, 22.497917352948743], [92.542579492901, 22.497265075692447], [92.54592647273854, 22.49613790068809], [92.54603757417486, 22.495141967621674], [92.54335100160405, 22.49349905230748], [92.54467856259436, 22.487570285386166], [92.54413742728241, 22.477035286737696], [92.54606842537912, 22.476489364222946], [92.54509323254774, 22.468643583918663], [92.54616261718334, 22.462417306068122], [92.55016633204815, 22.45731825615382], [92.54862955414819, 22.454543952789447], [92.5513572791377, 22.450816668204205], [92.55051930111172, 22.43739580411081], [92.55480595019026, 22.42800405285527], [92.5503620512053, 22.426769810180897], [92.55445920445467, 22.42484362750878], [92.55118129254015, 22.418963377940266], [92.55447377036032, 22.41847715081557], [92.55299228920629, 22.409509786405696], [92.5538101355628, 22.408240026682552], [92.55561737508296, 22.40960623242922], [92.55694195231584, 22.409035707956043], [92.55785922165916, 22.40703395705163], [92.55534538301214, 22.405552564486126], [92.5573273133813, 22.403071302564953], [92.55996509611478, 22.402973389938325], [92.55941929201136, 22.400373869505458], [92.55694458176316, 22.399200791238755], [92.5571917738862, 22.398285077711616], [92.55984332519752, 22.396492564045317], [92.56026371800732, 22.392280674768234], [92.5593234589202, 22.390137936128202], [92.5618746859493, 22.389833179685454], [92.56118291484029, 22.384164851431304], [92.55968581321548, 22.381196709297008], [92.56231081655649, 22.380457177283958], [92.5603930753558, 22.379365575175164], [92.56124664902603, 22.376745579921614], [92.56257152365774, 22.37650708004932], [92.5618297544832, 22.37217818130159], [92.56283215089113, 22.370565520613223], [92.56532220921714, 22.370352548117584], [92.56595103319893, 22.369609636043148], [92.5670447274262, 22.361070959848067], [92.56803352021021, 22.359550461722616], [92.57075630792691, 22.35904032704536], [92.57065947500692, 22.355913763344798], [92.5736408713156, 22.348718415211838], [92.572961673767, 22.34582031487888], [92.57562360838897, 22.339012573501144], [92.57420221766776, 22.33030904308983], [92.5773940523087, 22.325620870001867], [92.57964837858218, 22.31576821521028], [92.58079840556834, 22.31499157951346], [92.57979555138625, 22.310810509232176], [92.57756988879461, 22.31089838936548], [92.58120746064358, 22.30775669965887], [92.57959904526963, 22.305430582358404], [92.58335982556197, 22.304051529445474], [92.58109539963564, 22.303508974066983], [92.58202517027088, 22.301839561698728], [92.58193828087548, 22.295794921095386], [92.58071466807755, 22.293548439578753], [92.578883543935, 22.293281624363942], [92.57981222920395, 22.29211582126535], [92.57836433193752, 22.290991192978943], [92.57837598521888, 22.28914850402321], [92.58083980671503, 22.286267567198554], [92.57710253769226, 22.284773075763592], [92.5810727137312, 22.280727045802568], [92.57957872748422, 22.279991626422685], [92.58000923195087, 22.2774516565956], [92.58126047993237, 22.275633266756362], [92.57856312341289, 22.276349557546244], [92.57656111583246, 22.27375879073023], [92.57743806279613, 22.27212353948755], [92.5788116448937, 22.272182972440774], [92.57912158096234, 22.27123295604216], [92.57803285265172, 22.27073933666434], [92.57893563112282, 22.269985567537226], [92.57732798821104, 22.268631546108736], [92.58039552686853, 22.266920018959574], [92.58223826901096, 22.266980150571086], [92.58288267658236, 22.265561573659948], [92.58587420571973, 22.26400971127744], [92.5835382468693, 22.259701173788432], [92.58680331993642, 22.259352126938165], [92.59012804104853, 22.255362207790203], [92.59106116066104, 22.25152409304862], [92.59022909299773, 22.248930048813737], [92.59147135266682, 22.240253513172043], [92.58918005174075, 22.236313325417573], [92.59036022236722, 22.234344532287803], [92.58861189988595, 22.232307857266637], [92.58784703587995, 22.228544467380868], [92.58777722517011, 22.224478581497337], [92.58895478496619, 22.222073973727902], [92.58752324107317, 22.216980565864514], [92.59183217318775, 22.21100161123028], [92.59353645095564, 22.207295649322262], [92.59424050708255, 22.202251466441364], [92.5936122839239, 22.200807169642584], [92.59635418100376, 22.190011425939854], [92.59488424905321, 22.18436798230718], [92.59582063977568, 22.183135440503804], [92.59662654271553, 22.17632103777602], [92.59532643425864, 22.174570346897976], [92.60708860699488, 22.171715950900456], [92.60841143867773, 22.162349989581326], [92.60778918819078, 22.157644952461414], [92.61032598912169, 22.136767576255817], [92.6103442462511, 22.13568847342144], [92.60792696923264, 22.135676360847384], [92.6073040532058, 22.134737562573065], [92.60680256487245, 22.127103607074744], [92.60606211753264, 22.12579738654638], [92.60058693027352, 22.123582665075897], [92.59585577463079, 22.124189791367805], [92.5934958216709, 22.12531432144708], [92.59099874621577, 22.128677920175427], [92.59050073252318, 22.133135693026812], [92.59191804703826, 22.138205704143704], [92.59172918131503, 22.140261683115043], [92.57932662555476, 22.14288850426666], [92.57757408728008, 22.142138126673533], [92.57388209956258, 22.13791637699844], [92.56444473978218, 22.13446543051067], [92.56189950062603, 22.131031637799698], [92.56363942578295, 22.125041343108037], [92.57077346080985, 22.11944181944045], [92.57378939206383, 22.116018693382372], [92.57582434850967, 22.10693809405408], [92.58208557793421, 22.096208868613715], [92.58098283390336, 22.091838741592746], [92.58595709746032, 22.083859842849613], [92.58922707749214, 22.081445302595565], [92.58915659846508, 22.073131755371595], [92.5917452372827, 22.065771962556497], [92.59499637419145, 22.06278352796018], [92.5997896914638, 22.060258316298803], [92.59753980222435, 22.049992170042948], [92.59240364656152, 22.041598433347293], [92.59232934732907, 22.039348000259057], [92.59393404099528, 22.033818392826582], [92.59534792856941, 22.0318025161466], [92.59989694528375, 22.02831498920736], [92.60075148421902, 22.02155958794418], [92.59820010806547, 22.014854289922287], [92.59799002527323, 22.008345136831625], [92.60196126704741, 22.003080099054046], [92.6079924188692, 21.99785021542619], [92.61063646050816, 21.991177186894756], [92.61052546359667, 21.985113096986403], [92.60404404571162, 21.981885707741217], [92.60439209657024, 21.97795221060405], [92.61040972959617, 21.96317445324953], [92.61014608585243, 21.957651904015968], [92.61192846278746, 21.95519506072911], [92.61085316474556, 21.947787594401763], [92.61596834799569, 21.93715630412298], [92.61625288600733, 21.934660086587815], [92.61487047536369, 21.931621651389882], [92.61521631054, 21.92913630727466], [92.61787191889331, 21.925048416960674], [92.62497912042417, 21.907764139057257], [92.62704258785726, 21.90023725161185], [92.62941741704114, 21.886194624534955], [92.63249712235182, 21.87503666991852], [92.62912148097784, 21.861342055078964], [92.62147711748746, 21.86144949815429], [92.61424602238023, 21.85182328231376], [92.61220941303621, 21.844061641135454], [92.61516318675952, 21.83703000176717], [92.6147126923724, 21.831235563595225], [92.6205395494217, 21.827716977328787], [92.62031638433493, 21.82326355024488], [92.60962933983855, 21.81726403370567], [92.60695001133743, 21.804790188612117], [92.6082356367855, 21.797710824037914], [92.6072549418407, 21.796103809249296], [92.60898032031385, 21.7922921276759], [92.61055496629332, 21.777996782060555], [92.60994935349972, 21.769103590688527], [92.60754373427936, 21.762943809123975], [92.60681587380915, 21.75742842811998], [92.60417793004083, 21.75477426963694], [92.6044148188955, 21.75237076552929], [92.6074657854478, 21.74967126527458], [92.60828571119794, 21.74667992639265], [92.6049755622207, 21.741671851181227], [92.60636097972898, 21.7375857077656], [92.60709796364367, 21.72815781826664], [92.6056922133197, 21.72344190007602], [92.60387547172715, 21.720543686125765], [92.60196080008974, 21.712332809811613], [92.60078998648767, 21.700947826053202], [92.60660386676336, 21.68874441655641], [92.60657666293147, 21.684281287571977], [92.604803319013, 21.67681496291895], [92.60373598261623, 21.66179252597495], [92.6021028320752, 21.654876332509637], [92.60671269962805, 21.639769592218933], [92.60756424243284, 21.63341648543739], [92.61064396843054, 21.621835503661607], [92.6091960847073, 21.610833163870552], [92.60913251176093, 21.585052505119634], [92.61166790737626, 21.576527937138263], [92.61579945831407, 21.56731217263474], [92.61601524483774, 21.557557509849484], [92.61962705300877, 21.535726503314873], [92.62034678971447, 21.52626635900083], [92.6189773239052, 21.515643631376896], [92.62203283398179, 21.50838917347468], [92.62312851097847, 21.500933859424748], [92.62234766258346, 21.500427853091647], [92.62627183581668, 21.488722354109807], [92.62556297335993, 21.47270140564514], [92.62694143524405, 21.463885433070068], [92.63123860342382, 21.45273462739667], [92.63205629607377, 21.442852260118745], [92.63860318659432, 21.430039171767085], [92.63921190993912, 21.420625046165704], [92.64357947913024, 21.4042812035609], [92.64580483989985, 21.39723007163074], [92.64964024830175, 21.389933420696522], [92.64961424020944, 21.384945782965875], [92.64835928409886, 21.380159248143155], [92.65147016757057, 21.359086070467587], [92.65861626568373, 21.33991548526057], [92.66597468621548, 21.316352847980497], [92.67188553950541, 21.309796014975774], [92.67523717073139, 21.30262295477387], [92.67840039225042, 21.2994534119526], [92.68037317211353, 21.29034343072917], [92.67938707641511, 21.285764698183346], [92.67244198540828, 21.282938460360818], [92.66540202660028, 21.281415158889722], [92.66129578603565, 21.278884536576598], [92.65630536354999, 21.277093396029873], [92.65362144227038, 21.277152935203198], [92.65113270434556, 21.280175130278195], [92.64959225907617, 21.279209101479374], [92.64497837278172, 21.272546580457114], [92.63729762631408, 21.272895310958123], [92.6345958096334, 21.27127188468036], [92.62899569018984, 21.266138487299852], [92.62644511719986, 21.26118728649557], [92.62142954570521, 21.257004856397316], [92.6207724246615, 21.253581745042588], [92.6214186500991, 21.249283197897512], [92.61327094000983, 21.246987294120196], [92.60337666671626, 21.246434503816086], [92.59967284333075, 21.244944127693927], [92.59850204751055, 21.243703546958987], [92.59602727402716, 21.24388895795985], [92.59510346814595, 21.244754406778327], [92.5922977257352, 21.257565946999918], [92.59040057500614, 21.27449828897769], [92.58913604300126, 21.279847411371605], [92.58547915290323, 21.286111610391995], [92.58507940702346, 21.292447625471173], [92.57503731178161, 21.322685784532908], [92.57304524945701, 21.33367165563808], [92.56936816209326, 21.341126037452657], [92.5689845027407, 21.344098651195637], [92.56625495191028, 21.350334020347578], [92.56580427343103, 21.35696706660099], [92.56227816821956, 21.363175637114868], [92.56315767125379, 21.370752733909043], [92.56228222986996, 21.373895370451507], [92.55958762840027, 21.38065634983763], [92.55787065934649, 21.383051718067442], [92.55714530439892, 21.383677575297394], [92.5422700998714, 21.38079902579499], [92.53660731199865, 21.378314126963932], [92.5316525017633, 21.373967718225057], [92.52461780181986, 21.37113402079866], [92.51754163755749, 21.375723187316304], [92.50870013095445, 21.378039526657528], [92.50753849273089, 21.377576674416993], [92.50666987880157, 21.377126363473703], [92.50664125047689, 21.375410453540184], [92.50861412264686, 21.369035619907123], [92.50853302814366, 21.363887537546805], [92.50927348959813, 21.363044114808577], [92.50863934048908, 21.36061579210939], [92.49753529722128, 21.351851762839086], [92.494268636989, 21.354628775458412], [92.48443407270322, 21.35713289013083], [92.48237484679609, 21.357048801772955], [92.47583762579113, 21.353827171014256], [92.47316045627564, 21.355505414251702], [92.47082148414756, 21.362300961216047], [92.46162676491713, 21.36580649607391], [92.45809424765247, 21.369284000503214], [92.45192655551998, 21.3674583722605], [92.45041645012058, 21.36649625141564], [92.44965636769052, 21.364734805450553], [92.44460868973721, 21.366090567943402], [92.43959017915509, 21.36550447321039], [92.43825008859808, 21.36792742586366], [92.4375479155485, 21.372456770427334], [92.43059985675336, 21.37320882265316], [92.42997734442758, 21.37385694572544], [92.42828791087825, 21.381484075847673], [92.42785217376138, 21.394689509007087], [92.43207902307736, 21.407348475147487], [92.43142284877953, 21.411613597955043], [92.4289544460303, 21.417846301855587], [92.4267038112379, 21.431793019291895], [92.42348970642219, 21.436551735780935], [92.41842132901073, 21.44076498526117], [92.41636636753286, 21.44218433895521], [92.4140647666183, 21.441366268280987], [92.41259069349447, 21.44167816031017], [92.4039510389568, 21.453144224487403], [92.40335749605745, 21.457570080665306], [92.3972199133917, 21.462284604469545], [92.39125747222184, 21.47066094918952], [92.38428099573164, 21.47771411762211], [92.38044778547052, 21.481065360265234], [92.37925285252683, 21.481294572914805], [92.37339720579132, 21.47762526706764], [92.3672947455271, 21.479778741902717], [92.36146068466283, 21.472343367163344], [92.3526956516033, 21.46488664926109], [92.35222988947399, 21.4628008788114], [92.34337620580246, 21.467112414377837], [92.34153315152517, 21.460399309534445], [92.34050310497196, 21.45011005396706], [92.3361118294713, 21.447219581949057], [92.3374689482563, 21.436450795656587], [92.33441735541655, 21.43453563781414], [92.32663985039645, 21.4316497305075], [92.32670446614813, 21.42815968519884], [92.33052015778519, 21.41933338606949], [92.3284606715503, 21.419293464246664], [92.32415703653413, 21.417561685666303], [92.31996655230864, 21.41856085841884], [92.31743925190919, 21.42084313873744], [92.31264649267766, 21.417288441225097], [92.30643186241304, 21.4191992971354], [92.30278078477468, 21.423706622286293], [92.29764869007667, 21.41921336519465], [92.29544707588767, 21.42222793589003], [92.29195901548387, 21.430716981404036], [92.28343467583292, 21.429672000490324], [92.27783528096923, 21.427982924681594], [92.2724309339484, 21.42825615639334], [92.2687350735314, 21.42718289201135], [92.26959720468587, 21.4220097102459], [92.26878765026584, 21.41455370165581], [92.26426754832261, 21.40964100300437], [92.26410186439034, 21.40655496524499], [92.2656274376768, 21.4035580970735], [92.26808686689246, 21.40195444693344], [92.26908980817217, 21.399971476104835], [92.26365670989549, 21.397178750407914], [92.26247935941322, 21.395155826788987], [92.25709166931311, 21.392122106783024], [92.25510255671217, 21.390048247058985], [92.25428087055866, 21.38774674197514], [92.25388658236696, 21.385178459439164], [92.25679610482086, 21.377728431243654], [92.25293888003142, 21.373580426808342], [92.25352415401031, 21.370327080366142], [92.25746552644894, 21.36625484820151], [92.2588409954996, 21.36350106110307], [92.25498084391376, 21.361499463750317], [92.2544179795073, 21.358105485031004], [92.25249168231389, 21.35620340802195], [92.25039561035967, 21.35572583093323], [92.24664913378012, 21.356891238202852], [92.24429918619569, 21.356279553490193], [92.24347092430568, 21.355062518480356], [92.2333649146919, 21.35382213056824], [92.23148304558727, 21.35272458114143], [92.23115722882011, 21.349071659030233], [92.22946146067056, 21.348761755857687], [92.22764178642167, 21.349580569329646], [92.22579873899882, 21.348494285648417], [92.22524734308571, 21.349002774044695], [92.22631363064885, 21.351591334889925], [92.22431686521958, 21.351817311982607], [92.22250253424986, 21.348640945964664], [92.21544394891077, 21.34609934031801], [92.21307135674414, 21.340309439068545], [92.20714644124928, 21.33668042734444], [92.20599350215531, 21.333704821425798], [92.2022018573411, 21.33329034211901], [92.19734545931524, 21.328323977634106], [92.1980589500739, 21.325997496804522], [92.19802333645988, 21.319845419500933], [92.19928790729584, 21.31626468392684], [92.1983933085214, 21.309377977985505], [92.20527623012342, 21.29601512994896], [92.20945839288058, 21.289784314937105], [92.20905124982806, 21.287040746459102], [92.21536919437924, 21.281831271462032], [92.21746433178431, 21.27814638391547], [92.2162909328327, 21.267951001395375], [92.2187556206906, 21.263063873533866], [92.21899574708111, 21.25903936550197], [92.21986704207228, 21.2573979035326], [92.21621410792406, 21.255097235431325], [92.21333283951006, 21.251487941037567], [92.21196783357067, 21.248051438801458], [92.21419391333662, 21.24513247672452], [92.2189630893135, 21.234791471486187], [92.22066751494943, 21.23347853567225], [92.21689044909485, 21.22722244728749], [92.21058667494738, 21.223825619767606], [92.21112066270814, 21.220841392603113], [92.20940249417714, 21.21908658895157], [92.209397158936, 21.21703053317145], [92.20858844128138, 21.217371577712147], [92.20736765604474, 21.216434833890435], [92.20748051965086, 21.215079631838968], [92.20620153861368, 21.21346550516194], [92.206769996417, 21.21129696496928], [92.20619971494776, 21.20953641811369], [92.20414032704292, 21.207366084997798], [92.20247569639689, 21.20327977197873], [92.20034035260177, 21.200685089775146], [92.19632641918004, 21.20136609479046], [92.18569079149376, 21.193789138742275], [92.18053244481587, 21.185009460242505], [92.17482706717966, 21.182683374860417], [92.17340280131397, 21.17989598342302], [92.17409222301592, 21.175683340461354], [92.17341442294216, 21.16982127162647], [92.17672677668794, 21.159647942926036], [92.17742608483178, 21.15941063500792], [92.18177123572679, 21.158857955290106], [92.19277795860418, 21.163392341431425], [92.19974492836359, 21.1614271713699], [92.20337830676493, 21.150312927312637], [92.19812053929527, 21.138168289450515], [92.20134560146698, 21.123985607667567], [92.20747828003844, 21.118902851358484], [92.21795732755456, 21.12282406231904], [92.22389679153183, 21.120358742815565], [92.23405639957939, 21.096972465641034], [92.25881658917962, 21.07909556700433], [92.26350625837846, 21.067365843329572], [92.2645823703555, 21.06218979276266], [92.26180110783076, 21.055802605050506], [92.25724534184045, 21.050016887435458], [92.25670069499282, 21.048107138548072], [92.25353188525092, 21.03637804477851], [92.25400672010885, 21.023584646479193], [92.2636311307723, 21.011671253415493], [92.2715372958105, 20.980714383057858], [92.27086002119243, 20.940368152375694], [92.28408897924623, 20.91911825628449], [92.31056734729655, 20.8915147251949], [92.3158247836907, 20.884703587526005], [92.33340869415137, 20.83163938205836], [92.34650978681019, 20.77855980599072], [92.36043835537262, 20.75360810943327], [92.36180287330035, 20.74998349700023], [92.35555132972519, 20.737499541287313], [92.35527515383147, 20.73419233966018], [92.34863463730592, 20.734283174812557], [92.34175782370639, 20.737772640426616], [92.33930331636944, 20.7378060568645], [92.32246559918146, 20.750938742943287], [92.3139416684379, 20.760154691810268], [92.30547590313685, 20.773308752286507], [92.29107111351885, 20.809294450693766], [92.2782235559366, 20.833984064349703], [92.27566824693461, 20.837006569910827], [92.27273860431171, 20.843973294995205], [92.24851838930036, 20.88171652747914], [92.23475844752805, 20.89928434504373], [92.22478025010923, 20.913745709378645], [92.21872882613248, 20.924963255675205], [92.21189898603242, 20.942303402020052], [92.20471108842845, 20.955029623991845], [92.2012873469138, 20.963156384485465], [92.19745310602528, 20.977876605168472], [92.19132002726843, 20.993713178049184], [92.18839411448606, 21.006316283118792], [92.18077101513119, 21.01931887918495], [92.16741184249223, 21.035926640334285], [92.12447671406855, 21.084489699107717], [92.12317622661678, 21.08464172868731], [92.12262804951627, 21.086822232794628], [92.11935952788842, 21.09107408642416], [92.08994070819246, 21.12478934546264], [92.08004942321595, 21.137069538992076], [92.07921303239118, 21.13938895735123], [92.0740655864703, 21.1440709670406], [92.0569676879015, 21.16424930417921], [92.05426698321185, 21.167949926400492], [92.0537313113853, 21.17108094489963], [92.0504547297663, 21.1750602957633], [92.04787419428314, 21.182223412076823], [92.04616072179222, 21.184010333577014], [92.04709509618456, 21.18875366610173], [92.04747726638637, 21.206001724383533], [92.04709144087528, 21.209538161541403], [92.0454020031142, 21.213090681233332], [92.04665601572441, 21.225233988655162], [92.0443752850511, 21.23843869069834], [92.04640509031115, 21.249010158982124], [92.04713439068564, 21.25986887481041], [92.04732652011054, 21.268492967085212], [92.04597122445006, 21.27530169270639], [92.04681207701931, 21.283713842825808], [92.04221565531277, 21.297218429463122], [92.03746284505364, 21.30467960763584], [92.03445848589503, 21.30756896661858], [92.03464980007624, 21.31096264509486], [92.03271430652103, 21.31777832028336], [92.03242909698815, 21.32864961737541], [92.02709569225377, 21.34148351515885], [92.02658155133042, 21.34624433463625], [92.01494629185967, 21.370225513999625], [92.00054250380113, 21.388193873115164], [91.99515168206723, 21.397088383057866], [91.97868073658505, 21.41813627233708], [91.95542851449827, 21.442386728280866], [91.94893522144248, 21.456047332219747], [91.9478306429173, 21.460271632746636], [91.94802228490704, 21.463801505415997], [91.9505237417409, 21.466353332470106], [91.95794210229722, 21.467625273898467], [91.96983789523833, 21.478081742532623], [91.97097359778971, 21.47616642882268], [91.97034361288857, 21.472506040229206], [91.97119231715624, 21.470865893729346], [91.97129740668736, 21.46787587482088], [91.97065102675751, 21.46299306894756], [91.96870981327439, 21.458940291876466], [91.96906116010469, 21.452687079121397], [91.9699024856676, 21.450503741496746], [91.97509732635854, 21.469868700172373], [91.97289134519254, 21.478453259401448], [91.984542827598, 21.486805750307298], [91.9888249347904, 21.492188767414472], [92.00119405715205, 21.515677959096763], [91.99644303878586, 21.566337424696552], [91.99418760965848, 21.576620623362825], [91.99510908948675, 21.580277602903347], [92.00225292840406, 21.59282538480602], [92.00417282557109, 21.59511138728311], [92.00796722864567, 21.596424240397777], [92.01029012605201, 21.606856027907057], [92.01004302733843, 21.609983445157205], [92.00759957889306, 21.61714488458561], [91.99976212636352, 21.628242753108967], [91.99600996763661, 21.640649598000866], [91.99683013518843, 21.647431886119456], [91.99834049182081, 21.65162497362005], [92.00064052388012, 21.655061214211585], [92.00356666964873, 21.656520267035123], [92.01274294145381, 21.6580393490259], [92.004340418289, 21.659906842286198], [91.99722096969275, 21.659992653838373], [91.98498612548654, 21.657966038411164], [91.98001082844179, 21.655444270228802], [91.97499805291565, 21.66080210182248], [91.96377667131182, 21.669221828026814], [91.96265121961474, 21.671952090735886], [91.96473869017817, 21.6758669130749], [91.96707121973212, 21.676382548362522], [91.97132440800792, 21.679184746915897], [91.96637619833142, 21.678700202130713], [91.96182901280349, 21.67562956681945], [91.95789409146671, 21.685592765526923], [91.95558893437911, 21.68711432930021], [91.95973060574221, 21.670899774565505], [91.96327455662706, 21.664337149657204], [91.97976773451956, 21.648247452441755], [91.98615856759386, 21.63743946153533], [91.98895774002956, 21.629662717702786], [91.98914640220221, 21.62218897544625], [91.98651335413791, 21.610266174283538], [91.98113947045435, 21.556942915317507], [91.9809036836314, 21.550289209459933], [91.98182607168658, 21.54335023489095], [91.98128175510384, 21.535341563727734], [91.97900297693235, 21.527897028807924], [91.97723890017336, 21.51019002341656], [91.97573586126589, 21.506403993318862], [91.97234776801008, 21.50277625356813], [91.96993013945237, 21.50110664172646], [91.9645511799979, 21.499800367018324], [91.96025373267376, 21.50155354473004], [91.95797734180002, 21.501367171293623], [91.95609814158945, 21.49691983947472], [91.95146543458655, 21.490589184441994], [91.94848676741346, 21.48892126829733], [91.9457757162491, 21.490229953529866], [91.94558799122717, 21.493211632869652], [91.94312053657839, 21.495794531049967], [91.93901639634583, 21.49499074209404], [91.93557522802061, 21.492689556178618], [91.93289992415124, 21.496764335436186], [91.93108332946812, 21.496998151876884], [91.932621970509, 21.4929365536268], [91.93080542216029, 21.49317036361293], [91.92607260134201, 21.49641760692113], [91.9219657057409, 21.495400622441124], [91.92353816940276, 21.493892900988016], [91.92262318618042, 21.49347754766508], [91.9171879717307, 21.495242730015146], [91.91134856553505, 21.500843401332975], [91.9072804707922, 21.50280543428757], [91.90593571040942, 21.50431070065903], [91.90670106444921, 21.510686928345763], [91.90448216548589, 21.514968904479964], [91.9020197364953, 21.517976526020938], [91.90020834082745, 21.51863585672395], [91.90485095745379, 21.508366923485895], [91.90184529454633, 21.504570147678187], [91.9119360674365, 21.493600219792647], [91.91124290560651, 21.492756937083918], [91.90143257926385, 21.49031495871791], [91.90529248636918, 21.48984537094107], [91.91463699413833, 21.491440963582193], [91.92027092625935, 21.48754555484848], [91.92301635003159, 21.488790794355634], [91.92573881408897, 21.48833382901771], [91.92753569524591, 21.48661040437409], [91.92756372357792, 21.488738388421286], [91.92982868600566, 21.488073832941307], [91.93119892515759, 21.488483603576597], [91.9316676465472, 21.489542477411966], [91.93393821786607, 21.48930312328798], [91.9334554261964, 21.487180409768886], [91.92867236921347, 21.486597286741866], [91.92842260300985, 21.484897467706826], [91.9252169549028, 21.483231730308855], [91.92382780420229, 21.48133222071595], [91.91995147225654, 21.480525588477256], [91.91510741918997, 21.475260227461085], [91.91486340718718, 21.473986199214007], [91.91645184083997, 21.47375519128238], [91.91873396927119, 21.474367421884594], [91.91829606194904, 21.475649552210147], [91.91943823499336, 21.47606204675267], [91.92033076799696, 21.474774691591264], [91.92049948605745, 21.47030331498105], [91.91772439679161, 21.466716941633774], [91.89824745572267, 21.472685799002583], [91.89057788589136, 21.477455016091657], [91.88948245327927, 21.48066006097555], [91.85953502938628, 21.503982408002415], [91.8447361581594, 21.52074795773235], [91.83906068832913, 21.521662125248703], [91.83675189514662, 21.518920461895558], [91.83496211698824, 21.52128134474673], [91.83772305232033, 21.523805242752253], [91.8373312929703, 21.529445910676554], [91.83969617983628, 21.531165504796718], [91.8449394547492, 21.533403897869302], [91.84874088925193, 21.53077846631581], [91.84966261881118, 21.53091190787903], [91.85030336744427, 21.53305744105602], [91.8466478670959, 21.535106935941023], [91.84651642483703, 21.536830617803954], [91.84791300100828, 21.538106958529596], [91.85252005053025, 21.53848625698686], [91.85269330981166, 21.540062894057627], [91.85163407606987, 21.54122280765693], [91.85105332001774, 21.543812589016515], [91.85199758848746, 21.54566770084964], [91.85415924964909, 21.54679181911629], [91.86136970503182, 21.54685484224354], [91.86669608198606, 21.54349452223569], [91.87296057740545, 21.54155868300615], [91.87451064002096, 21.542832776651316], [91.87453460462103, 21.544698370378107], [91.87638993434697, 21.545825352339016], [91.88097999225754, 21.544912808191835], [91.88133701033912, 21.548783587386783], [91.87694253907881, 21.552994974012524], [91.87251280566142, 21.5544796900708], [91.86490590530228, 21.559444579568638], [91.86242039008411, 21.557032721576647], [91.85997704519112, 21.557920835344685], [91.8539013926155, 21.562724495654745], [91.85423770118405, 21.565017040839724], [91.85594661859874, 21.566720225339292], [91.85754956112581, 21.572084060816582], [91.8594179616632, 21.574215833490257], [91.86540429451708, 21.574435920635654], [91.86649120311824, 21.57542822062743], [91.86377717792938, 21.57919006575368], [91.86473840188324, 21.5823363973286], [91.86740161648436, 21.58661205258014], [91.86512029521654, 21.588216175539937], [91.86422575460732, 21.590235434849564], [91.86865626740733, 21.600662041254143], [91.86832663947492, 21.610854991252854], [91.87122973331392, 21.621800985571976], [91.87389764606118, 21.6263631595575], [91.88239423452119, 21.63057260953684], [91.88954689873215, 21.63766689365993], [91.89241204364068, 21.645527157008843], [91.89183550273543, 21.64840401384009], [91.89015257810254, 21.648853578710842], [91.8818844552083, 21.63861495411638], [91.8808173824377, 21.639201098772926], [91.880379085285, 21.64092796093517], [91.88180676372988, 21.644499531302447], [91.87643335960068, 21.644416947445006], [91.87365980056926, 21.64358716359342], [91.87183462469295, 21.644899241516352], [91.87246893320996, 21.646470905059306], [91.86992078038593, 21.651235491419868], [91.86231727307779, 21.656845954660348], [91.86206154054167, 21.660867272470558], [91.85751917594831, 21.665797433298767], [91.85515663750894, 21.673142765510306], [91.8554771809864, 21.686198724945566], [91.86026806669997, 21.70056802285702], [91.87064110177744, 21.718963980955802], [91.87687432227284, 21.737693111579798], [91.88094848254856, 21.743889498570862], [91.88661432692969, 21.766068546309064], [91.89074024037419, 21.776067020328544], [91.90524953248259, 21.804386236723822], [91.91001872884576, 21.816385765945995], [91.91620465373079, 21.842360098101338], [91.9171107985156, 21.852681989550632], [91.91722763452766, 21.86143429621094], [91.9149794203665, 21.888798083678424], [91.90788113285896, 21.909975423302747], [91.90562615492044, 21.925428331347202], [91.90353266104033, 21.929901234791366], [91.89869332478034, 21.936127977904047], [91.89815050258613, 21.941587328992668], [91.89557598001278, 21.944630612832977], [91.88886354926146, 21.948869574426983], [91.88676354559982, 21.952911708279505], [91.88454984734143, 21.96004066202097], [91.88284583230507, 21.970823041159665], [91.86818517450753, 22.002633452740156], [91.87273959176943, 22.009613339481366], [91.876481743541, 22.013301790996692], [91.87792702746323, 22.01787725897097], [91.87776134551898, 22.04033745401985], [91.87560578339863, 22.051985985662665], [91.86941873588928, 22.07315194316028], [91.86477120778665, 22.082676342223312], [91.86300186798398, 22.088651941886667], [91.86159428399293, 22.098713066853687], [91.86369381009222, 22.10615131788604], [91.86439085127405, 22.112314103820324], [91.86397212223781, 22.115619446036078], [91.85930926503417, 22.12413921873106], [91.85022761051306, 22.136006231867395], [91.84919911600048, 22.138159101757754], [91.84885452244998, 22.144387105220748], [91.84989596526357, 22.1479507494124], [91.85405261210948, 22.150552183196343], [91.8574622650986, 22.150381021218152], [91.85815029384138, 22.14865164406538], [91.85531941583355, 22.138751704949428], [91.85580954803193, 22.1327867686472], [91.85733825998895, 22.1301210217367], [91.86015489239955, 22.128102395019095], [91.86864674166208, 22.125356762120635], [91.88739254764201, 22.12421427323767], [91.89815549418677, 22.121308513146282], [91.90242600346728, 22.121788518654157], [91.90544225040546, 22.12413692517789], [91.9060816387574, 22.129426345960507], [91.90457052060013, 22.133284365399625], [91.90177226571694, 22.13662766554791], [91.89501117423036, 22.14120880176717], [91.88254957612139, 22.144796135163286], [91.87959298150311, 22.1469491189985], [91.87820516218463, 22.149481355801054], [91.88081101266704, 22.153026728124065], [91.8858178050487, 22.155352497875697], [91.90683616583662, 22.153783893864748], [91.91001345311213, 22.15745470591623], [91.91032440805489, 22.159437278629163], [91.90925873890473, 22.164746903781158], [91.90972818236315, 22.167919404191355], [91.91482202036698, 22.176599744965525], [91.9174778145925, 22.183719469580105], [91.91934213062517, 22.184889289559834], [91.92131945637203, 22.18393891276959], [91.92242978923281, 22.181939610739615], [91.92236674168012, 22.17730532049988], [91.92500298812189, 22.172507085802934], [91.92638008506414, 22.179641747541762], [91.92570542401968, 22.182297988683292], [91.92318200207389, 22.18497635065932], [91.92049929648377, 22.186332422615735], [91.91708357089091, 22.18610766878259], [91.91534847962602, 22.184009237741748], [91.91299369757445, 22.17807800278719], [91.90937496288485, 22.17335303631533], [91.90642494065526, 22.165442146903963], [91.90529929295221, 22.15578836289684], [91.90288324759908, 22.15581657882128], [91.89963196665062, 22.15717864280848], [91.88474769006923, 22.160397067834342], [91.87523414991463, 22.161301506714043], [91.87613124342346, 22.15387536378643], [91.8752817420415, 22.154149855965994], [91.8749853233702, 22.153226180586255], [91.87611017555031, 22.152286440513564], [91.87534514745629, 22.14818982284687], [91.8760294349157, 22.14619570600695], [91.88165790647031, 22.14189309845342], [91.8907206360586, 22.139272351318468], [91.89593138664215, 22.135636207225712], [91.90309549867997, 22.129328837283374], [91.90406043751325, 22.127066354373643], [91.9033285994805, 22.12548573825121], [91.90160695684804, 22.124314010889584], [91.8994737405257, 22.12420649028934], [91.8939422350953, 22.125065205445033], [91.87499937272158, 22.13283239986467], [91.85993626371905, 22.13313714938691], [91.85997104200277, 22.135785385384427], [91.8633500931366, 22.144089794465177], [91.8635563499469, 22.14898732384873], [91.86118041285157, 22.15206016506079], [91.85708094580042, 22.153828442474882], [91.85281298884385, 22.15361227295402], [91.84852834186309, 22.152071719181826], [91.8457912714564, 22.1493217191234], [91.84418623749849, 22.146161502510203], [91.84356453381866, 22.142063339304347], [91.84544004250107, 22.135346432233266], [91.84906461252643, 22.129852321491], [91.85550300087529, 22.11571590913492], [91.85363069945677, 22.11387169387335], [91.84469763728758, 22.113829204969843], [91.83801873617462, 22.121366773245338], [91.83485176216811, 22.126568773486483], [91.83113344063432, 22.13679935176613], [91.82881001174282, 22.147731639963325], [91.82547949185405, 22.15225347883369], [91.82458704100705, 22.15470328667241], [91.81670116343575, 22.188407266987515], [91.81357997724669, 22.197339423462687], [91.81229219234086, 22.211094355175693], [91.81290722063369, 22.216971281840387], [91.81393497678437, 22.218968967378622], [91.81611390340137, 22.22063065197734], [91.81652898109456, 22.222922175442633], [91.81536628133863, 22.22838824938828], [91.8188743083841, 22.231506263705953], [91.82283295050061, 22.2336861188777], [91.82378306788414, 22.23561291003588], [91.82469730136212, 22.234813280948224], [91.8263325769528, 22.236086361200286], [91.82612518482124, 22.237954450014414], [91.82976311351331, 22.239133299869835], [91.83152914747957, 22.238611061211827], [91.83162479001169, 22.24004507098702], [91.83523662061535, 22.24517035745212], [91.83685152807094, 22.244865097562844], [91.8411586284639, 22.261540615076964], [91.84060256300444, 22.26520305076191], [91.83629896443911, 22.271157748243592], [91.83164909010873, 22.27374148530807], [91.81113080126893, 22.276080976981522], [91.80318457184612, 22.28088027180903], [91.80034987966965, 22.283724359563312], [91.79918088729458, 22.286831038755523], [91.79877467230244, 22.2904917259163], [91.79942910174287, 22.294421744835752], [91.80205938844881, 22.299173944385092], [91.80650449320919, 22.30404614918417], [91.82662807436493, 22.31753148136532], [91.82951904097308, 22.319045715539016], [91.84555230780762, 22.319988882421566], [91.85390045797904, 22.322705889524336], [91.86132402990857, 22.324027079640313], [91.87121239256953, 22.32883500225404], [91.874145356644, 22.333441519744163], [91.88376763701301, 22.34085282040525], [91.88583089313674, 22.34814116153498], [91.8858615362694, 22.36164003383236], [91.88846368554509, 22.386428566669053], [91.89348028247673, 22.399587676106897], [91.90678310955175, 22.410329245315847], [91.91318980450932, 22.414331093248613], [91.92337697393201, 22.418287976271184], [91.94067360117157, 22.422299730201395], [91.94642364807419, 22.42251160853805], [91.95578068449277, 22.421062920682772], [91.9611375680947, 22.414811033867238], [91.96714002075957, 22.41150377941951], [91.9890604307256, 22.41095434099844], [92.0037690100084, 22.413725194981676], [92.01320362468822, 22.417755853553206], [92.01595752493135, 22.41997142717111], [92.02642517371672, 22.432635816935814], [92.02698007650585, 22.439657086287607], [92.02479865059982, 22.44559212484884], [92.02251572203274, 22.439434002022413], [92.02164081763874, 22.431219373189165], [92.02001023667017, 22.42828693017524], [92.01036842243295, 22.42042769387091], [92.00167680825709, 22.415473644650902], [91.99319067736683, 22.414242941617907], [91.98579098424273, 22.415002025743064], [91.98028960994527, 22.416334926541065], [91.9699978542274, 22.421100943272915], [91.9586022924158, 22.422750991618518], [91.95168385536171, 22.425506613323027], [91.94290912177397, 22.425331066202986], [91.93813091362891, 22.424333894234078], [91.93170668074299, 22.424586674880715], [91.915336041208, 22.421969208512532], [91.91274913773842, 22.420804727975913], [91.8954802497822, 22.40768503282457], [91.89127758034627, 22.407976408503444], [91.89092954775151, 22.40473142389247], [91.8870234170029, 22.396724546564734], [91.88021453932575, 22.38747996562282], [91.87620006178352, 22.37135114589272], [91.86942108716588, 22.352781632215496], [91.86525936653715, 22.336795156448325], [91.85682816434954, 22.33081707597359], [91.85225269286784, 22.32931557002344], [91.83414641743846, 22.326554860618003], [91.82742557304154, 22.323522723383377], [91.8204157711481, 22.321623537786945], [91.8020204817021, 22.30805474382102], [91.79551591452282, 22.298096165512987], [91.79425484137798, 22.29443699705231], [91.79388969108717, 22.289637611116703], [91.79525106900913, 22.28330021130342], [91.79733711889263, 22.280239849303157], [91.80469483365275, 22.27394200419987], [91.81064222581257, 22.271865762134397], [91.8223921026899, 22.269603301711477], [91.8290312942316, 22.26611128804427], [91.83323319848503, 22.26239083480918], [91.83365675860196, 22.260039686547145], [91.83308475548714, 22.25616139802446], [91.83105640031309, 22.251636306442308], [91.82777925272548, 22.24810142807309], [91.82298784253314, 22.243549125744394], [91.80974679976006, 22.23428498374242], [91.80103615742686, 22.22597088128188], [91.79296696587548, 22.234170600009357], [91.79002462663308, 22.23960987548614], [91.78387588914184, 22.246686803173027], [91.77545614589158, 22.261398001517513], [91.77010633290652, 22.263659159638344], [91.76402337771613, 22.276141600151295], [91.76825713063309, 22.28771081434106], [91.76743939753949, 22.291124205822616], [91.76854236433437, 22.29331495525488], [91.76861042115908, 22.29872136136541], [91.76287088753125, 22.32151368137844], [91.75667074478092, 22.34200760058304], [91.75103318136607, 22.373209339586126], [91.7451942598976, 22.388492243333186], [91.7397148607536, 22.41538633898305], [91.73678952296008, 22.422627237519105], [91.73148706077697, 22.429292743065638], [91.72922065096674, 22.437627985508474], [91.72949823422002, 22.44263139412363], [91.72653221609175, 22.446668481763105], [91.72374691392356, 22.447899687048917], [91.72463570561314, 22.450093238155983], [91.72444740576498, 22.452298014956224], [91.7223253296124, 22.454924205292354], [91.72300168010074, 22.45732012771912], [91.72110247938883, 22.46054449960932], [91.7211445251574, 22.46394852849653], [91.71357568990729, 22.479248964036586], [91.71040273201567, 22.484088957705367], [91.71022957120464, 22.487495277480324], [91.69876122034492, 22.501334455256877], [91.6962286800184, 22.50576697481352], [91.69456830074006, 22.51099124233788], [91.69244237691943, 22.51341675652862], [91.68645659322166, 22.517484924518833], [91.68050678114575, 22.524556252736122], [91.67602137656324, 22.528007532225697], [91.67136888183252, 22.535465524907167], [91.66219119674346, 22.543170610093316], [91.65135241329102, 22.55629950841595], [91.64687239025909, 22.56035086009986], [91.60770134170711, 22.603704578552936], [91.59053919072375, 22.630611207398704], [91.57179396975344, 22.651623773695068], [91.56477887738387, 22.660904833667356], [91.55066710030889, 22.672457336821722], [91.52859568417921, 22.686588334990216], [91.52735619586934, 22.691607045856216], [91.51808731390454, 22.6926966184068], [91.50219155925288, 22.699655632965715], [91.49253768440269, 22.705153410044993], [91.48566135050707, 22.708021194540112], [91.4698176476748, 22.72018398982358], [91.46133397534491, 22.734481079717067], [91.45967513065264, 22.740905091812497], [91.4601735868795, 22.74720918663546], [91.46389978604287, 22.75238213392367], [91.4667984402598, 22.760967242466407], [91.46594552369734, 22.761976463194994], [91.46377978183861, 22.761395445840677], [91.46244567734514, 22.757802899753838], [91.45827301473282, 22.751231830600055], [91.45533091574794, 22.758869296173895], [91.44872842341871, 22.767541087120108], [91.45058484359275, 22.77974073875541], [91.45019501429636, 22.78374984074349], [91.44677800994356, 22.787385644701303], [91.43859427824341, 22.789662555214324], [91.42172717082528, 22.80863964984516], [91.42154012955764, 22.81144511138335], [91.42416795685598, 22.814826334912514], [91.42484286181465, 22.817423981345136], [91.42270341583277, 22.81944560228681], [91.42011144102669, 22.819468724370523], [91.41770597921385, 22.816686350944465], [91.41418019855789, 22.810008489114647], [91.40973072735066, 22.797430779789835], [91.42386106383974, 22.785288754891425], [91.42808048103768, 22.77563785670424], [91.43096599000066, 22.76239401840265], [91.42437569903437, 22.751637940163366], [91.41854411471573, 22.751489732073743], [91.40745401921913, 22.76500634442375], [91.40663900332854, 22.769820157489512], [91.39142057992308, 22.781168872752872], [91.38560590800924, 22.78282178766395], [91.38150050279408, 22.782656995348955], [91.37346971558871, 22.778720963806837], [91.36762433643662, 22.77736896517974], [91.35731757786282, 22.783465474696868], [91.3343101495563, 22.79407402372739], [91.33148821717768, 22.792695671941882], [91.33230598281386, 22.78788212120299], [91.33508237447569, 22.784654522019604], [91.34196793107257, 22.781992996680728], [91.34606743059811, 22.781557950627057], [91.36539293822517, 22.77017832907728], [91.38933503664065, 22.767167602496258], [91.392087306309, 22.76173635173832], [91.38723180360367, 22.75136427109054], [91.37401580426956, 22.74697214204226], [91.36367776608202, 22.749664480799975], [91.34621582469796, 22.75261648893631], [91.33433769573364, 22.75251577320811], [91.32156956937273, 22.749617644287706], [91.31159853286853, 22.745694377303977], [91.29784262228875, 22.752415996627956], [91.29439132877253, 22.75284452460568], [91.29113724547283, 22.75126850455264], [91.28790576420332, 22.752095917085086], [91.27926898601531, 22.752165329944546], [91.27600019660522, 22.748986744133365], [91.27705193243628, 22.745974287764387], [91.28226578686892, 22.749337371437534], [91.29086475030257, 22.745262346173373], [91.29496150494353, 22.744628269185302], [91.2995054506316, 22.745592809610876], [91.30162864387948, 22.741770171994652], [91.29724416122272, 22.734796034843313], [91.28831649107299, 22.726756791685737], [91.28042301688805, 22.713801688635055], [91.26952459858546, 22.702472370998933], [91.26213231893608, 22.69672253841723], [91.25911420560918, 22.697146841067756], [91.2451816604429, 22.70807150490159], [91.2387314248345, 22.71092556057845], [91.23441574051668, 22.711159050052604], [91.23331842590319, 22.70916459396592], [91.22985899387915, 22.708590579859273], [91.22550414212385, 22.704418028301404], [91.22830538572067, 22.703795610541405], [91.2311256869558, 22.705376045021403], [91.23392451786488, 22.704553424768598], [91.23563382538352, 22.70253730948943], [91.23578990468474, 22.69592668460087], [91.24261969064925, 22.68726146066799], [91.24410306337933, 22.684245556036892], [91.24279231118969, 22.682453219510673], [91.23696468305887, 22.682498352185426], [91.23332461520161, 22.685730950399336], [91.23095031063131, 22.685749225660462], [91.23435178527257, 22.679914938776985], [91.2373498534175, 22.67728793603276], [91.24165905990567, 22.67645352188689], [91.24643025171211, 22.67902002746464], [91.25290675704673, 22.679169884116618], [91.25612585182004, 22.6771417450839], [91.26001035398752, 22.677111225278107], [91.26214471539106, 22.67449085328423], [91.26293267032133, 22.66627285879132], [91.26767257792864, 22.665434083252162], [91.27323360263816, 22.6599824572792], [91.2736297063971, 22.656173888937165], [91.27124548770148, 22.654990960372018], [91.27057012315177, 22.65199194437923], [91.27422566574253, 22.65056093844095], [91.27506645666662, 22.648150811947904], [91.27394695223293, 22.643753639919368], [91.27651171210239, 22.641129392639886], [91.27976297508621, 22.642705859104456], [91.28475561407643, 22.642722659794096], [91.28856654401739, 22.641628240602735], [91.28815427283699, 22.638439489105394], [91.28353021979528, 22.634220667039212], [91.2804838223655, 22.635309140138865], [91.27282676649907, 22.633596660867767], [91.26592389041953, 22.630814015803264], [91.26704735903252, 22.62832237819778], [91.27927579651157, 22.62858011280095], [91.2834874013989, 22.629610302084874], [91.28651384767639, 22.62639426603718], [91.28532541057176, 22.621793083885716], [91.28756425754845, 22.616100585325277], [91.2908172682402, 22.59621324513756], [91.29058940918245, 22.59231367727969], [91.2882932710565, 22.59180005280705], [91.28525277075858, 22.593420598560993], [91.27826662365393, 22.58141759215379], [91.26847676630355, 22.57582058578191], [91.24172246055653, 22.55217789454877], [91.23716601363846, 22.555050345555156], [91.22875308059136, 22.553696182225153], [91.22642111489215, 22.54910316079432], [91.22161115434184, 22.54488374448011], [91.21402296990053, 22.539488062106233], [91.19982532842826, 22.531348359949227], [91.19265935113582, 22.530426383159735], [91.19130562813474, 22.528397009771023], [91.1800080932451, 22.52431278762334], [91.16662910161587, 22.523090683429675], [91.15973060311782, 22.52735259455751], [91.15870904118492, 22.532810909153728], [91.15445637967548, 22.534576036012716], [91.15388372421074, 22.529872403966284], [91.15491987716938, 22.526148290267972], [91.15301763294342, 22.521949853443463], [91.15378085032738, 22.517484474531763], [91.1574939565028, 22.51498003513323], [91.15613761814694, 22.51226415196909], [91.15212762825196, 22.511053992526126], [91.15037114393814, 22.508279098420164], [91.14967084629143, 22.504195930199472], [91.14791092509981, 22.50098745412203], [91.13240007067299, 22.49552229138571], [91.12361742040522, 22.49756591189977], [91.12118774307497, 22.493866109729005], [91.11743629854769, 22.491538546956885], [91.11235648026798, 22.489839098088055], [91.0995603194889, 22.490174744753983], [91.09218843296537, 22.49387839395775], [91.09097076044469, 22.495487158363797], [91.09023915245095, 22.50369058881971], [91.09184635368287, 22.51036121286147], [91.0954054245719, 22.518102487310493], [91.09992714645104, 22.52457277191557], [91.10833432393243, 22.53065488712393], [91.1120378817548, 22.531893369012884], [91.11479530301972, 22.536388999493656], [91.10427985531061, 22.534113819856966], [91.09939156797535, 22.53053556606041], [91.0946533546857, 22.52561108490973], [91.08606357022919, 22.511287793210627], [91.08347366167561, 22.50993562484171], [91.08202363650598, 22.51302728435402], [91.07980725320394, 22.512357353889406], [91.08159356186226, 22.50515461329647], [91.07789273776308, 22.50312471379154], [91.07462633958787, 22.509652495027094], [91.07392636348305, 22.514451100359295], [91.07172582961965, 22.51583537612744], [91.06362826542482, 22.517258684209413], [91.05563323863728, 22.519965007124338], [91.05051588911813, 22.525648588315978], [91.03759882697254, 22.535747952891544], [91.02003231103858, 22.552981446634085], [91.0079806091337, 22.568637374460415], [91.00302574654769, 22.571750315142975], [91.00194664042527, 22.57552352177838], [90.9982745785667, 22.577601099637196], [90.99836936968546, 22.579366743383073], [90.99580613008197, 22.58044120425357], [90.98694573958484, 22.578954899413567], [90.94962390931181, 22.607515423824104], [90.92209182491922, 22.62685178886809], [90.91327945013342, 22.63289453262049], [90.90463824784139, 22.63705272319813], [90.89177913675007, 22.645171568656902], [90.89162579665576, 22.649966465315735], [90.88595498788493, 22.657359901474322], [90.88628732983852, 22.65170813128878], [90.88424457481136, 22.64949359564929], [90.86245313856014, 22.660313231208512], [90.8585966008706, 22.663073529748917], [90.85973083335453, 22.667518814505478], [90.8564514663858, 22.674213854574038], [90.8507682695134, 22.680065165241498], [90.85094265101908, 22.678352174477595], [90.85568379893974, 22.66942389593098], [90.85622569007641, 22.667537587906445], [90.85510854383139, 22.66583148972931], [90.85234343934735, 22.66618863853797], [90.83231651015225, 22.679819726670075], [90.82072092962555, 22.68450231773413], [90.81888683598388, 22.68639513053236], [90.80203851322666, 22.724061923827094], [90.79081500934936, 22.746118997681236], [90.77567958812459, 22.779066057800218], [90.77534679704439, 22.785573804759757], [90.777522411662, 22.79472310617447], [90.78108256811848, 22.803780052126438], [90.78321282994276, 22.8210620788658], [90.77944029229542, 22.839742385750878], [90.76717896607236, 22.86017662778232], [90.76240989746648, 22.866362932619783], [90.76132020293835, 22.869792252325944], [90.74975693832383, 22.883715214731154], [90.7468399775246, 22.890919837368834], [90.73804374447661, 22.896826776416862], [90.73580300391968, 22.899975032464898], [90.73178961405623, 22.909406034007546], [90.7230729630912, 22.926179158448917], [90.71766770800785, 22.92892320079693], [90.7123417448085, 22.9302044772202], [90.71881005679231, 22.9210891781721], [90.71861031930185, 22.91915700234672], [90.71765645170947, 22.91810726707974], [90.72292250076238, 22.90964930839085], [90.73168533625258, 22.8906481798901], [90.73352515066762, 22.88909899424873], [90.73295227788783, 22.885676962496632], [90.72867129074092, 22.87987536333244], [90.7259433679561, 22.888106277876336], [90.72410983709884, 22.890853929481597], [90.72078168284513, 22.899292426795753], [90.71795965819553, 22.903698111736443], [90.71794301102398, 22.900535471428757], [90.7201949092603, 22.895956789638067], [90.72041424188392, 22.89087071919273], [90.72188433105973, 22.88932334046571], [90.72389252191263, 22.884691514113737], [90.72442246022729, 22.880066403063232], [90.72457891195867, 22.874758166375337], [90.72143003838514, 22.87323120122537], [90.71922919584199, 22.876323159299034], [90.71704443672135, 22.88249644140578], [90.70862325658973, 22.895305909002012], [90.70337253651599, 22.90692606906481], [90.70016411704765, 22.909927379799594], [90.70259481606331, 22.903239479725585], [90.70183221541402, 22.902364378147894], [90.69975108644122, 22.90342760867347], [90.69825709437454, 22.90800268423711], [90.69373937460142, 22.914699648320575], [90.68941964855105, 22.92315200520822], [90.67454398273732, 22.945354951436542], [90.67079151890877, 22.95380496357588], [90.66401322618344, 22.964463758785442], [90.66580015589128, 22.967816580412443], [90.6545058513514, 22.975986625397432], [90.64820051624714, 22.98312780028921], [90.64706187357899, 22.986156284977483], [90.6453401760365, 22.987763858823435], [90.6416892208021, 22.98760084625226], [90.63136742928806, 22.999026854857924], [90.62638813590432, 23.002603975841524], [90.61217602089832, 23.00408282811816], [90.6083445028346, 23.006587912553606], [90.6010883021064, 23.01693258377661], [90.58750930620634, 23.0319254877648], [90.56681759192347, 23.04747642090414], [90.5603158280004, 23.05550463743135], [90.55170077258823, 23.064072935781116], [90.54613248403257, 23.0656933962114], [90.54192296282851, 23.07068852829705], [90.54061114203812, 23.076805624633984], [90.54109266568281, 23.077893031830182], [90.54032648449684, 23.0857386575066], [90.54045363373518, 23.088235877514535], [90.54174825823515, 23.09500683429166], [90.54264285879304, 23.10137209459104], [90.54035410953671, 23.101957499027076], [90.53534390924348, 23.098988565542594], [90.5292073056637, 23.100839588838213], [90.52556274926489, 23.101044282675204], [90.52222456142319, 23.099514086023504], [90.52044334408112, 23.096726476352675], [90.52009973608804, 23.08863505804077], [90.51831710396151, 23.085269301818773], [90.51515040852922, 23.07400855604355], [90.50909226568248, 23.068922198096192], [90.5056800696801, 23.07524338195272], [90.49029247088761, 23.08136104240241], [90.48737583159557, 23.081081006678822], [90.48548596237205, 23.076655489851245], [90.48120711710612, 23.073874504192066], [90.47057922091831, 23.071691123151478], [90.45931862739907, 23.066907297841905], [90.45567383512015, 23.066628785778715], [90.44517121462766, 23.070705036593203], [90.44132782134447, 23.07092132299657], [90.438777507215, 23.0632744574724], [90.44077125886108, 23.054971883003134], [90.45333061270334, 23.034486241137348], [90.45785922085292, 23.029532059345343], [90.45898845225203, 23.02745843113851], [90.45943566570315, 23.02322627994465], [90.45840413770463, 23.022813668745236], [90.45808466549708, 23.02156007250828], [90.4408937628864, 23.015181710523564], [90.42572410207073, 23.00850358156707], [90.41448048756166, 23.00584599853272], [90.40842098406785, 23.005744872958644], [90.4066553033366, 23.006333195263664], [90.40653080821806, 23.006917858018312], [90.40829965990753, 23.00738078171645], [90.4077953762527, 23.00761581830966], [90.39593655420197, 23.01010015510178], [90.39076902049328, 23.01291727644508], [90.38937957832184, 23.012686962173063], [90.38711004798608, 23.013744345762802], [90.38560226865604, 23.016085399305837], [90.37753719433942, 23.021363366103515], [90.37791727702063, 23.021829933819845], [90.38371736914632, 23.019244869055285], [90.3871260558966, 23.01935343819332], [90.37464467586238, 23.025518794897607], [90.371364344428, 23.026227738261696], [90.36972577273013, 23.027283392920708], [90.37098842873297, 23.02728043796708], [90.37035901633737, 23.02798312420856], [90.36543589099585, 23.02846204419842], [90.35823743121966, 23.027543553451494], [90.351916847636, 23.02475288269744], [90.34900617882266, 23.021955038492592], [90.34456509233871, 23.013083285895163], [90.34101914798134, 23.008767368318786], [90.33974671233773, 23.004796549207015], [90.33743483035448, 22.988675207038455], [90.33075349260173, 22.992077946469635], [90.32835618828614, 22.99255041099707], [90.32545000851894, 22.9913877114376], [90.32582534380606, 22.98998506949847], [90.33629109249524, 22.985580877391815], [90.33717120270227, 22.98417657229374], [90.33804748659864, 22.98148670458277], [90.33550602944334, 22.97436418196956], [90.33436720270848, 22.9731978902127], [90.32894222838723, 22.973910457623198], [90.32237791315985, 22.973222722356684], [90.31732518060358, 22.971479866992013], [90.31551744124283, 22.9536621972959], [90.31702092607196, 22.94898495485205], [90.32206418499618, 22.947338614963485], [90.3321566053321, 22.946616589002474], [90.34136970427022, 22.94729825749198], [90.35285040443199, 22.946688793766782], [90.35763951924514, 22.94434123724568], [90.3641882155598, 22.939652109320264], [90.37122811809718, 22.930169893040727], [90.37197846864666, 22.92771386474567], [90.37171719579584, 22.924442677121817], [90.3652709293305, 22.92013400028287], [90.35958850824841, 22.918043300669922], [90.35440270666186, 22.912796349958683], [90.3519881779315, 22.906023789640642], [90.35297260688316, 22.896438774826606], [90.35107592594164, 22.885923470150885], [90.34973669903303, 22.883593519115948], [90.34250087340763, 22.87706843993817], [90.33896659800871, 22.87499491376127], [90.33463654997996, 22.875598600655508], [90.33367784964554, 22.877236246966504], [90.3339420607744, 22.881876098620523], [90.33155069854104, 22.88299053102378], [90.33055451261811, 22.881765740071046], [90.33251978337637, 22.873328849454822], [90.33715018589413, 22.87224580749529], [90.34144361347683, 22.872395301692904], [90.3455841437684, 22.870387694351393], [90.34756353839106, 22.867930216458547], [90.34788968522912, 22.86608948760727], [90.34587656348049, 22.855207904109704], [90.34636452359746, 22.851833380095513], [90.34916621386299, 22.847534068193852], [90.34899034626375, 22.843547835998834], [90.35162767897083, 22.839862555995353], [90.35326468958908, 22.833112560983693], [90.35275245830786, 22.82698047125882], [90.35092015637565, 22.821924588541208], [90.34582176481746, 22.82027242660024], [90.34619208663406, 22.81425412765907], [90.34793695528026, 22.806817661172772], [90.35049314392023, 22.80309558572668], [90.35609251430498, 22.798326145719102], [90.36474194819624, 22.79503615618802], [90.36938960964073, 22.794430937227162], [90.3806036542876, 22.791059888078735], [90.3900516547746, 22.78717210474099], [90.39675009641508, 22.775114381695516], [90.40072543828944, 22.764104070731605], [90.4079131251998, 22.755538106567656], [90.41654642599462, 22.748231916341183], [90.42566796248803, 22.743599605921986], [90.4322202719764, 22.737635646316562], [90.43524795839, 22.73227586371695], [90.43524090233097, 22.730045992323994], [90.42529751763368, 22.727545599898406], [90.42128463786793, 22.72532661235732], [90.4124635162986, 22.722822451934462], [90.41054560716327, 22.724611249486713], [90.4107231484951, 22.730259639100154], [90.40945488335706, 22.73501994643317], [90.40562227938972, 22.73963799891669], [90.40034261550511, 22.742624505848426], [90.39810021557327, 22.743075861461193], [90.39473509434748, 22.743232982698828], [90.39056322418742, 22.74160786424943], [90.38573923568043, 22.735970732382157], [90.38510067337961, 22.73247314507529], [90.38508206512512, 22.730174690182366], [90.38746804745364, 22.723925540198252], [90.3879390118301, 22.72043091260383], [90.38645798907112, 22.706460821648307], [90.38212398994494, 22.703646794421957], [90.3802014298875, 22.703800147927836], [90.37907498890809, 22.702018949567503], [90.37618792616115, 22.700836421131783], [90.37231053406413, 22.68895290317829], [90.36828810356292, 22.68242123327252], [90.35672059683515, 22.669588747813577], [90.3440105223491, 22.647540854335716], [90.34160911985913, 22.64784325718358], [90.33587048876507, 22.658855978902295], [90.3323556793539, 22.66272863052052], [90.32723414127935, 22.664374284098926], [90.30785187909376, 22.664263923315747], [90.29504612348302, 22.668153347495274], [90.29055642138917, 22.665931619851904], [90.28894865783968, 22.663110056735597], [90.28749135890429, 22.65567983981253], [90.28362335798784, 22.644017026075275], [90.28041262143628, 22.640306103715563], [90.27241161420699, 22.64344164662106], [90.26055995593914, 22.64346134470378], [90.25366873928903, 22.640796686851544], [90.2453279617142, 22.633822551639632], [90.24340602344255, 22.633528209819826], [90.23732396087696, 22.635470003868225], [90.22772326889937, 22.640538362652446], [90.21267116910249, 22.64197113660615], [90.20610242845054, 22.640344586497324], [90.19632535179693, 22.634707584503072], [90.18463246707876, 22.63308634052525], [90.17630190614817, 22.630568486377584], [90.17469162524151, 22.623583386018304], [90.17500920449409, 22.621501575508102], [90.17852347325267, 22.614808106700618], [90.17883021718444, 22.604401557079296], [90.18281709059744, 22.592281177629875], [90.18713061187165, 22.585735368097065], [90.19016981330147, 22.583947881292183], [90.20057057118059, 22.58036739826718], [90.20248471135496, 22.575682034822936], [90.20136065853195, 22.57345375952115], [90.1991177526623, 22.57211840210362], [90.1952699435746, 22.56781195697592], [90.19045806834245, 22.56053354404179], [90.18772235496041, 22.549684434283485], [90.18467259467147, 22.542998308934997], [90.1806537995531, 22.529400232578606], [90.18016131777526, 22.519886574105325], [90.18079808872909, 22.517209819129874], [90.18239422171558, 22.514383480752226], [90.18479181798598, 22.512448034546168], [90.18847087117581, 22.511551945512437], [90.19823742285334, 22.516148691907073], [90.20623828652751, 22.516287423136955], [90.20831687523915, 22.515392640681537], [90.20975416948632, 22.51360684300638], [90.21006881748953, 22.50989007114223], [90.20670283293, 22.506029000480993], [90.19357182070623, 22.497943211103827], [90.18971977124771, 22.48887960369123], [90.18890897038145, 22.480852683470903], [90.1873086462755, 22.480408494527676], [90.18442585123913, 22.477736045844615], [90.17721488367224, 22.467783802150926], [90.17224352225469, 22.45738278591553], [90.17047627428744, 22.45106645329122], [90.17317246901678, 22.432778015929905], [90.1718916044739, 22.431589987982864], [90.16837297421759, 22.43114791756961], [90.16197199718748, 22.427140495099657], [90.14484806982634, 22.413553904989442], [90.13652542441287, 22.405236189793726], [90.12564031529206, 22.390675746131667], [90.11635285559626, 22.372322707103937], [90.1110014051319, 22.36365844046148], [90.10322307927773, 22.360685405750175], [90.09742640748689, 22.35678876142137], [90.09468039515016, 22.354379385507922], [90.09010130458176, 22.34629835051582], [90.08902788869403, 22.33679691433061], [90.09039476714446, 22.32885421761614], [90.09222184791504, 22.32559126265143], [90.10242825429607, 22.316366816288674], [90.10486344483995, 22.311330639617694], [90.09432680414542, 22.28212195732246], [90.09203834269292, 22.278010408225896], [90.08090700228003, 22.26518169292277], [90.07556966217504, 22.256958516601205], [90.07114168460696, 22.23753076829102], [90.07113896505393, 22.232141780987686], [90.06930445581155, 22.219449299744948], [90.05635591264178, 22.215199675837955], [90.03731588942806, 22.213077841993062], [90.02969983146616, 22.210952096284803], [90.02650115257251, 22.209817986876107], [90.02177889638676, 22.206273256781856], [90.01934170484255, 22.20301158654316], [90.01720865255486, 22.196771602401316], [90.01690304763216, 22.18656022084286], [90.01888190636734, 22.181312705800455], [90.02314484810277, 22.175284507219967], [90.03121407149891, 22.170035856992993], [90.04217613318022, 22.16691312500569], [90.0584672165366, 22.164780771743725], [90.06105497030822, 22.16307796291876], [90.06090226566027, 22.16180162451517], [90.04247683793572, 22.153865348275698], [90.03592903374576, 22.149895719305274], [90.02846785581134, 22.144366132553944], [90.0196368523489, 22.13422710152488], [90.01491663616173, 22.124441576383575], [90.01339394618442, 22.117634228438504], [90.01339323632834, 22.110117535344237], [90.01628375215503, 22.099906032916866], [90.02115276346935, 22.092388765983845], [90.02312975124204, 22.082815299516717], [90.01932436997319, 22.076007996617037], [90.01232409907503, 22.069342882762516], [90.00334666074097, 22.06296125720954], [89.99011019106491, 22.05601144944826], [89.98235143104965, 22.049912472672112], [89.97337816879224, 22.03494860739838], [89.97155523437841, 22.022467592645206], [89.97216510524458, 22.016085605824504], [89.97338238222272, 22.01239828093357], [89.97855493945505, 22.004882249416053], [89.9808371185054, 21.9983584136012], [89.9878352491006, 21.971908510679178], [89.98905211302657, 21.963399086699148], [89.98874840818547, 21.96112967389267], [89.98646784496472, 21.96070402600267], [89.98069096055531, 21.955313992064735], [89.98084312176223, 21.95361210526134], [89.98190756710193, 21.953470494640598], [89.98205978304959, 21.951201116353975], [89.98114786677226, 21.949215646055492], [89.97825948640973, 21.946945893167186], [89.96381782306302, 21.94368126673853], [89.96168983681315, 21.942120891461364], [89.9521124830725, 21.942401842973197], [89.94116421332953, 21.94849697281857], [89.93812237718807, 21.951970530863502], [89.93492670461536, 21.958635179926972], [89.92975430088595, 21.9645897073748], [89.9323374673894, 21.96813660802212], [89.93263982264695, 21.971398802702907], [89.93522356963726, 21.97409442345299], [89.9358248473606, 21.989979230911366], [89.9329292653397, 22.002813433890495], [89.92881901856441, 22.01075396225653], [89.92181756109808, 22.01982771275461], [89.9181652243017, 22.02308797884966], [89.91679452985807, 22.02606559408777], [89.91557578945178, 22.02904327499468], [89.91419947063403, 22.041168642865333], [89.91206500959518, 22.049109731987965], [89.90139872067596, 22.073214008646897], [89.90671346652995, 22.089881569704634], [89.91111508120385, 22.108462897523435], [89.91156866734592, 22.113285298804936], [89.91080090665791, 22.123850698758524], [89.91247080682174, 22.13122654864858], [89.91170393937026, 22.140302939823048], [89.90712401161178, 22.16008468819974], [89.9027067237269, 22.16277691222754], [89.9010304203141, 22.164761217677892], [89.89827978111592, 22.17865840424102], [89.89262969640916, 22.199431623486316], [89.88728892323513, 22.21275936014417], [89.88164589206238, 22.221548326711233], [89.87828603980668, 22.23189892785497], [89.8767534836773, 22.24225083985742], [89.87232712973197, 22.25146582228547], [89.87108904296934, 22.272738095061268], [89.87266662944067, 22.288541717021143], [89.88367003353088, 22.31203935048422], [89.89851327964575, 22.333828621879043], [89.90409913133726, 22.3440901065802], [89.90680893485697, 22.354646758425506], [89.90935298900014, 22.37523827266696], [89.91893632196644, 22.38817720051371], [89.92053254215296, 22.39248926935899], [89.92452638802183, 22.39739701819769], [89.9379521119895, 22.405430710082314], [89.94530383982436, 22.4127922487304], [89.96336883860018, 22.422757782325093], [89.96992351520619, 22.428854355958933], [89.97535906582567, 22.4367344505977], [89.9772778106224, 22.438369908777517], [89.98111495215855, 22.445208950717305], [89.98735072998785, 22.461339396261643], [89.98942947550927, 22.470259585138436], [89.99022822643866, 22.480963330868015], [89.99230789219204, 22.481855276308988], [89.99294756298553, 22.483936530730237], [89.99262712680137, 22.494194419089947], [90.00814549219879, 22.491369825168256], [90.01518474275643, 22.491517813189116], [90.02302450592211, 22.496943250032192], [90.02798553331954, 22.504226736388095], [90.02990544215749, 22.50407789424433], [90.03694413390782, 22.499616434911513], [90.04734298624989, 22.498127048459477], [90.0524620872441, 22.49649029893423], [90.05694050214808, 22.493812721228274], [90.06093838183325, 22.48964881509478], [90.05836102512298, 22.48558387404684], [90.05876860257086, 22.484589413675987], [90.0614171462785, 22.486824076195905], [90.06381967852222, 22.493661646694413], [90.06638130832322, 22.497228499992644], [90.06978752183393, 22.498597131668546], [90.07001241477136, 22.499326816196813], [90.06917358292017, 22.4993870290699], [90.06558162858603, 22.49782338115955], [90.06318045584504, 22.494999786207476], [90.06221943867403, 22.492175604800874], [90.06093942318337, 22.49202731413313], [90.05598189214986, 22.496637611984966], [90.05230281277741, 22.49872035108606], [90.03806456562697, 22.501548897148854], [90.03150584578053, 22.505861531778443], [90.02846605086617, 22.50645665090682], [90.0292672532379, 22.512105608742544], [90.02959053396916, 22.52771522988763], [90.02879559263374, 22.552764708833845], [90.03103968629219, 22.566738459867114], [90.0368060485826, 22.581603490565655], [90.03568774353005, 22.590374587330725], [90.03248765511748, 22.598477307343185], [90.03601118722489, 22.603084995438966], [90.04353744968304, 22.607097021891004], [90.05282698940033, 22.614675958743508], [90.05715282854517, 22.62062077273818], [90.05715362728526, 22.62255346595991], [90.05427081524134, 22.62181114501875], [90.0541115017457, 22.62344633755337], [90.05891862197913, 22.63117484803358], [90.07349720717329, 22.64194683498552], [90.07654263556205, 22.64595927981649], [90.07814851080852, 22.653985955889983], [90.06934841193936, 22.67212662466646], [90.06822902598742, 22.67599218417708], [90.08538136657998, 22.69449175742619], [90.09099406417255, 22.70251634745261], [90.0937221505258, 22.70875855133893], [90.09405129712441, 22.72154288663723], [90.09533728352586, 22.72719106986227], [90.09727488289037, 22.747779015446884], [90.10032706556693, 22.75729109071602], [90.10449834818651, 22.76234280063591], [90.10738530147893, 22.764273542808716], [90.12030162842925, 22.77016901267754], [90.1188207085745, 22.773436664327512], [90.11559223975759, 22.774151853026176], [90.10482384240032, 22.76843782540809], [90.09840758818652, 22.762421198780686], [90.09503727687044, 22.756774320367995], [90.0926291846306, 22.75082954367282], [90.08973612168121, 22.73878974075702], [90.0868334863184, 22.710769356705235], [90.08587056659373, 22.708094173931087], [90.08330319916645, 22.70185175109067], [90.07977521821019, 22.696650629820642], [90.06550901642291, 22.682311369041436], [90.06326073180682, 22.670270992582292], [90.06389848640111, 22.664026927701503], [90.06597808576475, 22.6586743634622], [90.07350395911976, 22.654062682677395], [90.07366203343615, 22.64990024985684], [90.0728601724302, 22.64796792984431], [90.06613019886474, 22.64157852372501], [90.05331416705641, 22.632143436604085], [90.0505905734621, 22.62902253926486], [90.04690528221154, 22.62248254166281], [90.04466099546585, 22.61475268639947], [90.03409132468981, 22.608957755315767], [90.02704493322314, 22.60286401299329], [90.02448313529095, 22.601972322421066], [90.02128103761115, 22.603013375795506], [90.02000073332917, 22.60554078476002], [90.02256385331982, 22.61431154633517], [90.02785011118877, 22.625757540508523], [90.03025413678834, 22.63452790169826], [90.0313772566459, 22.64389329820679], [90.03073703032061, 22.6452312852857], [90.03346154086535, 22.652663935536705], [90.03362276077645, 22.65771807571339], [90.03074090258445, 22.662624613281096], [90.02465538137714, 22.66931524523223], [90.02273405759672, 22.67481602226193], [90.017928785517, 22.67979654562375], [90.01296290938404, 22.682324244803226], [90.00687540461132, 22.683960031087874], [90.00206916618674, 22.68396016533329], [90.00078744769976, 22.68500076320978], [89.99998670538632, 22.692879688327977], [90.0003070854735, 22.69481208246193], [90.0030308657454, 22.698974675674272], [90.00303109147141, 22.709232021022302], [90.00591556082998, 22.71948927251785], [90.01024270062456, 22.725807071568788], [90.00815953279378, 22.72967224618569], [90.00271079938008, 22.730861787255513], [89.99856479435572, 22.736306075687768], [89.99829608573485, 22.733938372786472], [89.99902499537257, 22.73219965591075], [90.00174938038597, 22.728780639593577], [90.00639675996501, 22.72788843353583], [90.0079992295202, 22.725807199552367], [90.0044735381441, 22.722536817803135], [90.00206968318714, 22.718374539954972], [89.99918556504124, 22.701130117932195], [89.99566095831271, 22.690129389632347], [89.99598140138106, 22.687602180223138], [90.0014284299045, 22.68143295260256], [90.01168091055766, 22.67890531244005], [90.01696691481534, 22.675485524901568], [90.01952982715832, 22.672809516487685], [90.02225214590351, 22.667011396480813], [90.02737641870318, 22.660023467706697], [90.03025832079935, 22.6536306331194], [90.03009754035723, 22.651400705615593], [90.02641311729485, 22.647462015480663], [90.02416811260221, 22.631407155020916], [90.01984256272235, 22.619960931628164], [90.01599859853494, 22.61237963891873], [90.01455704057065, 22.607102265506413], [90.01487637059334, 22.599223228811333], [90.01615727438961, 22.598925831794187], [90.01679733773985, 22.59684457078452], [90.02127958667248, 22.593573467586076], [90.02864218254715, 22.584058156360104], [90.02896156032276, 22.580490248287827], [90.0289608457499, 22.5770708918779], [90.02671913093045, 22.573652204494316], [90.02271674904861, 22.569490133496956], [90.02255681819028, 22.5711255881563], [90.02159632580252, 22.571720268602164], [90.01791350915425, 22.56190897087395], [90.01807211910591, 22.549793238747945], [90.0215900916067, 22.531655900189257], [90.02126865525831, 22.522290481431234], [90.01902635758535, 22.5067553189874], [90.01678584439571, 22.50184979581235], [90.0153458416726, 22.500512052323657], [90.01310568917718, 22.500214973194538], [90.00894607369055, 22.501553144963665], [90.00366640944698, 22.501404572008127], [89.99742662428793, 22.502891259689978], [89.9919868272813, 22.502296527326266], [89.98462730218716, 22.500512049745897], [89.97710896163632, 22.49382143626328], [89.96767029956182, 22.491589817154928], [89.96751011453932, 22.4932249505239], [89.96974871882784, 22.498279943010008], [89.96990815842324, 22.501401803759208], [89.96830720740783, 22.505712715578902], [89.96702670904449, 22.507496400750732], [89.9646263294121, 22.508759528747596], [89.95374556781957, 22.510689492582742], [89.9412654658319, 22.510834204675184], [89.93534579635445, 22.509642549391046], [89.92430627569959, 22.50874562859075], [89.92270597573913, 22.50919092441967], [89.92190527922364, 22.510379925990115], [89.94029757211287, 22.528821733241372], [89.94781555010022, 22.53759552905978], [89.9530938155032, 22.545773495526195], [89.96108984318886, 22.56740582666618], [89.96284881486952, 22.574690732269914], [89.96412587410646, 22.58762455336804], [89.96364430674464, 22.593421984689005], [89.96124195073088, 22.596320473410486], [89.95691812328644, 22.59958994192081], [89.93530185779811, 22.603893852127705], [89.91848986754661, 22.604778015819655], [89.91880873050363, 22.607008146772806], [89.9212816960407, 22.61175529569956], [89.92077205867709, 22.61390257793469], [89.91900044728119, 22.611932298409915], [89.91656764048544, 22.606263674680388], [89.91624854542671, 22.604479589451238], [89.91881117235826, 22.602845481523953], [89.93370163337438, 22.601960501548874], [89.95483727487323, 22.59854849054021], [89.95964101753465, 22.595874027943225], [89.96156276286818, 22.593941799070855], [89.96252414955657, 22.591563556415956], [89.96124694164914, 22.57848123320056], [89.95964807545681, 22.571642406317633], [89.95341187953856, 22.551645687696404], [89.95085308171498, 22.546293128683498], [89.94381509895449, 22.5363305496653], [89.92797972211704, 22.521160641014365], [89.92046525215103, 22.51052771839554], [89.9201463228637, 22.50874362013175], [89.92158683479886, 22.50770371915895], [89.92974760823267, 22.506220819953477], [89.94206680486259, 22.50771238616322], [89.96286673094161, 22.50771852357895], [89.9646268965467, 22.506529813229065], [89.96574740433495, 22.504300056773147], [89.96431065106401, 22.49210941391308], [89.9676708002756, 22.489434063230757], [89.96975077074559, 22.488839912385522], [89.97183032948138, 22.48869150939465], [89.97726926526039, 22.49077387371518], [89.9806307711534, 22.478509428874055], [89.97503574298356, 22.45650669252179], [89.97247747515097, 22.453086867206146], [89.96704060844976, 22.448774601609184], [89.9609641407412, 22.445651395459215], [89.94849272381342, 22.43724842554839], [89.94129917311456, 22.430853479076024], [89.92387947092433, 22.411222646927648], [89.91509061120966, 22.403041795412587], [89.90997649316115, 22.39976838090078], [89.9053430595965, 22.39537993138349], [89.89463560120208, 22.39031897655201], [89.89175766370187, 22.390614356884292], [89.88327923648788, 22.397298257965076], [89.87239524476594, 22.411413231977967], [89.87271090769454, 22.415873239254353], [89.87766236779159, 22.421823498919075], [89.88261181170364, 22.430672708878014], [89.88308713605872, 22.436024921472203], [89.88100315169639, 22.4418213224522], [89.87924258035079, 22.443603969027976], [89.87760263402912, 22.444582369817162], [89.87199497202859, 22.445620330625665], [89.87218214070586, 22.44287608782502], [89.87652777482117, 22.439142172162402], [89.87653014249585, 22.436466100824543], [89.87429938864577, 22.427544600713606], [89.86822927568824, 22.420552432631297], [89.8672727196456, 22.417727072571697], [89.86776007986728, 22.409699795305688], [89.87000369074659, 22.40405245188079], [89.87416687032571, 22.39699414399738], [89.88440758880381, 22.38644649598824], [89.88904901892504, 22.37916537701365], [89.89001084946389, 22.37589537750861], [89.88906127011026, 22.36370421891087], [89.88698936455745, 22.356566896792035], [89.88268227273602, 22.346677585954072], [89.8793276556035, 22.345039646712234], [89.87916925418112, 22.34325555318732], [89.87469825087452, 22.33923842315843], [89.86209261843211, 22.319901712101625], [89.84662878352246, 22.28755282051708], [89.84057842419851, 22.26993014788356], [89.83577740877169, 22.241284083494012], [89.83578590864201, 22.233988593871373], [89.83766459955427, 22.222873167263607], [89.84009343822882, 22.21966216958537], [89.84550871097983, 22.215150791078603], [89.84681387707788, 22.21584682278927], [89.85091941711381, 22.21463466779609], [89.86137237766046, 22.20891160542497], [89.86547974448641, 22.20544105531314], [89.87649975820254, 22.189468534979223], [89.87725487270876, 22.179046802733055], [89.88399523844657, 22.147349963459323], [89.88493720093352, 22.135364747175274], [89.88438773236004, 22.123552089214233], [89.88178981512243, 22.108871755270293], [89.87806923542965, 22.099662600370657], [89.87509039498707, 22.095664847764812], [89.86559027398263, 22.08905648531298], [89.8573974799922, 22.08071154897015], [89.84939635112724, 22.06819722917816], [89.84884034816855, 22.065243558827103], [89.84753729927434, 22.063852728013384], [89.83896257907361, 22.065755314378283], [89.82013905580285, 22.0666041482858], [89.81659669662423, 22.067816204002927], [89.81361228374067, 22.069897542886036], [89.80726695361435, 22.0763173872998], [89.83054012927725, 22.09623286493642], [89.83538023833347, 22.101622641836855], [89.84152039714438, 22.111703840002356], [89.84263112242537, 22.1188271746453], [89.84225406775079, 22.122474754394656], [89.8379594200923, 22.128376537486222], [89.81911349987183, 22.14025565645827], [89.8148191651734, 22.14476748605478], [89.81519033875345, 22.14598388313002], [89.82245886552752, 22.148944797527598], [89.83103054487171, 22.15399143511551], [89.83550013289175, 22.15885990612762], [89.8369894329902, 22.161293351682016], [89.83717283655994, 22.16389911431302], [89.83548841731462, 22.168934949668667], [89.82053315003192, 22.196972894023443], [89.81698234689995, 22.202180073647998], [89.81044356028015, 22.209468394928983], [89.80595438684973, 22.218322121996387], [89.80463833590676, 22.225616333097648], [89.80537739456388, 22.230828329147506], [89.80443492157951, 22.237601806302404], [89.80011914500065, 22.254793350608665], [89.8002938446703, 22.263131364928007], [89.80326367525115, 22.27477339491259], [89.80176184075029, 22.281024974827307], [89.78677469242818, 22.288309897036957], [89.78248175864799, 22.29262511119931], [89.77281736830967, 22.30524285551722], [89.76279803213588, 22.315532600883653], [89.76243471550639, 22.319188381355332], [89.76456756256783, 22.325506962907177], [89.7661572920486, 22.33535286330119], [89.76593148646432, 22.34118692602149], [89.76267908505214, 22.34621169024113], [89.75943097977327, 22.348419988968743], [89.75834338476623, 22.352039659423045], [89.7594157838563, 22.357272035816006], [89.76179160872735, 22.359287342330564], [89.77260235397445, 22.361717264429565], [89.77584092470275, 22.36534306686439], [89.77321965591975, 22.373941905096068], [89.77367405673449, 22.367754147896463], [89.77281354591447, 22.3649362622718], [89.75789872786613, 22.359080558904182], [89.75813145703079, 22.3496252445686], [89.76463279693357, 22.34178835856135], [89.76399986713993, 22.332331752730322], [89.76100585660657, 22.319186281760345], [89.76173028808199, 22.313204444754703], [89.78439401274919, 22.287429865914227], [89.79242779271917, 22.28222926582561], [89.79802831863216, 22.281367628262444], [89.79952289557632, 22.28032743476595], [89.79916192898379, 22.271815297486736], [89.79675440536688, 22.258784309134278], [89.79658568733569, 22.24645115992651], [89.80108291123457, 22.23316810420965], [89.80239769916182, 22.226742635341385], [89.80166145735092, 22.219619866616508], [89.80204081145362, 22.21527763738868], [89.80503327439018, 22.209722589521203], [89.81605779583766, 22.196012517135028], [89.82466013234861, 22.17821694530548], [89.83400028412781, 22.16571973550549], [89.83381530421215, 22.164503855220058], [89.8300907807243, 22.159983378787324], [89.81481223565405, 22.150065598492613], [89.8114617644501, 22.145545118215043], [89.81128063566062, 22.1413760890877], [89.81240294762372, 22.138771799033513], [89.8170708840548, 22.133739556774973], [89.82770513497732, 22.128366037880415], [89.83516524806477, 22.1262893243876], [89.8359129868664, 22.12455292267967], [89.83554239426375, 22.122468132921597], [89.83368418600529, 22.117428696425495], [89.80755682766392, 22.08392956681426], [89.80307456074122, 22.07616925339954], [89.80208126475105, 22.072290563443392], [89.79958425612558, 22.073062795804027], [89.79725130236945, 22.07538658450851], [89.79258395727956, 22.080654330450006], [89.79091522382895, 22.083909135069252], [89.785419644531, 22.086228675072967], [89.77625630028628, 22.092730523931298], [89.77341595214959, 22.09970629330082], [89.77022803169496, 22.115522278980432], [89.75782394207337, 22.134910567350236], [89.74913286823828, 22.137822610181285], [89.74421367942377, 22.138107463230433], [89.74347963862904, 22.138983776703242], [89.74481478865549, 22.15297646504592], [89.7425013412311, 22.159017673080278], [89.74519228317149, 22.175937615805402], [89.74758732406137, 22.182863631978073], [89.74737083920182, 22.186958113413663], [89.74401264344328, 22.19143757367807], [89.73185843937706, 22.196731615877802], [89.73153898365545, 22.199558550161353], [89.73644158707825, 22.20931628146307], [89.73853652970739, 22.208734687871562], [89.7475638960509, 22.19597694052599], [89.75007567206306, 22.196468103649586], [89.75216622415645, 22.198421302725308], [89.75404360399942, 22.202518959533307], [89.75653819958028, 22.213052495782687], [89.75694908137278, 22.217781444974122], [89.75599354151079, 22.225384926760533], [89.75671736383384, 22.230650750134057], [89.75848900432442, 22.235723042347416], [89.76172723516514, 22.240505265846128], [89.76214209031227, 22.242845754133572], [89.75733611281959, 22.23620889578774], [89.75577295050435, 22.231770434851178], [89.75442408781979, 22.224651351412778], [89.75455007443026, 22.21236685426668], [89.74986441487994, 22.19763772544065], [89.74818944823207, 22.197440341460734], [89.74325448181193, 22.205427166766828], [89.73874152465783, 22.211172305230903], [89.73717005011213, 22.211657345910346], [89.73298730935963, 22.208823081869017], [89.72933990572477, 22.19979855433682], [89.72976493114416, 22.196484511234388], [89.73175930860182, 22.19385543155687], [89.73500921790234, 22.191423458371546], [89.74496312322012, 22.18685696065194], [89.74538334909315, 22.185980157420854], [89.7414267145853, 22.174371847765023], [89.7415465254841, 22.166035865828032], [89.74039933724414, 22.16369414304808], [89.7404148982655, 22.155212023873222], [89.74115469491372, 22.1514108561863], [89.74023153468173, 22.141172302042506], [89.74149608528897, 22.13639681004413], [89.73762874185903, 22.133758242069263], [89.72297881481644, 22.13334414638965], [89.71293322464199, 22.1299448230924], [89.70607997473131, 22.145741655021162], [89.70456193737726, 22.15504486887831], [89.69737180503166, 22.169455861813375], [89.69546063775275, 22.175960972894288], [89.69427757095026, 22.184500708467464], [89.69791272014223, 22.186541339423144], [89.70636274477806, 22.18384507974895], [89.71058261465417, 22.184801798776594], [89.71363487343545, 22.187383386385612], [89.71435889059599, 22.189282994677967], [89.71536879499183, 22.193894806776754], [89.71492537319442, 22.197148079025414], [89.7140461821127, 22.199994039984045], [89.712003495201, 22.202024288898986], [89.70996214257868, 22.20337637607774], [89.70763194039414, 22.203643520061295], [89.70152077319092, 22.201598585180577], [89.6954168041122, 22.19629911053888], [89.69235849021834, 22.19656467370172], [89.69250105741435, 22.197920935060672], [89.69771424837788, 22.21128620768504], [89.70845738779826, 22.227034213435143], [89.72153427975358, 22.24224289373748], [89.72835015520305, 22.2575082123233], [89.73343596353405, 22.2640249668776], [89.73749947470063, 22.272302436603248], [89.73851019682493, 22.27718538018188], [89.73821414459945, 22.279625558722266], [89.73500337582362, 22.282603341295054], [89.72859298777976, 22.282728265951096], [89.7114131228769, 22.2770039754764], [89.70340272593683, 22.27604038567565], [89.70310893003402, 22.277124519817843], [89.70976916291497, 22.29706800598143], [89.7101964101767, 22.301882020807934], [89.70916742101323, 22.306219132875643], [89.70497767005612, 22.311300919323823], [89.70070474392668, 22.311559599560432], [89.69369921250397, 22.316563028030906], [89.69149934037836, 22.322931614197422], [89.6909050882639, 22.32808277544333], [89.68754503950822, 22.331737141167313], [89.68521084440489, 22.33281728694822], [89.68156659706705, 22.33308147482051], [89.68068955793647, 22.33416441105151], [89.67423994134536, 22.350150735474944], [89.673349463162, 22.3569284811933], [89.67203070735025, 22.359908483395014], [89.66925054807447, 22.36437725043587], [89.6642835337294, 22.368841444873627], [89.66107374367974, 22.36991941158037], [89.6585956816885, 22.369778692643155], [89.65626462557546, 22.36923143184843], [89.65262644835224, 22.36664753932422], [89.6504404867018, 22.366371529093016], [89.6438754145398, 22.36839101759513], [89.64198218033368, 22.367709003291964], [89.63834501114776, 22.364853490112896], [89.63747511204684, 22.36308905210262], [89.63692015402773, 22.352240976609433], [89.63619290852765, 22.351561223207156], [89.63531570835018, 22.3526439061207], [89.63060795444835, 22.369039405716723], [89.63072328853269, 22.372150775772454], [89.62593532824187, 22.399801184931295], [89.62592463192301, 22.40379871800981], [89.62312928336807, 22.411787616365725], [89.61727803508502, 22.42131688310373], [89.60614288594573, 22.435088406155618], [89.60209432113061, 22.444105392889785], [89.60021885572266, 22.453153349466376], [89.596622035949, 22.46045681409456], [89.59515814121875, 22.471920315017297], [89.59371805131516, 22.475240331133367], [89.59077676895154, 22.5024881854138], [89.58391556411908, 22.52407511757117], [89.58281733785918, 22.532382010069657], [89.5774017889672, 22.548321919350695], [89.56480917379444, 22.5702252454337], [89.5551035454996, 22.58349357132689], [89.54253349222543, 22.59642085775177], [89.53821489841035, 22.60338847025491], [89.53532879424394, 22.610027553926088], [89.53495080755755, 22.61600932149696], [89.54166621869538, 22.628507022763728], [89.53563422757661, 22.625649986845215], [89.53172181589842, 22.617994123785618], [89.53137743108798, 22.61400473476693], [89.52745081948305, 22.610669380175747], [89.52674840089185, 22.60667892529677], [89.53000202268908, 22.597381769859876], [89.54364236734446, 22.585788182843864], [89.55478417694188, 22.571527168513178], [89.56269440990981, 22.559915896566668], [89.56557677918347, 22.553608513162832], [89.57713768149539, 22.51757622953811], [89.58293450699296, 22.49332775721346], [89.58371257498212, 22.472389739700688], [89.58588796074288, 22.46242386290604], [89.58736842470532, 22.445476030182693], [89.59024362013534, 22.440497739198534], [89.5910194342696, 22.43608238127854], [89.59980845550236, 22.418759722323717], [89.61053377038489, 22.402537418919483], [89.61527465027773, 22.393263767500077], [89.61681324981626, 22.388496038391587], [89.6165709395342, 22.375664016324176], [89.61769806880065, 22.369089890361366], [89.62496939504169, 22.34615243850215], [89.62373630058217, 22.34073307627517], [89.60925781741494, 22.313037241983608], [89.60083575292984, 22.301668473589892], [89.59115797503095, 22.293713268412624], [89.58770520042589, 22.289706935254245], [89.58247083464506, 22.279118829706984], [89.57959203115507, 22.268794702612954], [89.57933561248957, 22.261830125265764], [89.5801846514139, 22.255900271108814], [89.58227962053465, 22.250231369732226], [89.58589991595126, 22.243921795584715], [89.58590446414863, 22.242374140219784], [89.57801465409855, 22.240290394696544], [89.57550419245109, 22.24595816336747], [89.57535610198516, 22.249007935084236], [89.57417488204197, 22.250498586575457], [89.57326524913964, 22.246926297351916], [89.57371177709078, 22.2431808325203], [89.57207435615123, 22.234923254983435], [89.56654528731059, 22.231168749765512], [89.54817716310504, 22.21416051029705], [89.54087574684519, 22.202146929649786], [89.54172975918745, 22.195056370767347], [89.54494567272327, 22.18545808341416], [89.55926264023827, 22.16795862315623], [89.56357552433523, 22.161264277209675], [89.58124072726564, 22.13339045049189], [89.58389720098921, 22.124370003303667], [89.58061633705509, 22.110498180698585], [89.57691240361406, 22.09952689536911], [89.5597086112162, 22.06898212791119], [89.5538046110128, 22.054522188540776], [89.54969384784009, 22.042001733820843], [89.5439736577203, 22.01400079913695], [89.5423253520089, 22.01051429486846], [89.53888031220615, 22.006635663493984], [89.53297330246036, 21.99449648153568], [89.53199871010182, 21.99655721737916], [89.52881193213763, 21.998353561554612], [89.52728371826103, 22.000541415751446], [89.51979950454621, 22.0054202601148], [89.51104978153155, 22.016227452105802], [89.51104358715091, 22.01803289320065], [89.51214052654835, 22.020873231491528], [89.51737265688854, 22.027852798199316], [89.526864640577, 22.043420412955456], [89.53291020648632, 22.05594694303827], [89.53496178321268, 22.063174603840835], [89.53617597436377, 22.072656749729042], [89.53643611002079, 22.077687060395274], [89.53530609030139, 22.084776915243282], [89.53335365747958, 22.089413856023693], [89.53154762327259, 22.091600919144344], [89.52773154970424, 22.094777349103406], [89.5226713726705, 22.097507660118815], [89.51822830801956, 22.10187935120413], [89.51739088726023, 22.10394008113083], [89.5127405356576, 22.12823546776445], [89.49414616059515, 22.18008540877076], [89.48909796542446, 22.1976724099536], [89.47637324662288, 22.230774452602592], [89.49456697814733, 22.26443033310858], [89.49383526687043, 22.266744728337112], [89.4931429736785, 22.266613552165943], [89.4925851084842, 22.2676436700373], [89.49143975638783, 22.27789204728103], [89.48808615426374, 22.28561916714233], [89.48182721737649, 22.291918048682685], [89.47750954922859, 22.297836450750047], [89.47649052247476, 22.302878660852116], [89.47480987949042, 22.304789849797263], [89.47480398235786, 22.30636711098683], [89.47345739121474, 22.306721282825087], [89.47079872104396, 22.31348304471061], [89.46647844254394, 22.319787595692592], [89.44853211657723, 22.33675005521198], [89.44378484270082, 22.345373655281215], [89.43458856367862, 22.357012500804746], [89.4423213271956, 22.364776573496087], [89.44686396397033, 22.373045474364112], [89.44931144088152, 22.385304626916497], [89.44940575539567, 22.3965885470315], [89.44828219900134, 22.400195443051313], [89.44826082304523, 22.405611455112545], [89.44908991161121, 22.409173341889094], [89.44593251048647, 22.412789077991086], [89.4457384821029, 22.412179474580846], [89.44421124530622, 22.41256127407944], [89.4433723387786, 22.41423473069823], [89.43697021026914, 22.41975763650878], [89.43735502134219, 22.427496170958822], [89.43463706849629, 22.447861598591107], [89.43513424333625, 22.462177385421306], [89.43400159309626, 22.467718181735336], [89.43311350624953, 22.480987929972635], [89.43166202254616, 22.48613460318238], [89.42563293255145, 22.49022133108362], [89.41701250734437, 22.48259244374346], [89.41704033520642, 22.47594483613881], [89.41927265892723, 22.45517946707109], [89.42272628499023, 22.442106982030502], [89.4251100842603, 22.426222200168183], [89.42663841329917, 22.406832005158556], [89.43044419174045, 22.397147905861864], [89.43336067585085, 22.392309227967594], [89.43889047368275, 22.38586336045096], [89.43918547233403, 22.384517488963102], [89.43140174620942, 22.37533110168521], [89.42651001477626, 22.367501795850714], [89.42479084771011, 22.36291636507554], [89.42363910338976, 22.353078316919856], [89.42239723350612, 22.351449203526247], [89.42385447573648, 22.348601658207773], [89.42170469518219, 22.34658649623999], [89.42076597630454, 22.344468080914165], [89.4211595677907, 22.340944289492576], [89.42440846169217, 22.334081903288222], [89.42537244146017, 22.330031352822427], [89.42481421033796, 22.32756170062626], [89.42368767068616, 22.3250900268598], [89.420472873331, 22.323668428144433], [89.40688754898383, 22.310752463730793], [89.40671504937404, 22.306697859763197], [89.40825869917411, 22.30000568481975], [89.41054416441695, 22.297017840957917], [89.42080207819197, 22.289828176122345], [89.42631662164007, 22.284383619243936], [89.42765544935153, 22.281215725056075], [89.42523647434776, 22.270631494194898], [89.41938649983709, 22.265675593481976], [89.41505157981831, 22.2607246652704], [89.40997776160359, 22.25145269677093], [89.40830329128296, 22.24439614358284], [89.41022529130095, 22.237529098334758], [89.4121323969737, 22.234187208947848], [89.41716967139334, 22.231213666103894], [89.43201129773733, 22.234257845937528], [89.43768277755147, 22.23639264782346], [89.45619919780748, 22.246150003006843], [89.45903790238945, 22.246511801490193], [89.46150555812787, 22.244933670491157], [89.46096991251147, 22.23647149914973], [89.4576068305311, 22.224826980700335], [89.4570579025484, 22.21988972162569], [89.45652258455775, 22.21142751691984], [89.45788643956028, 22.201296941107124], [89.45980472878153, 22.194605374410553], [89.46304114660593, 22.189680908900783], [89.46725161683183, 22.1773563718441], [89.47010945259169, 22.17225405880305], [89.47260494397759, 22.162743826012616], [89.46675432753516, 22.15867072144379], [89.46298870340212, 22.148330629410612], [89.4608284153152, 22.147958467534362], [89.45503971628185, 22.15174402368673], [89.44782003682286, 22.161166064353782], [89.44343941755864, 22.16482467305609], [89.43456038362415, 22.1661060449382], [89.42976310307978, 22.168188636947], [89.42836788049033, 22.16490380600375], [89.42584320902199, 22.162270809709867], [89.4196452707258, 22.16238014479885], [89.41458341211487, 22.160263034711964], [89.40770677888491, 22.154334142027338], [89.4056101030357, 22.15052174959759], [89.40590595587358, 22.147111608253706], [89.40875565039048, 22.13925014696367], [89.40694505983396, 22.134389435488394], [89.40061218537268, 22.133447928935762], [89.40146143403972, 22.132401394549234], [89.40555123577602, 22.13097313955727], [89.40555728989438, 22.129529961202316], [89.39824675747104, 22.12674805577239], [89.3882596190037, 22.124218092687315], [89.38194164004672, 22.119995984623436], [89.37942781506504, 22.115263310487737], [89.38028985062238, 22.100965301679082], [89.37733365255399, 22.099788663298753], [89.37011266450773, 22.099760990705114], [89.36709820746374, 22.10691733862657], [89.36394128203085, 22.110708713512523], [89.3620495357126, 22.112456772545514], [89.35040361659082, 22.11870112575815], [89.3549179451147, 22.127203699748627], [89.35490063074441, 22.13100725175549], [89.35378463042275, 22.134659934755025], [89.35189243424638, 22.136407860340718], [89.34764710033397, 22.13770765794964], [89.34513946289894, 22.136673381242606], [89.34185081599303, 22.134758488569112], [89.33748067132306, 22.12910893643358], [89.33513120744016, 22.127928912917255], [89.33324507321552, 22.128360218114768], [89.32991389572692, 22.135514510642412], [89.33147032897942, 22.13844678590608], [89.3377223967034, 22.144616259083744], [89.33912453995761, 22.14696260218862], [89.34036800867628, 22.149747006408877], [89.34081919216896, 22.153991146754088], [89.3379107598563, 22.17146071819624], [89.3378765082678, 22.17877471902638], [89.3362886130332, 22.182425326277183], [89.33297587446441, 22.185483912679555], [89.32478789172059, 22.18969247264115], [89.3250753798093, 22.1952526479884], [89.33148553688306, 22.19640466003993], [89.33470731348572, 22.19862524382274], [89.33405027653083, 22.20082994814931], [89.33489260873714, 22.205047446454746], [89.33205305396768, 22.21306247722094], [89.34303727736493, 22.214511962774125], [89.34540046217242, 22.216126704748035], [89.3477479290302, 22.22115279519436], [89.34813797206674, 22.229983625797484], [89.34940343369112, 22.236008681371494], [89.35154867423952, 22.238224634601917], [89.35692260193285, 22.24145669292032], [89.35646938936777, 22.24627083328818], [89.34809342920107, 22.23961559567002], [89.34338340789246, 22.232773772993436], [89.3425481624361, 22.226951135907708], [89.34365567076391, 22.22053445343621], [89.34280301718772, 22.218524347461205], [89.34129836039034, 22.217715372287067], [89.33181373370026, 22.218078150560356], [89.32966434144355, 22.216865257789248], [89.32731407069485, 22.212641515129977], [89.32668078301168, 22.20982962655315], [89.32734945341375, 22.205217179283515], [89.32952533403974, 22.200811379380387], [89.32392747374301, 22.199784901913272], [89.31957623088898, 22.208395309616286], [89.31048803102138, 22.215982534224693], [89.31090348518828, 22.219194999173503], [89.31646796788706, 22.227245091162956], [89.31688425363028, 22.230256821648492], [89.31426166738584, 22.23767023183511], [89.31186940919652, 22.242074870341305], [89.30538717254542, 22.245257999608498], [89.29889466106134, 22.25044746264992], [89.29692733918412, 22.255856730786178], [89.29756221102002, 22.258267559255746], [89.3027149930704, 22.26250375722984], [89.32077994502295, 22.27161018931682], [89.32271182984476, 22.273424181130558], [89.3248533418436, 22.276443065961477], [89.32548751333714, 22.279054227087375], [89.32502536426755, 22.285473680426144], [89.32285859231752, 22.287672020291133], [89.31723816655582, 22.290658438412553], [89.31033027792805, 22.29223443113874], [89.30752698615768, 22.292222495225417], [89.29891905725282, 22.288774433009756], [89.28512468664286, 22.28771095422641], [89.28573399184026, 22.295137997171416], [89.28373889055547, 22.305764496371555], [89.27677286574799, 22.318475696477908], [89.26465682033677, 22.32584551354439], [89.262054899925, 22.32844245735896], [89.2546643687775, 22.33924427868978], [89.25422218866551, 22.341248851949963], [89.25443047646337, 22.342654548681423], [89.25615305546592, 22.343264335916885], [89.25895915328775, 22.34287576052973], [89.2654459047464, 22.339895383616643], [89.26868342313702, 22.339508875007702], [89.2723493122714, 22.339726096740126], [89.27686521654424, 22.342354799981518], [89.2779364790021, 22.343764321019005], [89.2783535431844, 22.346575382927764], [89.27745043720364, 22.354397090656914], [89.27351739054924, 22.364011107599286], [89.26940492707877, 22.366601359226784], [89.26706221918424, 22.360771667574525]]], [[[88.9201339857564, 26.334712999190696], [88.92764595693748, 26.334683066279258], [88.92728979237306, 26.33137032213226], [88.93766956208943, 26.334401650600764], [88.9398420429449, 26.332091195881752], [88.94127545777671, 26.32655036536637], [88.94130079966467, 26.32300628280881], [88.93467281708865, 26.32043201522411], [88.93540757495502, 26.31560776463346], [88.93759010269072, 26.312641142532684], [88.94786109290372, 26.317651544826187], [88.95127491182922, 26.316636010376854], [88.95365672386767, 26.309146706102954], [88.95615203848536, 26.308135065159938], [88.9526948857904, 26.30773517580977], [88.95255085035446, 26.303351306750095], [88.95335370237497, 26.303221173858255], [88.9534974751546, 26.304187154046094], [88.95537522985727, 26.305042758201797], [88.9585582840033, 26.303809799995065], [88.95904689846793, 26.304935150877235], [88.96006713009422, 26.304931265527593], [88.96232359330517, 26.304817821082644], [88.96350200604465, 26.302902682325374], [88.9629799499479, 26.299832565556386], [88.96031418142393, 26.29955595499935], [88.95981106596325, 26.294724820177645], [88.96708164816737, 26.295545909200996], [88.96948844986343, 26.29479916831427], [88.97441028552691, 26.29490440678181], [88.97680146000258, 26.299853940673174], [88.97838139317363, 26.29959434142521], [88.9789476599519, 26.30088044044085], [88.98241474426443, 26.30066976692204], [88.98403613136057, 26.2948284325136], [88.98238432119521, 26.293075324003418], [88.9804317072779, 26.283094948058444], [88.97391972919519, 26.283778732077007], [88.9734565247181, 26.282710602559018], [88.97429201211372, 26.28119976125673], [88.9728505364063, 26.28097558634938], [88.97188431622848, 26.27839042244084], [88.96358322447902, 26.27781552768957], [88.95214815279907, 26.27438796464409], [88.94485842524415, 26.281760038202812], [88.94293647730636, 26.286002881550136], [88.93748001520049, 26.28945382817655], [88.93518583309202, 26.293145875431406], [88.93123650576898, 26.29397874036407], [88.92796942159575, 26.29311696753453], [88.92357848333226, 26.295228374766783], [88.92374678704297, 26.29957801309701], [88.92560177986508, 26.301307906663446], [88.92944368240757, 26.302420620906414], [88.93011267575176, 26.304086301983126], [88.92819552608003, 26.30998625208218], [88.92266437510298, 26.31440377480722], [88.92589489939434, 26.31565701779874], [88.92592456770046, 26.31681909919989], [88.92507146118135, 26.317225197353483], [88.92498602617721, 26.31830685166902], [88.92269119346268, 26.318442548655113], [88.91857241278758, 26.32578896558821], [88.92348528656898, 26.326656001425647], [88.92184212685784, 26.330850937897083], [88.92008258317722, 26.330973119659568], [88.9201339857564, 26.334712999190696]]], [[[89.60389050656158, 21.780546570322684], [89.60176367341393, 21.77517259173904], [89.59455566137336, 21.773365641143577], [89.59061917021259, 21.770513402094366], [89.5881502567081, 21.766822810145165], [89.58759257431255, 21.76471605333527], [89.58861741369383, 21.761034140109498], [89.58726820690949, 21.759977954329596], [89.58897090256053, 21.755666143034652], [89.58966373530416, 21.749772428362352], [89.59238415123144, 21.74414712933976], [89.60142994345986, 21.732799781032725], [89.60639840478329, 21.728811244330476], [89.60888794198013, 21.72481671939512], [89.60912046860165, 21.72218532883518], [89.60800284765199, 21.718814132607672], [89.58785123395285, 21.7135541588155], [89.58165495600264, 21.71364394540522], [89.579959284483, 21.715639724016217], [89.57826755382122, 21.716267295034747], [89.5764671154271, 21.715525524679475], [89.5769219141165, 21.714158204705875], [89.57399328261225, 21.71394036247007], [89.56835515428529, 21.715715216920234], [89.56248639500905, 21.719173963210853], [89.5567249011481, 21.72431691132854], [89.55309235414677, 21.73309736014119], [89.54381004223096, 21.74675734769304], [89.54017324207322, 21.75653776524808], [89.54162376870812, 21.761068440146442], [89.5403799378872, 21.762433458389147], [89.53901262192639, 21.76706161024113], [89.53900017945978, 21.770956640483824], [89.54124708660208, 21.77317355476513], [89.542712788572, 21.7730723040725], [89.544297246889, 21.770971320896177], [89.54274047368008, 21.76433502019201], [89.54355129764885, 21.75738931865942], [89.54468199286958, 21.756128991473517], [89.54466074489687, 21.762866537328524], [89.54712384364316, 21.768031527261428], [89.54813951896409, 21.76761334625436], [89.54961898315027, 21.762985420411724], [89.55122613171739, 21.75351523595545], [89.55495567468651, 21.750051188285052], [89.5544982545475, 21.752260632639015], [89.55235115870397, 21.754149863690703], [89.55166397401464, 21.75772714800099], [89.55221655724262, 21.761202759498882], [89.55322679474551, 21.76252144742183], [89.55491787587825, 21.762315384812364], [89.5563795989801, 21.76337213294625], [89.55592668852455, 21.764107808436023], [89.55726213712256, 21.769585269999364], [89.55545174513816, 21.771896676498542], [89.55566880267632, 21.774634198302895], [89.55250073651456, 21.778626032221865], [89.55328347802262, 21.78062819561694], [89.55281811551275, 21.785258890065457], [89.5489440108451, 21.79867044735943], [89.54995398083986, 21.800146975635077], [89.54871056957506, 21.80119640023394], [89.5444262817415, 21.801500570583293], [89.54250384666423, 21.803389987136374], [89.53819622986062, 21.81085244759377], [89.53718089663263, 21.81105994213754], [89.53683034977097, 21.814954002758075], [89.53161875817749, 21.82283468821073], [89.53082923925969, 21.82293775550685], [89.53495100572063, 21.838318937959883], [89.54124689535853, 21.85133759772397], [89.54765307097091, 21.85072343997762], [89.55275170889628, 21.842947279661335], [89.55863709744612, 21.83580491022829], [89.5700460656245, 21.828781826358984], [89.60450735750825, 21.80218160114617], [89.60599259268044, 21.79492126856099], [89.60567245010114, 21.78828848069085], [89.60389050656158, 21.780546570322684]]], [[[89.84406114466786, 21.809711572560037], [89.84966910028321, 21.81520879937841], [89.85454203568125, 21.81659746383366], [89.85528255491447, 21.81596257325053], [89.85301192183194, 21.814088388640712], [89.85194561119819, 21.81134142241325], [89.84860848733028, 21.807094864367865], [89.84460054335962, 21.80521867942508], [89.84379711824704, 21.806715722370424], [89.84406114466786, 21.809711572560037]]], [[[89.86034096029587, 21.837559780710286], [89.85257659414648, 21.84766320925368], [89.85177030866446, 21.851781206120563], [89.84990645786142, 21.855483203615783], [89.85016015825323, 21.85727146758593], [89.85390233299674, 21.858772617998707], [89.85925057304587, 21.858777270868973], [89.86152493601885, 21.85728140478393], [89.8663484934096, 21.846426735669183], [89.8640817870065, 21.84005932527459], [89.86555474893146, 21.83756411175754], [89.86515521095187, 21.835691611010194], [89.86275090003902, 21.833692660723386], [89.86141423785675, 21.833441957807004], [89.85967550608237, 21.834314038262143], [89.86034096029587, 21.837559780710286]]], [[[89.62620232990159, 21.936172572698748], [89.63157336067906, 21.92888619143995], [89.64726253628848, 21.910866404823487], [89.64623923416536, 21.90855925886716], [89.6302298194383, 21.89114208376534], [89.62573046057734, 21.88037622870715], [89.62452131775183, 21.87057798455449], [89.62556234229574, 21.865970722016698], [89.62783759992995, 21.861366240699226], [89.65960557624705, 21.82695860804355], [89.66188091895125, 21.82158538480609], [89.67857364317484, 21.807597703029774], [89.69587153146131, 21.797834829151114], [89.6975219955413, 21.795340881323927], [89.69670546065572, 21.792458429572687], [89.69753529612842, 21.7890024641258], [89.69980341384685, 21.786125641477522], [89.70166310887443, 21.781903563654787], [89.70126601812943, 21.774988144226487], [89.70024317907233, 21.772489590653826], [89.69901293324045, 21.770758608843938], [89.69675311892149, 21.769793971494916], [89.69121167337285, 21.764886024615876], [89.68895241774823, 21.763729293488726], [89.68504640046882, 21.76333792530722], [89.68155981223373, 21.759297789123128], [89.67765852784147, 21.756985237905052], [89.66183639625648, 21.75292020073178], [89.65669616481927, 21.752909617692445], [89.65237581649254, 21.75405309606852], [89.65011006827602, 21.75577678352449], [89.64948715579256, 21.758272446076038], [89.64742870438359, 21.759228579898643], [89.64538107638931, 21.755766716907704], [89.64147284844742, 21.756526814025573], [89.63448515830527, 21.75535903157128], [89.62789555210385, 21.759377792141116], [89.62357629569763, 21.759944268605874], [89.6198664942498, 21.763200994608084], [89.61307935029966, 21.76395349355728], [89.60978525099344, 21.765482223009197], [89.61551997575401, 21.77394678277857], [89.61899134167709, 21.783174174749792], [89.61813397132514, 21.796328975052276], [89.61544390479382, 21.802468863091867], [89.61028612793825, 21.808410908712833], [89.60286384035619, 21.814923594686903], [89.56286644326617, 21.84574547376869], [89.55811772679138, 21.85130264068111], [89.55521808907991, 21.857537171750735], [89.55623422842078, 21.861573281062213], [89.55601609503555, 21.865606062631077], [89.55436147632746, 21.868290508147798], [89.55168200156237, 21.869819679835473], [89.55023443858799, 21.872120675513113], [89.55081541281947, 21.883646105436533], [89.55469028435581, 21.894988477097627], [89.55693741632929, 21.900372343357194], [89.567386755374, 21.915957593271113], [89.57209342734048, 21.925189063364176], [89.57269838888453, 21.929415964028593], [89.57475034667081, 21.931533946978327], [89.5778360841121, 21.932310114523585], [89.57803845349966, 21.93346309858301], [89.57556718053775, 21.933840986232095], [89.5749472883543, 21.93460760000136], [89.5755592054576, 21.936529860042814], [89.57925898914795, 21.93846005021895], [89.5899380157999, 21.947513922193668], [89.60928883872108, 21.948137304276777], [89.61752564577759, 21.94758044939031], [89.62109071484323, 21.946539291680573], [89.62371263746626, 21.943465387784528], [89.62620232990159, 21.936172572698748]]], [[[89.63273396010433, 21.877703066078563], [89.63353887545425, 21.884811143459476], [89.63538278764794, 21.888080398603677], [89.64030882388303, 21.893277094278613], [89.64663630206631, 21.897466194019483], [89.6487471478014, 21.893103326892533], [89.65081032560157, 21.890995028325694], [89.6530963336701, 21.881780597526962], [89.6615561692245, 21.872194663640737], [89.66218044848176, 21.86912303738366], [89.66157156162545, 21.865664342630215], [89.65726756061039, 21.858549134021782], [89.65130340322696, 21.857384144684428], [89.64202747977815, 21.864278586033276], [89.6350150413531, 21.870793547070416], [89.63273396010433, 21.877703066078563]]], [[[90.28829052433198, 21.92179565452918], [90.28302690058214, 21.911124175339708], [90.28056093798172, 21.901181262399344], [90.27530416111752, 21.89368912016642], [90.2716200429746, 21.885705211046552], [90.26845658850058, 21.875763223804285], [90.26496168684469, 21.875442785942617], [90.26582589942893, 21.870386489172983], [90.26511695019558, 21.864843438298593], [90.26336111193119, 21.860035560500574], [90.26178570111064, 21.858244399651777], [90.25986276915377, 21.85759524936794], [90.25933422282556, 21.854987028565493], [90.25985333214047, 21.852377157452402], [90.25915029605477, 21.849932398570576], [90.25722517373569, 21.847652453513916], [90.25581810165099, 21.842110148482114], [90.25266930455139, 21.839669132401646], [90.24986654785471, 21.834781377554208], [90.2461973834496, 21.83380860071637], [90.24165051244971, 21.83055406368654], [90.239725112898, 21.827784617308094], [90.23447769549341, 21.8230633111482], [90.23045051218196, 21.81654616955035], [90.22712794935788, 21.81353400910448], [90.21996271572142, 21.809956340100584], [90.21105486689486, 21.80866328565884], [90.20790816265865, 21.806221392083675], [90.20650661042687, 21.803124783719813], [90.19794789673008, 21.801178381870873], [90.19427852899207, 21.79938904865381], [90.18816638213943, 21.798906832117954], [90.17769264444283, 21.80136460097954], [90.17245319977962, 21.800554762535857], [90.16494553202024, 21.801133315540294], [90.1291574358981, 21.809807531556963], [90.10873277547923, 21.818464880120864], [90.0979101538305, 21.82556509968125], [90.08691478147264, 21.837801538837848], [90.08482207982033, 21.84285758824917], [90.08360480956364, 21.852153015595682], [90.08832753801818, 21.86275002345534], [90.09164933435777, 21.866824860137285], [90.09968580528144, 21.867961679275133], [90.10405590566664, 21.871301833867246], [90.11349938111742, 21.88368871539858], [90.11437769233389, 21.889558420244487], [90.11827046386364, 21.898718566072212], [90.12797634405209, 21.89559376717471], [90.13945317743627, 21.895693709477765], [90.14706159518258, 21.89197128295874], [90.15045769396292, 21.891968214791152], [90.15198241083327, 21.894261912591112], [90.15760700204446, 21.897316847813414], [90.15503099395158, 21.89764708409529], [90.15327266767997, 21.896228023504833], [90.15198495924605, 21.89666627111832], [90.15023201607862, 21.900055893471965], [90.15035093236779, 21.90180456392858], [90.15667889968461, 21.905405199312384], [90.16078414504275, 21.910756551493144], [90.16160420699664, 21.91086529369825], [90.1658162135663, 21.907254287156114], [90.16850924409954, 21.906486426588273], [90.17026559646887, 21.906266092353327], [90.1740153192646, 21.907683156810926], [90.17600974620358, 21.910631706483258], [90.17718676753526, 21.91533016956701], [90.1824727095424, 21.92723716413822], [90.18540162641276, 21.927780202626796], [90.18680919849716, 21.92909032891976], [90.18388149092621, 21.929749206180688], [90.17966116412057, 21.92713099687506], [90.1760218325158, 21.92046791372761], [90.17378720256423, 21.91292915989353], [90.1714403004093, 21.909215826903633], [90.16863018963846, 21.909765046647628], [90.16301158989896, 21.912612399088566], [90.15902923961235, 21.912616296352855], [90.1577398379812, 21.911633886224585], [90.15551117152945, 21.90857578948537], [90.14894755751591, 21.90366388193427], [90.14800854269765, 21.901697423474026], [90.14800211157623, 21.89546771933268], [90.14472499365547, 21.89743793994618], [90.1394564727299, 21.89908172165506], [90.12856507759827, 21.89898132459222], [90.12353304042333, 21.903247582875224], [90.11891338643596, 21.90423068609743], [90.11702188552132, 21.918337744962674], [90.11825032031484, 21.92453324916585], [90.12803801693595, 21.925341300378903], [90.13223088269231, 21.92387041202601], [90.13747336136163, 21.923376829289904], [90.14271775332242, 21.92483993239515], [90.1472659450532, 21.928912818384866], [90.14849155113117, 21.9310314752231], [90.14919311428167, 21.93347669348839], [90.14867140422385, 21.936086207303113], [90.14727668445644, 21.939348974962808], [90.13994559586594, 21.949465440920907], [90.13855007362818, 21.952238566491417], [90.1383784573008, 21.955663123788], [90.13977997846393, 21.958678660270298], [90.1460790912219, 21.964706620700042], [90.1513309604193, 21.97171358135645], [90.15903143537327, 21.979370197448972], [90.15973299469181, 21.981163450838043], [90.16165629117637, 21.981324473044012], [90.16724504856391, 21.97626400979859], [90.17353757159854, 21.97527891713586], [90.1842055402152, 21.97787631786467], [90.19976623251435, 21.978510585481853], [90.20886434571582, 21.983309615555452], [90.21480871967903, 21.983301942668238], [90.2211002490693, 21.981499939947508], [90.23070630938058, 21.97561621509751], [90.23471875066399, 21.97039248795289], [90.23889902985958, 21.96109183808867], [90.24640477917721, 21.954558333603774], [90.25408937572182, 21.950959044611945], [90.2598607230353, 21.95258076332451], [90.26283780482856, 21.955674328940095], [90.26634468900504, 21.9613757169371], [90.26775919738222, 21.9700158391324], [90.2728447201112, 21.978160599494906], [90.28002450241082, 21.984181897263294], [90.28790155438827, 21.98889700480255], [90.29315021724096, 21.99068163197206], [90.29664663735183, 21.990349257273806], [90.30441059608712, 21.975406024301364], [90.30376834707147, 21.968322431255366], [90.29881258094662, 21.939224665252105], [90.29372164738363, 21.928471656413024], [90.28829052433198, 21.92179565452918]]], [[[89.70806099781208, 21.991806614901805], [89.70474229423915, 21.988233445441224], [89.70457963152101, 21.98652703626362], [89.70541345551105, 21.98528769739689], [89.7097409095156, 21.98358929114152], [89.71274690849876, 21.977390383776946], [89.7222247135145, 21.977871975725932], [89.72273816647083, 21.97035043921986], [89.7180850406405, 21.968791393499426], [89.71426594557062, 21.966148110055567], [89.71161482441903, 21.961490389890898], [89.7116210838156, 21.95838815396844], [89.7146338861751, 21.948466949807116], [89.7171377417173, 21.943352899896812], [89.72780318189614, 21.930186874853902], [89.72565331421856, 21.924289343000897], [89.71403795491022, 21.913800125926336], [89.71188639913855, 21.909143256758718], [89.71190011883557, 21.902318461892317], [89.71523613463074, 21.896430292198183], [89.71723314879046, 21.895037881235385], [89.72505088510752, 21.891793847115476], [89.72970626355213, 21.89071598405729], [89.73054834600327, 21.884823375255586], [89.73272197144718, 21.877769426299615], [89.73422006004861, 21.876375992275182], [89.7342229322152, 21.874824855411696], [89.74121497272898, 21.867701123687183], [89.7418845358574, 21.865065454917815], [89.74055913776327, 21.86289194139452], [89.74056838200136, 21.857773516437046], [89.7417513828311, 21.84676291078191], [89.74274983667293, 21.84583361308418], [89.74375574110788, 21.84071672790719], [89.74326152170123, 21.838389518191143], [89.73313305471638, 21.83527114819736], [89.73080672236554, 21.835577655429134], [89.7293145773626, 21.834024065523078], [89.72400038395, 21.833007043981073], [89.71968159077349, 21.83268976008032], [89.70738335148219, 21.835150131986087], [89.70222965773124, 21.83700206084062], [89.6984006997657, 21.84071768428652], [89.69590720401254, 21.84148867880657], [89.69374077547756, 21.844586675874872], [89.68676076453261, 21.845504140511135], [89.68460152774111, 21.845345024377977], [89.68277713007313, 21.843790383447942], [89.67880151640686, 21.838664258708413], [89.67348841074664, 21.837257970213514], [89.6686537500052, 21.844538187313262], [89.66681438124496, 21.849652904931144], [89.66680575057794, 21.85337545188983], [89.67043750193953, 21.863619867381384], [89.67025578217958, 21.870444053077026], [89.66908461173833, 21.873853977519037], [89.66508177463788, 21.880127502758956], [89.65891821328405, 21.886474385067384], [89.65891563217299, 21.88755994590416], [89.66969965001171, 21.895492305461634], [89.67633366431929, 21.90155444163912], [89.67881957528206, 21.904816572681035], [89.68377842263871, 21.917234648813317], [89.68393101279824, 21.92336153085583], [89.69353168978961, 21.942457373334307], [89.69550248149694, 21.95378362078046], [89.69549025676389, 21.959522525276082], [89.69481471304186, 21.96448463398863], [89.69113601193982, 21.974016549222902], [89.68879956707006, 21.977889649759813], [89.68710220103674, 21.993551735337697], [89.69390397133805, 22.00147485630119], [89.69690529788879, 22.006384761573145], [89.70387047460517, 22.00761968890465], [89.7055348130674, 22.00715740854568], [89.70571927206962, 21.99831689360167], [89.70806099781208, 21.991806614901805]]], [[[89.5484332660606, 21.92128444570271], [89.54571554946688, 21.934529424048982], [89.54632616021088, 21.93664376649846], [89.542973062821, 21.955264672706182], [89.54275590285597, 21.958721157841627], [89.5444555068449, 21.961415040711735], [89.54583593475999, 21.961418863690113], [89.56009772720131, 21.94359568293937], [89.56690873428036, 21.93785174350879], [89.56794749273116, 21.934781336466397], [89.56775506317817, 21.930363524467595], [89.56407698120566, 21.92132665009789], [89.56080613565783, 21.914019475684693], [89.55261606636921, 21.900168671440795], [89.54691233806763, 21.881522744781496], [89.54547492171653, 21.880558300401848], [89.54602421424887, 21.902071305126597], [89.54825901405559, 21.911296608405667], [89.5484332660606, 21.92128444570271]]], [[[89.82741907200428, 22.03587003502298], [89.83857680792418, 22.02587705477605], [89.8405777529296, 22.021536212901033], [89.84158089609005, 22.017194382372413], [89.84142040376449, 22.011765578732273], [89.84092627772974, 22.00742200936409], [89.83926655804574, 22.00416342441564], [89.83660739465039, 22.002609671609402], [89.82097907399225, 21.997629983685346], [89.81515831701753, 21.997313246273404], [89.80950565692241, 21.995600654987996], [89.80501957465897, 21.992338417438834], [89.80419039991375, 21.990786304742777], [89.80436021273151, 21.98814981971808], [89.81634611963379, 21.979090113583005], [89.82582993041129, 21.975067627736905], [89.82949146419796, 21.97243477628707], [89.8358170306866, 21.966702264018018], [89.84364254501052, 21.957248667100377], [89.84214825602189, 21.95538582057605], [89.83749428240856, 21.95383014862204], [89.83583146235695, 21.954138778756377], [89.82004757946434, 21.944971008571063], [89.81506470964341, 21.94124292220771], [89.80908954684801, 21.933635977380955], [89.80743660585425, 21.92673185720752], [89.80744515772244, 21.920372595767596], [89.81044322829132, 21.91572294201251], [89.81676583741894, 21.91092196437094], [89.8420481157841, 21.895282297397184], [89.84554205330242, 21.891873316686578], [89.83990005824222, 21.88426775960423], [89.83724931261655, 21.876975273596727], [89.83825461782612, 21.869608726662232], [89.83826579746537, 21.859681821660754], [89.84026335917883, 21.856271459545912], [89.84026525594754, 21.854565305959678], [89.83694672738785, 21.8506844565081], [89.83362586438753, 21.848974983358932], [89.82365915128798, 21.84710318676512], [89.81203017896706, 21.846470051319628], [89.80870796622945, 21.845845657504576], [89.80754722606697, 21.84429343651257], [89.79309434369847, 21.843190077066005], [89.79076980807244, 21.84225656647673], [89.78778685291552, 21.837289293371715], [89.78463430234603, 21.83464847386864], [89.77865751382797, 21.832003830050034], [89.77633132507977, 21.832310698270646], [89.76934872066714, 21.8357133953432], [89.76785034357505, 21.837572732443128], [89.77017495427577, 21.8385065650549], [89.771832875477, 21.84052530675031], [89.7771338745805, 21.85045918424477], [89.77994676787665, 21.857985781955186], [89.7847535162264, 21.865902588557024], [89.78374491206496, 21.87365643705283], [89.78672105051025, 21.883615992248323], [89.78551251891412, 21.88586406168604], [89.78454810134778, 21.885074243602304], [89.7807504785527, 21.87574655443138], [89.78077013607427, 21.862872685269114], [89.77811512170351, 21.860542693336566], [89.77380519425819, 21.854177240811573], [89.76848980209505, 21.853239287120502], [89.76184090626354, 21.85493596767975], [89.75503268893684, 21.852599554288194], [89.75502951611412, 21.85446070067773], [89.75269997945135, 21.85647365770617], [89.75037495936493, 21.855849582312587], [89.74904382645616, 21.856933420535935], [89.74870275677353, 21.86189634180606], [89.74969316261983, 21.865620427540694], [89.7491911811327, 21.86763609581796], [89.74619322467832, 21.87150908300128], [89.74519117168761, 21.874376896934717], [89.73836761328734, 21.88010520086298], [89.7381907898312, 21.885998914852983], [89.73735497813969, 21.888634295480752], [89.73185421610839, 21.897466408836447], [89.72935667353981, 21.899789026906408], [89.71721280326466, 21.905352302901754], [89.71704425543919, 21.906592864069058], [89.72799818323432, 21.914987006684544], [89.7316474538561, 21.91902555128417], [89.73280797673887, 21.92073357381496], [89.73412614852953, 21.92701759834485], [89.73211925511913, 21.93337358336573], [89.72928529618103, 21.937556765975902], [89.72761830160923, 21.939880705776233], [89.72362407112634, 21.942200448342447], [89.72245716819268, 21.943749609709368], [89.71593886232348, 21.961110003210432], [89.71659981706944, 21.963127549119704], [89.72524167903592, 21.965468919972903], [89.74020398665999, 21.96719939643574], [89.74551951083149, 21.970154688099747], [89.74900531011653, 21.973727301595275], [89.75016444343261, 21.976598395208974], [89.74915663897414, 21.982180789056244], [89.74549090053335, 21.986207667400087], [89.73899835827692, 21.989919989595514], [89.7379974414117, 21.991624513541947], [89.74581115626444, 21.993187926029062], [89.74979969959792, 21.99490017706584], [89.75278835682317, 21.997851667366447], [89.75411249567551, 22.001576175866017], [89.75377039932508, 22.007004296572624], [89.74510280504649, 22.01738302562934], [89.74709573179403, 22.019092227040233], [89.75723748346903, 22.02220951206821], [89.75973002860279, 22.02368666073728], [89.76138970432649, 22.026015759221846], [89.76171885259974, 22.028187630181723], [89.76071111427115, 22.033769778372164], [89.75687810416014, 22.037796916087643], [89.74956005796933, 22.03670005511786], [89.74639861311002, 22.037005469821963], [89.74254432752181, 22.052354432895388], [89.74337404189546, 22.053596566253514], [89.74470456061172, 22.0539089248803], [89.75019487516138, 22.054072393249896], [89.75268725942348, 22.05609256325211], [89.75368228501269, 22.05795545082458], [89.75300526042741, 22.064468576374935], [89.75350226307782, 22.065710155264767], [89.7546650265634, 22.066952732126616], [89.75832390996082, 22.06804400899433], [89.76280584319159, 22.074564709088257], [89.7701234341159, 22.077211811840186], [89.77361343732092, 22.080163612489784], [89.77676530772648, 22.086527366008063], [89.7765953382288, 22.088853508992695], [89.78009128564445, 22.088237976022235], [89.78958638733167, 22.082201326007528], [89.79158576072172, 22.08049778126892], [89.79675513330166, 22.07305930525671], [89.81125003495599, 22.060048070241795], [89.81691095626948, 22.057107555174532], [89.82404128460178, 22.051604034869804], [89.82575147665189, 22.03928050291641], [89.82741907200428, 22.03587003502298]]], [[[89.8585398062521, 22.02496494428136], [89.86138382198186, 22.008371141852784], [89.8608883416905, 22.004803472224083], [89.86224525055114, 21.977583638688575], [89.86442172221182, 21.962230253696497], [89.86525739598031, 21.957732820501036], [89.86975593624736, 21.94765462846155], [89.87092364144816, 21.94315742018626], [89.87059570366822, 21.93834902833775], [89.87259346865152, 21.935093309243875], [89.87426181107253, 21.928502670851863], [89.87493366459334, 21.92043775441576], [89.87693497942729, 21.912994114971113], [89.87710694114362, 21.906169658856673], [89.87628252703811, 21.89841359364552], [89.86831437273489, 21.88786023164399], [89.8663246913564, 21.883050462895465], [89.86067877101696, 21.878392618416193], [89.857356983836, 21.87668362386836], [89.85486275194901, 21.878387597136445], [89.8522038453734, 21.878385233168046], [89.85137370250624, 21.87760891162331], [89.8450553105668, 21.88093774965822], [89.84405608749185, 21.882953243005637], [89.84853769221039, 21.888075874065866], [89.84903427385063, 21.889937763133233], [89.84803096018223, 21.895520572179844], [89.84603419550888, 21.89784543533934], [89.81376625800368, 21.916734950031675], [89.81043594098198, 21.921228998441883], [89.80993110910026, 21.925881831021194], [89.81274534747833, 21.934803393045716], [89.82852373497764, 21.94722913269422], [89.84248390327792, 21.952361514969926], [89.84563976489618, 21.955311496918245], [89.84613503370782, 21.958569230455222], [89.8419709062369, 21.965234810464857], [89.83547876048809, 21.97158767858522], [89.82565966063648, 21.978169423361965], [89.80702083851281, 21.988385328739962], [89.80635292534936, 21.990245949192694], [89.80718221390674, 21.991953050918006], [89.81250138371429, 21.99413062230317], [89.82031686631743, 21.99506993112536], [89.83794007838523, 22.00051694650153], [89.84026696767563, 22.00191535508122], [89.8420942330327, 22.004243530153595], [89.84407780261594, 22.015413013472113], [89.84423996151133, 22.019135692721775], [89.84340492100029, 22.02239185797263], [89.83973864711339, 22.02804959467017], [89.83041324962008, 22.03626080069036], [89.82857934941532, 22.03951612646277], [89.82757282973776, 22.04618425155131], [89.82790115667343, 22.049907105857564], [89.82892043584516, 22.05077294787476], [89.8370509500659, 22.05076966666701], [89.84037978870121, 22.049842106916934], [89.84404264682158, 22.047519244250452], [89.84720729577221, 22.044264994292412], [89.85403728950182, 22.035740635334506], [89.85670435354272, 22.03054699115649], [89.8585398062521, 22.02496494428136]]], [[[89.54903760085445, 21.96195958915141], [89.55240265572573, 21.989179398632558], [89.56392451622006, 22.017299001457896], [89.56875760583426, 22.036869001234688], [89.58757463835619, 22.03135396178086], [89.59389838018868, 22.027166496963563], [89.59840789778892, 22.026673095452537], [89.60617856501503, 22.020807152783778], [89.60726459543369, 22.01929649061624], [89.60799923971813, 22.014422191928812], [89.60675413664184, 22.008198146433195], [89.60496191040758, 22.004326811080904], [89.5972346692942, 21.995228673066908], [89.58806064456374, 21.987975788553133], [89.57221451110803, 21.981714177397865], [89.56285636303966, 21.97647749042883], [89.5623216369414, 21.97445827785311], [89.56304911404317, 21.97244242741196], [89.56666733238642, 21.96808046872038], [89.57768753576701, 21.959870587363856], [89.5825696737212, 21.954502466184817], [89.58323080218764, 21.950299717971106], [89.57732505150858, 21.942431398191115], [89.57136616035073, 21.942415965604972], [89.56540135404231, 21.94444858887636], [89.55501884731576, 21.954953868434174], [89.54903760085445, 21.96195958915141]]], [[[89.75416259435583, 22.134076469633474], [89.76656757898309, 22.114586259866215], [89.7684099548139, 22.107609497546527], [89.76875222940116, 22.101716136798405], [89.771260458159, 22.094584990290528], [89.77392955712449, 22.09071122631258], [89.77410105348916, 22.0874542568207], [89.77178065753706, 22.081557173418215], [89.769454664089, 22.07922725216584], [89.76080790943342, 22.075259712849288], [89.7584853621996, 22.07106853897111], [89.75150359664093, 22.066870321261906], [89.75034167874419, 22.065162447771897], [89.75118646254649, 22.057874035630704], [89.75035638292518, 22.056786939167722], [89.74270344308565, 22.056309812136416], [89.74021405045725, 22.052893667816726], [89.73988602832584, 22.050256487862935], [89.74206784767415, 22.039868009519154], [89.74307130073913, 22.03692264417509], [89.74507227490736, 22.034444103956602], [89.7500644236358, 22.033676240271966], [89.7537224176723, 22.034767616194223], [89.75738258288374, 22.034618079691132], [89.75821732982357, 22.032913201716426], [89.75590390958517, 22.023836287266757], [89.74609290593168, 22.021804987077637], [89.74443074824828, 22.02102684604647], [89.74244035034276, 22.017921499989285], [89.74244399387615, 22.015905394262653], [89.7441146887696, 22.011720222602666], [89.74944860207317, 22.005369273361758], [89.75028408365728, 22.003198868735513], [89.74912790451498, 21.99869931027973], [89.74763247856843, 21.99776617508981], [89.73666021801284, 21.99526753167213], [89.73433764275272, 21.992161548320905], [89.73417547456984, 21.989834888374865], [89.73584496459739, 21.986425345603816], [89.74683633668198, 21.97775678000799], [89.74700447048113, 21.97682647808858], [89.74617516368234, 21.97558435544011], [89.73255008386266, 21.969823793499494], [89.72872567489173, 21.969662520133276], [89.72706214404568, 21.96996976206384], [89.7263953660049, 21.970899495465574], [89.72504505774715, 21.981288964629403], [89.72204977409422, 21.982214761013047], [89.71573659685093, 21.979101707871024], [89.71240112075002, 21.98390425486258], [89.70790527542128, 21.986687988596326], [89.70757004581347, 21.987928229374493], [89.70989165095628, 21.9911895846629], [89.71022056939552, 21.993051280763204], [89.70821195509644, 21.99940718433448], [89.70769586514115, 22.007781551395706], [89.70453080377916, 22.010102548811478], [89.69921043754564, 22.009007039043954], [89.69839576565036, 22.009688212816098], [89.69936733328275, 22.01342802576209], [89.70582849298246, 22.026080431359624], [89.70631663686208, 22.031354911358164], [89.70531248533518, 22.03414476576681], [89.70030703519086, 22.04111538695321], [89.68215679155313, 22.048370849849114], [89.67915592975913, 22.051156925989307], [89.67898585989347, 22.05270769527314], [89.6796473500126, 22.054570088127473], [89.68197111087119, 22.057056270002334], [89.68861778697153, 22.06110180281206], [89.70325323168483, 22.064385916358503], [89.70806921348014, 22.06904788784096], [89.71122025784771, 22.074249136271046], [89.71170622676908, 22.0807643928103], [89.7093536283181, 22.091927635625503], [89.70968118470137, 22.09440957932513], [89.7133263082401, 22.102636490239952], [89.71431145227818, 22.109307589936073], [89.71397190997635, 22.112564182651834], [89.71196958441607, 22.115042302433125], [89.71146268063373, 22.118763581040962], [89.71310979138383, 22.128495678779586], [89.72434044911971, 22.13266379040512], [89.73501503512719, 22.132486663557533], [89.74265021146928, 22.1346437022007], [89.74851232275377, 22.133677971058802], [89.75416259435583, 22.134076469633474]]], [[[89.48151689330524, 22.05267256588423], [89.49016150706225, 22.055725358974016], [89.50023840660273, 22.061808005263156], [89.51031184652201, 22.069234728542447], [89.51426442185883, 22.073617136035967], [89.51605641591819, 22.076984335179123], [89.52040306060246, 22.071618058379222], [89.52041440417965, 22.068256200123177], [89.51683933940636, 22.058831929903672], [89.5096691943508, 22.04637148227228], [89.49736205926492, 22.030415694610944], [89.49240696297244, 22.032871022102313], [89.48445330180151, 22.038561514228533], [89.4812043051283, 22.039559709056928], [89.47938132442769, 22.044933283303653], [89.47900248950221, 22.04997490642157], [89.48151689330524, 22.05267256588423]]], [[[89.44759077326796, 22.05928533680645], [89.44468833660345, 22.0636461096062], [89.45115183508042, 22.0710641348782], [89.45944251590842, 22.07243643037579], [89.47061152508398, 22.075835109986514], [89.4878837352033, 22.087320700778296], [89.4885956150001, 22.090012313836954], [89.49581258379325, 22.08936252510942], [89.50520124493084, 22.086701537617643], [89.5135187513979, 22.080674937398953], [89.51387194588364, 22.077843172954243], [89.50705618097757, 22.071914630102224], [89.49157907775152, 22.062789783908915], [89.48474579120763, 22.057389342542905], [89.47826755291888, 22.053670694062472], [89.4725160157941, 22.04860943965054], [89.46061116615361, 22.049579102535105], [89.45157352528007, 22.055264373845368], [89.44759077326796, 22.05928533680645]]], [[[89.8868410194489, 22.086206378625967], [89.88162874458739, 22.078211948065757], [89.87678721288003, 22.07334441581605], [89.87119964287432, 22.06951851083247], [89.87156781150581, 22.074382758430428], [89.87826590956388, 22.087589838601435], [89.88484362937191, 22.089753567336817], [89.8868410194489, 22.086206378625967]]], [[[90.1716187533372, 21.97878692726402], [90.16795300985181, 21.983682675646893], [90.16480787224084, 21.98531661008682], [90.1581639377215, 21.9851599605088], [90.1553652800551, 21.984021167997664], [90.14871373659116, 21.977656234747784], [90.14657959292981, 21.972552465249912], [90.134098619439, 21.959231404028973], [90.13287746983988, 21.954126411370773], [90.13347918146582, 21.94703457056994], [90.14471276332166, 21.930856974357432], [90.13528738645263, 21.930014046402352], [90.12343104406457, 21.930590581981185], [90.11522013045698, 21.927476471053215], [90.11095897576263, 21.921238975737317], [90.11065233328421, 21.9175516172823], [90.11337576180415, 21.901806798699702], [90.11002945478697, 21.898405242250746], [90.09846847800183, 21.882244077656793], [90.08691289769533, 21.871188104348732], [90.07505601959411, 21.861833079025356], [90.07019317406689, 21.860133298354295], [90.06472371386855, 21.860419284522642], [90.05165857069089, 21.863827743096603], [90.0416319910089, 21.869220096151437], [90.02704746995761, 21.87971840959339], [90.02400890976695, 21.883406467229566], [90.02006012967009, 21.899291748825917], [90.0215814009052, 21.90808487867008], [90.02340571712071, 21.911204710638494], [90.02553338660948, 21.911488140594532], [90.02705389171905, 21.913757303476395], [90.02462272933377, 21.918863422723728], [90.02280002755874, 21.92666429983547], [90.02766802748626, 21.946235780418938], [90.03283810015012, 21.95077305567907], [90.04895446350596, 21.95388939114235], [90.05625358468855, 21.957858068797126], [90.05899129852568, 21.96040996304149], [90.06750815045172, 21.965796133950416], [90.07359307798609, 21.97146671044616], [90.07815926801572, 21.9799740958789], [90.07876991174571, 21.98451229208271], [90.07603969438712, 21.997561825664786], [90.07604302111943, 22.00380191391162], [90.08244198957756, 22.022945379959985], [90.09188565268144, 22.04307982127864], [90.09767165688972, 22.050451207910132], [90.12080932111296, 22.0657529754622], [90.1415216130633, 22.085308226020434], [90.15188475347276, 22.099339652116473], [90.15584983226837, 22.106994330508417], [90.15646257023923, 22.110397480919758], [90.1610346629068, 22.115782377150722], [90.16742626242667, 22.114925017553183], [90.17442226197932, 22.110379293084076], [90.18020304095829, 22.108103957739406], [90.18720210560019, 22.106677677947445], [90.19176825507898, 22.106672382491727], [90.19633567044099, 22.107801629141605], [90.20273114497238, 22.11006287758432], [90.21034705299172, 22.114024452502917], [90.2143099929194, 22.117706764064277], [90.21766453024803, 22.1216732437909], [90.22438255803978, 22.13471211409001], [90.22560677999905, 22.13868133269243], [90.22501509166392, 22.149460757522238], [90.22656146129769, 22.164491839710493], [90.22900419856855, 22.168459600471774], [90.23518087907561, 22.174442569710212], [90.23846593778512, 22.181174605884507], [90.24046380586088, 22.191985503670203], [90.2406256548487, 22.197658265542536], [90.23957077788666, 22.204183456650334], [90.23273660078438, 22.21589366906493], [90.23183111810266, 22.221000480290027], [90.22696164819074, 22.223985845858024], [90.21995911131647, 22.226831673529585], [90.22167023711842, 22.249378965446226], [90.22153572603791, 22.260654214941894], [90.22048144008994, 22.268597620633862], [90.21851704182154, 22.279094982129294], [90.2171506535948, 22.282358745815095], [90.2150193440861, 22.283779677675714], [90.2122819699018, 22.28747066609959], [90.20743983743267, 22.31080643563667], [90.20791094227341, 22.320165849424395], [90.20883119007297, 22.323993761453615], [90.21418471685939, 22.336041507951915], [90.21571231055066, 22.338166752001015], [90.2181525091168, 22.33873094547198], [90.2381142477411, 22.333597117398657], [90.24543183346566, 22.333869931429756], [90.2532119312547, 22.336836136347177], [90.2558069219674, 22.338675879341302], [90.2675678592948, 22.350498694374416], [90.27047457645341, 22.35574129576156], [90.26789263506366, 22.360992731334267], [90.26768993644373, 22.374359632725888], [90.2744627866364, 22.406860056377592], [90.28271952665371, 22.417092164147373], [90.29631064266775, 22.4245488629712], [90.30081895659792, 22.428298696354915], [90.30510280386977, 22.433998765241586], [90.30940841202813, 22.449625935296375], [90.31005545831029, 22.46607534260287], [90.31158244185328, 22.466497845507977], [90.32057908924585, 22.46392755013535], [90.32866394608169, 22.463060393722717], [90.3408725164129, 22.464027953336657], [90.34759034132446, 22.465573392639588], [90.35431455576465, 22.469813199778915], [90.36059272271487, 22.478308428710164], [90.36243863329624, 22.48397676333806], [90.36168276269191, 22.486531397138737], [90.35849017891998, 22.491360113011932], [90.35946607703954, 22.493273134483655], [90.36138806275439, 22.494012159862503], [90.36442618765813, 22.493559268319924], [90.36921428852574, 22.48923720865687], [90.37448527541616, 22.486103260855334], [90.38615924701739, 22.48473756976445], [90.41717115681692, 22.47722737630062], [90.41908545040492, 22.475587274937453], [90.41793499955335, 22.465332528536436], [90.41855816530597, 22.459830663219055], [90.42493534017432, 22.45304984132583], [90.42508965699533, 22.451265515538438], [90.42668536687165, 22.450071931342425], [90.43259777105789, 22.448421052742912], [90.43852078108006, 22.45018898876147], [90.44493044455187, 22.45403655238926], [90.4482927759633, 22.4552166186537], [90.44892953792211, 22.454322750042483], [90.44602094623426, 22.444965182671645], [90.44599766193096, 22.437681078734823], [90.44662960329917, 22.43530058497502], [90.45235478385281, 22.425621729007478], [90.45234130130387, 22.4214593783508], [90.45041351569637, 22.418565996149148], [90.44800951320916, 22.416937251572605], [90.4408098434574, 22.41547040009188], [90.4352175755944, 22.416674934881836], [90.43284156562038, 22.42381701694573], [90.42981145718635, 22.426501134544047], [90.42597881217415, 22.428146432943347], [90.41126452444162, 22.42714396423086], [90.39942212302373, 22.423903094875936], [90.39461552578182, 22.420347044781725], [90.39172653655282, 22.416637431586434], [90.38975798334677, 22.398654346856922], [90.38750749024726, 22.394199770403173], [90.38542337994141, 22.39212353584103], [90.3754961609741, 22.386274760013553], [90.36972413408769, 22.379895615038897], [90.35993443843951, 22.364605499861806], [90.35577175657772, 22.361938635481366], [90.34823910630779, 22.353704340905395], [90.34631055226448, 22.349248451526055], [90.34838138098996, 22.346716719581966], [90.35477216946846, 22.345959512765162], [90.35701211950511, 22.34699520777092], [90.36724027773438, 22.34697234415432], [90.38050854699456, 22.348428394098136], [90.40113782837557, 22.35298712581683], [90.40913092653065, 22.353636216805256], [90.4139197559021, 22.35184010578099], [90.41647127649442, 22.349900842571774], [90.41870240609576, 22.347813870770533], [90.42029121373321, 22.344687925899937], [90.42028898539854, 22.343944598194415], [90.41372984116634, 22.341582698719126], [90.41036792741949, 22.339510024575787], [90.40732276841915, 22.336544650400242], [90.37415316819889, 22.302357641900755], [90.37045850344235, 22.294784212220748], [90.37188745467117, 22.29136180019035], [90.3745996350907, 22.2900173798187], [90.38306187912802, 22.288510948891677], [90.39935472434927, 22.288025906487125], [90.40366447254519, 22.286825846938857], [90.41259632624282, 22.282194856897725], [90.4172146980986, 22.27735148930265], [90.41624120220263, 22.272299387611877], [90.41239471066241, 22.26784915450612], [90.40727394999908, 22.264442928180323], [90.40230787368998, 22.259251905467487], [90.39973456614675, 22.25301451427914], [90.39842980310647, 22.243354531951226], [90.3942336556296, 22.227680544976675], [90.39244053882754, 22.214453706711573], [90.39274047618684, 22.20761435596565], [90.39440453091206, 22.204631577771522], [90.39666218666517, 22.203178357609538], [90.41248581468878, 22.201559745695704], [90.42731533854692, 22.198363201131016], [90.43197238994503, 22.19611353616488], [90.43182468012013, 22.19400839173899], [90.42884479800529, 22.19006802909162], [90.4237451391015, 22.18600157394825], [90.40421994480262, 22.177365319772274], [90.40011206125543, 22.173953730667634], [90.3981265280001, 22.17132651596691], [90.39613277552534, 22.16573803017749], [90.39612135173898, 22.16165823519493], [90.39891098914833, 22.14875414800583], [90.39650143239686, 22.14586481308704], [90.38808443767566, 22.139704174014646], [90.35691471952752, 22.150815831697418], [90.35388356022538, 22.15256267156484], [90.34945742531747, 22.156704568732216], [90.34644209622421, 22.16475831883033], [90.34387947507435, 22.167156424811058], [90.34154543178815, 22.167596389762462], [90.34480348475832, 22.16323951042329], [90.34945098072203, 22.154094511021988], [90.357839917109, 22.147551567962104], [90.38466605363219, 22.138790485159227], [90.3854391070437, 22.137340912567577], [90.3843194890174, 22.133917852991964], [90.37622984295105, 22.119788935283008], [90.37480012705001, 22.113080269206037], [90.37491697015514, 22.103867501389235], [90.37825569322054, 22.084776965907555], [90.37570380577003, 22.08109766870811], [90.37060824518527, 22.07650316871485], [90.36014309458956, 22.069946112816513], [90.3568928298713, 22.068900444389733], [90.34473332346083, 22.062082942047695], [90.33894180142617, 22.056796626982006], [90.33350170438355, 22.04930695477451], [90.3292824669627, 22.04018391878661], [90.32575567258455, 22.02747213175464], [90.31627020063745, 22.008738494914176], [90.30992597900044, 21.9864110650477], [90.3079946759195, 21.98250133576986], [90.30554697130434, 21.982505911017242], [90.30432455356663, 21.983323267152194], [90.30223954296815, 21.989360496981497], [90.29874896517556, 21.992465170177717], [90.28773677330456, 21.993952401275457], [90.28461232730699, 22.00537241897957], [90.27990071916477, 22.010272160169414], [90.27345245153363, 22.021697594220274], [90.2720619549124, 22.026102539501608], [90.2729392602764, 22.027568623639077], [90.28029787235013, 22.03424173123278], [90.28397989927846, 22.038964381688725], [90.28415949123506, 22.04124669015743], [90.28137423598977, 22.04810020336016], [90.27962465991003, 22.047940297666674], [90.28049060877721, 22.043535917075324], [90.2799545459892, 22.037666674382844], [90.2722413378561, 22.02838514910161], [90.27048705864567, 22.02561587149145], [90.27030647045035, 22.0226810818771], [90.27082595269752, 22.020071225285548], [90.27535639235143, 22.011340000294716], [90.27639823579477, 22.0077506932204], [90.2819806865987, 22.0010556366319], [90.28353752290373, 21.992573757834716], [90.27040526621143, 21.98248598011276], [90.26550044067797, 21.97743886673495], [90.26058703897043, 21.96749995485176], [90.2593514785179, 21.960816317739557], [90.25706761904907, 21.95478649359947], [90.2437970702875, 21.963041477711037], [90.23333233330743, 21.97773252526169], [90.23036462683272, 21.980345735193513], [90.22564881834617, 21.983450583259984], [90.22232791011155, 21.983944112483783], [90.21953278593018, 21.985415430239414], [90.2137649475637, 21.986727695196112], [90.20851947599114, 21.986571257415072], [90.198373219082, 21.982670447333902], [90.18421153612324, 21.982523766368217], [90.17301695595044, 21.97829617899107], [90.1716187533372, 21.97878692726402]]], [[[89.48797849571811, 22.09372063616039], [89.47727786002191, 22.111033897672566], [89.47191069895105, 22.124027021708542], [89.47123020167564, 22.128155140956313], [89.47076530111207, 22.13393608089515], [89.47162883901761, 22.140134070517842], [89.48185758592096, 22.143630350920457], [89.48892634539189, 22.138124280039445], [89.49649536837634, 22.129061082264418], [89.49918732826406, 22.119982624727314], [89.50101131267787, 22.105532293050917], [89.50235912593905, 22.100373610228136], [89.50793143909138, 22.091097046474356], [89.50882853625043, 22.08800211749255], [89.50372272053664, 22.090671288496328], [89.48797849571811, 22.09372063616039]]], [[[89.67191312753263, 22.34777317133702], [89.67894458729472, 22.33246593296729], [89.68842772902988, 22.327942520561756], [89.68858812993453, 22.321434565511783], [89.6913694899721, 22.31574525362529], [89.6957500128186, 22.31168589405485], [89.70421016995905, 22.30763390162482], [89.70581646739625, 22.306009539504807], [89.70524757181396, 22.29936470596922], [89.6997557857851, 22.278270782338122], [89.69976186256284, 22.275423603599304], [89.7018058011748, 22.273393540267733], [89.70457597629698, 22.27231364862398], [89.70719795160328, 22.272318396332874], [89.72263292080079, 22.27600661001969], [89.73049395976723, 22.279002554021815], [89.73428130437689, 22.27928010478943], [89.73501193368514, 22.278061112366426], [89.7306598111642, 22.268427124411655], [89.72426919031001, 22.258789567340237], [89.7183241591732, 22.24515260872066], [89.70626485905942, 22.230894397980755], [89.69668076385751, 22.217860397233963], [89.68754882043686, 22.19872487818288], [89.68740810035186, 22.196555247455358], [89.68989178132084, 22.19276361232993], [89.69164183726863, 22.19141094184462], [89.69571777331066, 22.191689635865902], [89.69644944805279, 22.190063978135516], [89.69150698106705, 22.186529336108713], [89.6899164788136, 22.1815094491895], [89.68992421137557, 22.177984385626143], [89.69170600217687, 22.171306599900692], [89.69922920548075, 22.15736146761728], [89.69958009487323, 22.148831707747124], [89.70075256127853, 22.145576692991614], [89.70894337010785, 22.129616190803286], [89.70746171215987, 22.121626013169976], [89.71032569552314, 22.104880203380745], [89.70617980177003, 22.09758315698011], [89.70469298649735, 22.092151919303088], [89.70587994760925, 22.081606925589398], [89.7052350251554, 22.071679453619403], [89.70257514115887, 22.070433814588814], [89.68826962396147, 22.06808053111566], [89.68211692822146, 22.0662075985039], [89.67514260483003, 22.059989782222583], [89.67365237180594, 22.056729618523136], [89.67282890640661, 22.053160780137432], [89.67333763257349, 22.048974045967146], [89.67584230007932, 22.044946268501104], [89.67902882718498, 22.041849489957194], [89.69002344374891, 22.0371894003684], [89.69944352184727, 22.034866178453466], [89.7000771285383, 22.031941295421515], [89.68882256321746, 22.012316868352983], [89.6885149812421, 22.009390516468258], [89.68507280128627, 22.005287639462917], [89.67944788491607, 21.99503612288604], [89.67788932183952, 21.990644270763887], [89.67726904964192, 21.987424503641723], [89.67759720491287, 21.980988048394096], [89.68043232421931, 21.97572702379102], [89.68420599018985, 21.971638008545863], [89.68673899043958, 21.96081720870579], [89.68675373800923, 21.95408761747077], [89.68582501896978, 21.948526479010283], [89.68270437239859, 21.94149836086549], [89.67710613445924, 21.920713277597986], [89.67397954369446, 21.916611050092033], [89.67211223405927, 21.91046268106293], [89.66616649827573, 21.905476612167924], [89.66146313203046, 21.905467004488116], [89.65802000653916, 21.903119359466267], [89.65393258301827, 21.907792149150968], [89.64762781303787, 21.921530534298434], [89.63755562804879, 21.936430917849265], [89.6249759727319, 21.94986190032195], [89.61430465061002, 21.952762969895318], [89.60709084561668, 21.952745876491026], [89.58815727664287, 21.95057639920512], [89.58237584484397, 21.959210070340646], [89.56756055211109, 21.970773116342052], [89.56412495679228, 21.97429480909973], [89.56466094321081, 21.975809501938354], [89.5666408059785, 21.976823775871374], [89.58284617878412, 21.98325481643723], [89.59004567593928, 21.987308257466815], [89.59652134065173, 21.992368361273712], [89.60407198342631, 22.00012110268203], [89.60802096795165, 22.006519924822005], [89.60925781630161, 22.01577048192837], [89.60816212577458, 22.020811907167598], [89.60418332673457, 22.02500589786695], [89.60093169940959, 22.02701551154322], [89.59822346363936, 22.028185909007675], [89.5935343868684, 22.028342327349243], [89.58612668048659, 22.033199822742894], [89.56909526317732, 22.038466435378407], [89.57398020811148, 22.053115477513735], [89.5796230264398, 22.06316386586011], [89.59642286045893, 22.089171777983946], [89.59918061498723, 22.09148345177296], [89.60261752863042, 22.111152551672436], [89.60377665340489, 22.11291790914917], [89.60431744014588, 22.12769852804181], [89.59392799387396, 22.147536896557746], [89.5701100826718, 22.178322473902984], [89.56353932962934, 22.184677523994395], [89.55856909735807, 22.19117243673598], [89.55548678581056, 22.1990280447065], [89.55415295431803, 22.20648184136435], [89.55472617128498, 22.209398629191618], [89.5582109597299, 22.21252661197916], [89.56578129282194, 22.213089317013818], [89.57800394614713, 22.216104444477253], [89.58643608315789, 22.220871586657104], [89.58963235133602, 22.223455837374967], [89.59195327154421, 22.226580167051985], [89.59774112147643, 22.23961116153856], [89.59944995859402, 22.253377543313352], [89.59737577812876, 22.26557531721744], [89.5939988066131, 22.274786828657373], [89.59413932058618, 22.27654968503167], [89.61287557380771, 22.2971368200429], [89.61505740594711, 22.29849797751657], [89.61490806626223, 22.299853590373203], [89.61867251987968, 22.30867555859128], [89.62375537671244, 22.315060157253303], [89.63086560247775, 22.326533457940418], [89.63405446090086, 22.333184432160852], [89.63622158432246, 22.340510891206517], [89.63649494349598, 22.347562055847753], [89.63969080844706, 22.35177230920002], [89.6411173001305, 22.363842760457548], [89.6430100900076, 22.36479608839876], [89.65277799375949, 22.364410515971528], [89.6551089555429, 22.36495782611238], [89.65962095623252, 22.367814808126813], [89.66166322938265, 22.36727676159504], [89.6656056166243, 22.364573030306673], [89.66926095287576, 22.35997060555283], [89.67072545311773, 22.35699092293388], [89.67191312753263, 22.34777317133702]]], [[[89.47422063483762, 22.1585221856277], [89.47734349961026, 22.15336947826531], [89.47849969432738, 22.149835169910087], [89.47580909375837, 22.148614837667274], [89.46938349907741, 22.147768002885066], [89.46692725547965, 22.152509707950458], [89.46691636625609, 22.155400886174842], [89.468460321037, 22.157471077667562], [89.47422063483762, 22.1585221856277]]], [[[89.8865921208795, 22.164462148499492], [89.88696382419313, 22.165852012967008], [89.89312630553346, 22.154912375523267], [89.8936882704088, 22.151612351735434], [89.8911653406351, 22.144708377833528], [89.88921458862849, 22.149698592001815], [89.8865921208795, 22.164462148499492]]], [[[89.69717411851971, 22.191556835148102], [89.69731730890992, 22.19264178308306], [89.70662137829187, 22.19943849209937], [89.70887501919137, 22.200540487261872], [89.7099696620582, 22.199715519046975], [89.7098444719251, 22.189817358041836], [89.70897637488898, 22.18710381942643], [89.70693804447484, 22.187235962728064], [89.69717411851971, 22.191556835148102]]], [[[90.3131239655255, 22.473656559459073], [90.3022791102449, 22.468713914183297], [90.30028581423842, 22.464179460823036], [90.29997017244234, 22.459216423488954], [90.30086757107296, 22.450847558116166], [90.29993875391945, 22.444609315043213], [90.28418892548068, 22.4271233269484], [90.27242077252208, 22.415656213998542], [90.26431332762317, 22.403331652008912], [90.2620112882644, 22.39553529911275], [90.26092334170187, 22.384546212944073], [90.26137125083041, 22.37958180486203], [90.25828138313359, 22.357746455464994], [90.25674613267732, 22.352076295004725], [90.2526163928632, 22.344850093857488], [90.24544858709454, 22.343442746687842], [90.24240125960846, 22.344298240708355], [90.23143220569865, 22.34899426604619], [90.22991263026793, 22.35197488346085], [90.21969130330213, 22.34794712247265], [90.20763600243887, 22.340446578032175], [90.20275133343989, 22.33591449116274], [90.19893042011051, 22.329111952845032], [90.19785108011999, 22.320320442601144], [90.19873482542607, 22.29854968886706], [90.20176301200551, 22.284647606269864], [90.20799073941085, 22.271166839436635], [90.20950326136351, 22.263506655106763], [90.20964549235254, 22.25676972103518], [90.20764029234232, 22.24003739288593], [90.20823508890064, 22.230251063363266], [90.21095972838516, 22.22175021137453], [90.21445906185934, 22.2160607879418], [90.2170372397952, 22.208753395812536], [90.2208360970009, 22.203217296564], [90.2302634354983, 22.193844096035637], [90.23071798356958, 22.1924250604093], [90.22918969595773, 22.189023526611024], [90.2250703730943, 22.184207464497113], [90.2232365421369, 22.180097093993684], [90.21514824768616, 22.16847847498404], [90.2085666418246, 22.145298838099453], [90.20656636935632, 22.130693575682997], [90.20442781642558, 22.12559068552457], [90.20320857187927, 22.12459954908898], [90.19925041177551, 22.12403695156699], [90.19027103088804, 22.125253194710343], [90.17703276498989, 22.128813820599408], [90.16896456079252, 22.12839690433594], [90.156023450526, 22.12628245438641], [90.14581498678857, 22.11678961732066], [90.13834543788471, 22.10495361694486], [90.13636236029235, 22.100417151158908], [90.131334756313, 22.09460644643894], [90.12417600459082, 22.087662537026226], [90.11808491155251, 22.08298689379435], [90.10788434293411, 22.07604442430519], [90.09859897242296, 22.07137012037576], [90.08900745181242, 22.062937085730766], [90.08063318316988, 22.052020922303978], [90.06540643769179, 22.02408803388835], [90.06418666770509, 22.017848158387604], [90.06190303377008, 22.012955958056807], [90.06235758275324, 22.008984515724034], [90.05946369426661, 21.9987742282099], [90.05702238795485, 21.979202998322428], [90.04546661904179, 21.982184929019905], [90.03436613659859, 21.98339318732771], [90.01672642124353, 21.981694034323812], [90.00091196350587, 21.998004921818243], [89.99467624808078, 22.007507271316967], [89.98813446193395, 22.028284516334423], [89.98722142203, 22.032397439932122], [89.98798169701234, 22.037219419259596], [89.9901113885989, 22.03877971915466], [89.99467504226267, 22.039772604446334], [90.00745352510592, 22.040907206747335], [90.01521243034892, 22.042892298176437], [90.023123623183, 22.047004356947614], [90.03073215224178, 22.055512527637816], [90.03560422397548, 22.069339472866773], [90.03621427733025, 22.074161520674757], [90.03575979369882, 22.08210381550723], [90.03119857017796, 22.10103826079783], [90.03089602954418, 22.108555019153403], [90.03165881050977, 22.117489980857957], [90.03485787287944, 22.127275079126147], [90.03485839612, 22.129402414350658], [90.03775136463685, 22.132734642237256], [90.04155761572724, 22.134293856546655], [90.065159293188, 22.14875199335586], [90.07018696683173, 22.156266843774958], [90.07140806470325, 22.162222827534656], [90.07125712483935, 22.164633956312713], [90.06882352231523, 22.170236908636948], [90.06669370170425, 22.173783520738372], [90.06182301692013, 22.178323540177253], [90.05786481379886, 22.180736052082434], [90.04598846977811, 22.185136487821428], [90.02725966557327, 22.193649975672386], [90.02528010952022, 22.19591962246929], [90.03091566262911, 22.19847143112656], [90.05543764047422, 22.204776013577593], [90.06183583525292, 22.20761022264574], [90.07387178057971, 22.214696342675516], [90.07783340680092, 22.21781445877364], [90.08073019433228, 22.222351403272484], [90.08851418833311, 22.247308121404913], [90.08760747211286, 22.259150636100994], [90.08821835772164, 22.261135879102362], [90.09065723519414, 22.26297810150996], [90.10117248654397, 22.265950110941052], [90.10605004499294, 22.268216305008654], [90.11138869311189, 22.27530381031752], [90.11475050767595, 22.286717987225696], [90.11567488179818, 22.298914167221046], [90.11400640605679, 22.308842591553496], [90.10853261883943, 22.325794033262486], [90.10396512356907, 22.333171786998957], [90.0987906515343, 22.345513236403875], [90.09909656183389, 22.34678941534311], [90.1080970755198, 22.35401667611296], [90.11175764940336, 22.355857734378176], [90.11709827960588, 22.360959414063192], [90.12121988327438, 22.366629290515977], [90.12427567792814, 22.37357595711375], [90.12946776710727, 22.381939511195576], [90.13459089595375, 22.38866155055485], [90.1349128638667, 22.391040090138276], [90.14067577392085, 22.39876559409208], [90.14963882306817, 22.40812341346276], [90.17444378847742, 22.42630992211842], [90.17636583927371, 22.428834844391815], [90.18085394162988, 22.437155086921518], [90.17607315600108, 22.450540138400616], [90.17639684716686, 22.453364346513677], [90.17896392529843, 22.459753974602442], [90.19194350917513, 22.47735546557385], [90.19755547703232, 22.48656594829845], [90.19531860523199, 22.488501110094944], [90.1962822926742, 22.491324485510177], [90.19980935817682, 22.496523467428176], [90.20397437154423, 22.500234618524132], [90.21037954726478, 22.503794252752968], [90.21342601366516, 22.508101442581058], [90.2140697965225, 22.51062785015256], [90.2139137855936, 22.513304097077164], [90.2112011030146, 22.517990392069937], [90.2056045390903, 22.52067367311094], [90.20064437566063, 22.520828426599277], [90.18783577955625, 22.515343582503217], [90.18639599145428, 22.5154937517908], [90.18591768355148, 22.516832466583597], [90.18705712951129, 22.531251097326827], [90.19236352406651, 22.549530172911897], [90.19910889301791, 22.56594907890989], [90.20503978570767, 22.57159065849898], [90.20664808822035, 22.576643083461384], [90.20537419617277, 22.58125314822847], [90.20361660263166, 22.583633847693946], [90.20089736599206, 22.584975420548087], [90.19433501538578, 22.58587531004949], [90.19209517501162, 22.58706737628739], [90.18698234024353, 22.594357571456086], [90.18284574967575, 22.61420841516188], [90.17965376219466, 22.62209098527123], [90.17917753307097, 22.62536206679377], [90.17981912835606, 22.626253444949324], [90.18270289114541, 22.62714200024178], [90.18975000136905, 22.627877138557245], [90.20401208000784, 22.634549496880613], [90.20913942537746, 22.636475292262], [90.21266338948082, 22.636916704813665], [90.21570662418489, 22.637209910767226], [90.22451277519728, 22.63600846095683], [90.2369975535558, 22.63205117387845], [90.24532189283298, 22.630403249039016], [90.24804481926459, 22.630696613999607], [90.25461905454769, 22.635294702624748], [90.26535702368271, 22.639439634281672], [90.27080302964188, 22.639876575088408], [90.27992486662143, 22.63673915999473], [90.28409044747626, 22.637475149291436], [90.2858550119413, 22.638958359577405], [90.2889099280969, 22.644602124905283], [90.29278012480782, 22.657082360823683], [90.29215040263715, 22.662212164018175], [90.29407378843888, 22.662951957024408], [90.29519372529182, 22.66235507912379], [90.29615652628951, 22.663096613810158], [90.29984011662884, 22.662792494860845], [90.30464100433258, 22.66099954889413], [90.3120066696141, 22.65979630473684], [90.32626659781769, 22.661700285487502], [90.33090353528405, 22.658420269822027], [90.33760243685128, 22.64666239150634], [90.33983946055133, 22.64457650801232], [90.34256118710854, 22.644198919322317], [90.34753228798934, 22.646715419584623], [90.34994043674229, 22.64908888586396], [90.35847012459465, 22.664827729698914], [90.37325098293388, 22.681443416008392], [90.37614896870485, 22.686565241953474], [90.37890431442054, 22.698154063128356], [90.38740592251236, 22.70185022281953], [90.39336008646092, 22.710903528384506], [90.39242567405444, 22.720419965102053], [90.38892960746944, 22.730685657221727], [90.38893885561299, 22.73395609743619], [90.38990729503729, 22.73633212692829], [90.39312133914973, 22.739594712830012], [90.39648698248425, 22.739437625232313], [90.40352018428104, 22.733325142283547], [90.40655039458665, 22.72826342682947], [90.40813442761959, 22.722015733418857], [90.41037245984347, 22.720226143072523], [90.4132539660128, 22.719326932510512], [90.41838136629048, 22.71909058213214], [90.42239036733343, 22.720120605262196], [90.43538982283218, 22.726329101121678], [90.43924430586623, 22.72899448317827], [90.44037222036087, 22.730923725471825], [90.4405489620026, 22.7361263124194], [90.43655682626758, 22.740596761135293], [90.43624170482451, 22.74238147527069], [90.43579052410007, 22.75174800206952], [90.4369275662828, 22.756501925127225], [90.43917479897056, 22.75753631693317], [90.4414187213024, 22.757530130630187], [90.44910893543118, 22.756468135753266], [90.45807523354972, 22.75346949876814], [90.47294729018142, 22.743615146079776], [90.4927571193009, 22.72593956561792], [90.50407811090605, 22.71044445790062], [90.50533326997714, 22.703230575649627], [90.50436315875538, 22.70070649218718], [90.50275497944318, 22.69907647404858], [90.49826316551281, 22.69745516064029], [90.49263770568308, 22.692567049049728], [90.4907128797368, 22.691829665345438], [90.48731551658261, 22.68247472705349], [90.4824918172589, 22.677435020911503], [90.47895903073942, 22.675067239067857], [90.47812874902263, 22.66652191895588], [90.47425384940561, 22.657614113974773], [90.46990801920379, 22.651383522666833], [90.46782128449308, 22.650051796034404], [90.46461601813638, 22.649466307282864], [90.45869165511988, 22.649780633738374], [90.45372287266309, 22.648605715701024], [90.44587379450945, 22.64833047437071], [90.44122003093315, 22.645370133770825], [90.44105232687633, 22.643140681732916], [90.44758843126897, 22.633831403002603], [90.44790318331258, 22.63204664865833], [90.44261031684908, 22.629534441184603], [90.42912835971134, 22.619610815339456], [90.4262329991954, 22.615307458734378], [90.42574616192303, 22.613227600562652], [90.42718040361274, 22.611142639014304], [90.42941114657373, 22.610791428018047], [90.43092253473128, 22.611829364209257], [90.42814767955667, 22.613221212305973], [90.42943394492772, 22.61500165889521], [90.43649942385423, 22.621374814161868], [90.44998364892359, 22.631595068349327], [90.44999526489914, 22.635162786163676], [90.44680771766974, 22.63992850952502], [90.44361327008244, 22.6426133317143], [90.44313751259301, 22.644101256165527], [90.45242684723354, 22.64422380348236], [90.46893706511014, 22.648487403965532], [90.47166482428759, 22.649966004888825], [90.4756850779097, 22.654562423213008], [90.481330575068, 22.6659920497803], [90.48149835533502, 22.66822144379495], [90.48023187455323, 22.672462022601792], [90.48087665373282, 22.673649140505006], [90.4874621334215, 22.67868354724078], [90.4887418780562, 22.678233893741435], [90.49144818822236, 22.67346856179961], [90.49767003076295, 22.666313916443073], [90.50403432946803, 22.654698793299588], [90.50717436122375, 22.637444795389683], [90.5098674697789, 22.62948325346889], [90.5118673504391, 22.607327178256128], [90.51052940188197, 22.591796879651156], [90.50972205883818, 22.59001557023828], [90.5049133142067, 22.588395374549407], [90.49754694225146, 22.58767505409918], [90.49498112651241, 22.586493917283804], [90.46952190851408, 22.584786461270937], [90.45558015486529, 22.58051552097936], [90.44980486349408, 22.576592220975783], [90.44819734752167, 22.574515556348672], [90.44690164463304, 22.56976203235024], [90.44960579046881, 22.56470037197903], [90.45101175411247, 22.55399280328811], [90.45386522964122, 22.545660130261354], [90.46086134712317, 22.53188937778168], [90.46085542873311, 22.53010549881344], [90.44835022334178, 22.522856444506033], [90.44048956800265, 22.51648585046422], [90.43775893427022, 22.51314851260497], [90.4318313928369, 22.510785786281247], [90.42989655439078, 22.505885290339563], [90.42843991021465, 22.50053744798663], [90.42826774579487, 22.496524040576674], [90.42921861713137, 22.493548234541322], [90.43096628332802, 22.48967847999694], [90.43974274197319, 22.48266791476442], [90.44371044335077, 22.472845394589797], [90.44386122163593, 22.47002047588279], [90.43999071655219, 22.459996669258942], [90.43774414391049, 22.457624036940274], [90.43550461425758, 22.45748160145979], [90.43118946328502, 22.458533784156657], [90.42847734402767, 22.46077069326725], [90.42481726314008, 22.466726949101712], [90.4243554543533, 22.472674456046093], [90.42021522141744, 22.47892913984117], [90.41750164020937, 22.480868597930225], [90.40071861819172, 22.485371113414033], [90.38201081208712, 22.48876134019406], [90.3757812932896, 22.492195324877912], [90.36779786236843, 22.498160042046095], [90.36540027009261, 22.498908819358746], [90.35947759747648, 22.497732767209754], [90.35659421879166, 22.496252526557953], [90.35388620677634, 22.50086693223807], [90.35197055841087, 22.50265504766395], [90.35197432014633, 22.504141685764182], [90.3612681866897, 22.509621642170885], [90.36608354514783, 22.515408565134805], [90.36656990707297, 22.51778591695762], [90.36530138128916, 22.522099947673723], [90.35778903912609, 22.525387372296734], [90.35321213834061, 22.525910435456808], [90.35030242219557, 22.52479800012236], [90.3524480319823, 22.52297467865486], [90.36193655061874, 22.520323632900954], [90.36385209076707, 22.51868417899567], [90.36400608234851, 22.516453867489872], [90.36207934527658, 22.51378219717094], [90.35727452175513, 22.512009011204384], [90.3513438422109, 22.5078596766985], [90.34925405832433, 22.503999110436666], [90.34940663852524, 22.500876708430383], [90.35437843373916, 22.494914745209485], [90.35452071568221, 22.49065972819642], [90.35329439785426, 22.48867721118438], [90.35219521998681, 22.476412353276032], [90.3488251719254, 22.47131435773923], [90.34683809709128, 22.469900591650344], [90.33676531764945, 22.46907104800482], [90.32700061234874, 22.46951658272718], [90.32044666686664, 22.472649567221936], [90.3131239655255, 22.473656559459073]]], [[[89.85405690220759, 22.247554961331545], [89.85262043510446, 22.252035250195895], [89.85386227583186, 22.255371726030443], [89.85702950501016, 22.260238105795644], [89.86206747668112, 22.26111116517963], [89.8639352737035, 22.259201984131444], [89.86804891056957, 22.250867552334558], [89.86917446899488, 22.2442674784419], [89.86805948422361, 22.23957663206319], [89.86638150366235, 22.238011758088433], [89.86507553666675, 22.237837051264226], [89.85891558199462, 22.240437380726203], [89.85405690220759, 22.247554961331545]]], [[[90.47870285372768, 21.773441691452827], [90.47632158799233, 21.772153226703978], [90.47492751275459, 21.769936691429187], [90.47749598949434, 21.76789396146898], [90.47807734216407, 21.764006257396623], [90.46955532889984, 21.762735323042953], [90.46559595260626, 21.76348679069479], [90.46005746478856, 21.76609269188971], [90.4590749379675, 21.76868610947484], [90.4594826889444, 21.7722008689845], [90.46067531217604, 21.773492893980556], [90.4616838957947, 21.779041305833275], [90.46307786067361, 21.781257952390337], [90.46684363608733, 21.78180242668905], [90.47119888643562, 21.780864867936906], [90.47814234127914, 21.7836205378195], [90.48328270698539, 21.780459848655237], [90.4840603723652, 21.776016492469402], [90.48086859608264, 21.76936445931203], [90.47869057617777, 21.769740915109587], [90.47870285372768, 21.773441691452827]]], [[[90.45385209681604, 21.808484554438795], [90.45445700108226, 21.811813558197496], [90.46001800981142, 21.815869097512714], [90.46576630917352, 21.81622311843729], [90.467518342922, 21.806596034235554], [90.46472981549393, 21.802162827578048], [90.45956760730137, 21.798846599984095], [90.45798637831584, 21.800146329853515], [90.45363045492701, 21.801083549953265], [90.45086156685956, 21.802756324499878], [90.45047651604806, 21.806273255501413], [90.45226548099117, 21.80811876978796], [90.45385209681604, 21.808484554438795]]], [[[90.37545956471811, 21.840508236313244], [90.3709308909837, 21.83917909426642], [90.36696447643658, 21.841763970345824], [90.36641647733555, 21.843413730102895], [90.36885358090233, 21.846808713635774], [90.37063300137402, 21.851956728561145], [90.37151656117445, 21.852366945585317], [90.37260414265967, 21.846078923284423], [90.37480562039764, 21.84370403539559], [90.37679268342181, 21.84400866243607], [90.37767113172444, 21.842255062059696], [90.37545956471811, 21.840508236313244]]], [[[90.43236626971233, 21.8461981946183], [90.43435725515133, 21.849153485975087], [90.45501257694669, 21.86223574010175], [90.45684852083001, 21.863014974219958], [90.4591654362323, 21.859078504934576], [90.46030959281502, 21.845012168949957], [90.4595077941599, 21.84223881429221], [90.4545414517927, 21.838551783625388], [90.4440286807438, 21.835989743358336], [90.4404559637612, 21.834148920590874], [90.42975704680828, 21.835287543143917], [90.43236626971233, 21.8461981946183]]], [[[90.46711834218146, 21.866457713345117], [90.47347430024809, 21.870325272435704], [90.47623070204388, 21.864581248743903], [90.4770089861502, 21.86013795870871], [90.47601266883089, 21.85866058564651], [90.46985616800627, 21.854977469980014], [90.46430590258213, 21.854993193293154], [90.46351530879099, 21.855735686772388], [90.46552325510794, 21.86368664511033], [90.46711834218146, 21.866457713345117]]], [[[90.43208031834156, 21.882836969715264], [90.42870771816261, 21.88210551326048], [90.41948261800053, 21.882239938677323], [90.41880097121778, 21.884166318139226], [90.42080850835981, 21.892673167181925], [90.42419226842271, 21.897105529794775], [90.42598095479222, 21.898581164734527], [90.43649855217858, 21.901514115649285], [90.45337840817092, 21.909610275535435], [90.45993501471351, 21.913662968546216], [90.46271068754268, 21.91347026090979], [90.46130051206212, 21.906627764250203], [90.45512112791614, 21.896467589274454], [90.45034502590617, 21.890929571331114], [90.44835832412042, 21.88963966676662], [90.44597997958613, 21.889831333243265], [90.43208031834156, 21.882836969715264]]], [[[90.3589970832433, 21.867646557975856], [90.3704509471718, 21.86580045083643], [90.3702018847708, 21.863752973993073], [90.3684890056693, 21.861253655512453], [90.35896466473622, 21.85467486649428], [90.35285485912446, 21.848543644954294], [90.34798362983662, 21.850146918430674], [90.34090758993327, 21.847430971332432], [90.3367621944995, 21.846756805893314], [90.32384223199654, 21.84655511970574], [90.31994565303694, 21.848383212321338], [90.31556581106109, 21.851919128259517], [90.3126486018873, 21.855565659571624], [90.31192262476108, 21.858298046869734], [90.31414355669011, 21.870355105623446], [90.31122287182308, 21.872864094699946], [90.30710267759417, 21.884250405365385], [90.31076435329958, 21.886291860114454], [90.31809417140032, 21.892877383411452], [90.32543964630953, 21.906062323059533], [90.33524947722529, 21.92959637600435], [90.33796776712992, 21.944610498816836], [90.3504483385516, 21.960969348746357], [90.35412387568358, 21.96756090506055], [90.3548710501481, 21.97347633789461], [90.35634052841252, 21.97574872322083], [90.35659529655297, 21.98007203027647], [90.35879967738425, 21.98348085737431], [90.36613642972769, 21.989950290395072], [90.37028965195888, 21.991988974891935], [90.39009201534448, 22.00559726438666], [90.39729442868276, 22.01205202377587], [90.39889041353973, 22.01024125990662], [90.40058646409165, 22.00591329619938], [90.40130251804689, 22.00022238336285], [90.40080042908706, 21.995217111164006], [90.3981043353435, 21.99089983893398], [90.39418911725839, 21.98704056277942], [90.39026787394683, 21.98067808718504], [90.38707549274815, 21.97306194989745], [90.38509310852186, 21.961915779101776], [90.37457180014107, 21.950106582247248], [90.37163285554004, 21.945561827621546], [90.36844022543647, 21.937148823205494], [90.36085792121182, 21.928972993538526], [90.35472259890614, 21.91362530872944], [90.36466083433587, 21.88993606622182], [90.3729159679378, 21.87626347049449], [90.37265444375558, 21.86943671740144], [90.35851235110664, 21.86878541181269], [90.3589970832433, 21.867646557975856]]], [[[90.40554563554629, 21.892583289761486], [90.4015566468679, 21.887400163374288], [90.39901051774756, 21.886664387299998], [90.39980094779439, 21.885030317214177], [90.39947671350058, 21.88265726774809], [90.39675863572732, 21.877025690033797], [90.39564263480054, 21.87598967813406], [90.39198847038158, 21.87659187282835], [90.39182288459276, 21.874218426490838], [90.393569168999, 21.873472298141156], [90.39499212238417, 21.87064981628421], [90.39292402507671, 21.87006130021118], [90.39054158213654, 21.870660424213234], [90.38625671944041, 21.87334137864911], [90.38324591301713, 21.87676094834105], [90.38038835569924, 21.878251222176587], [90.37833194010241, 21.88211373258961], [90.3729346802742, 21.885093343066714], [90.37135241719541, 21.88806450200515], [90.36204012989617, 21.914718081343704], [90.36110328182772, 21.92139697202377], [90.36190708141905, 21.9248077306974], [90.36477876017224, 21.928659143781054], [90.37162908455777, 21.933391743704206], [90.37688072988252, 21.934863430589985], [90.3872329970303, 21.94047748523213], [90.39089468366828, 21.941804233659784], [90.39884963278283, 21.942972031739178], [90.40139761892073, 21.94422699028195], [90.40506583137861, 21.947778998144102], [90.40905751518032, 21.953258698350847], [90.40954255702488, 21.956076534905606], [90.41194318420388, 21.961115165466566], [90.41198596893199, 21.975952212565225], [90.41807655657173, 21.99158985699951], [90.42179188203129, 22.0107203613145], [90.42180768775202, 22.016061639730683], [90.42070415030028, 22.01947694445096], [90.41496655125002, 22.029107576756374], [90.41921190041086, 22.03260607075301], [90.43852584924089, 22.04279597835534], [90.45489817791884, 22.048440421261656], [90.46516562423342, 22.053364085484834], [90.46648074792488, 22.05266187588894], [90.4707409169935, 22.04137369448706], [90.4783380750487, 22.02903701974956], [90.47971812186623, 22.013528328620552], [90.48408955744925, 21.988737848976786], [90.49180144213823, 21.964604931459636], [90.49211064728053, 21.96193320718573], [90.49017654471655, 21.95466882449381], [90.48296076213647, 21.937256833235747], [90.47753645394195, 21.93207956131817], [90.47355554652898, 21.930458942901016], [90.46686268350538, 21.926175414143184], [90.46478531503844, 21.923065532117775], [90.45904437581443, 21.918037022235687], [90.45379349426904, 21.91686468402802], [90.44248310267525, 21.91007020298587], [90.42273836963443, 21.90040377322941], [90.41828562335766, 21.8999701969746], [90.41223085883661, 21.89538575312721], [90.40698369227252, 21.895102078908074], [90.40586873596249, 21.894511373365194], [90.40554563554629, 21.892583289761486]]], [[[90.37755598274956, 21.949476652259698], [90.38713025499497, 21.961324029431978], [90.39179347000893, 21.979562646585244], [90.3930729646517, 21.98208190132988], [90.39531034688629, 21.98593424823118], [90.40089095670304, 21.99037187805523], [90.40201210656772, 21.99225564329565], [90.40300223795731, 21.997259714846646], [90.40302410085138, 22.004997102803564], [90.40025129352239, 22.014857647515424], [90.412658386798, 22.02653944578929], [90.41388145335377, 22.026245001220918], [90.41562859727833, 22.025202186101062], [90.41800495649883, 22.021486667842222], [90.42053372148096, 22.015693937197284], [90.42084347949532, 22.012725617293544], [90.4169844294335, 21.999085579064776], [90.41697575532282, 21.99611806913055], [90.41440192783355, 21.986332093092592], [90.41023878989641, 21.976995270037975], [90.41003251425656, 21.960600745769327], [90.40747168355999, 21.954969029933963], [90.40188268510465, 21.94711910718436], [90.38262269412206, 21.941081737799045], [90.37322730483629, 21.936355689264747], [90.37467923965808, 21.944216105346243], [90.37755598274956, 21.949476652259698]]], [[[90.35460646277974, 22.010251263472952], [90.36638352247608, 22.03685921938469], [90.37456712582787, 22.044946568135998], [90.38133408677545, 22.05386400821356], [90.38593481325933, 22.049055955441638], [90.38877069742442, 22.0477257051439], [90.39053901225881, 22.04540558237275], [90.3898219058799, 22.042760490404362], [90.37628973683006, 22.025256870845173], [90.36419081635373, 22.01188440865924], [90.3471203465173, 21.99587477733042], [90.34040049718485, 21.99144190693238], [90.33948591279992, 21.993078482996292], [90.34464369971445, 21.998527107249227], [90.34819647687118, 22.000670095305036], [90.35460646277974, 22.010251263472952]]], [[[90.40725640493582, 22.05384532957279], [90.40330477167787, 22.0545132119986], [90.40514759283656, 22.057140773791012], [90.40924572495378, 22.058314929535822], [90.41235818796501, 22.060676100793003], [90.41151440571588, 22.061731011906488], [90.40359884530633, 22.05846079733464], [90.39695126885545, 22.054265615637675], [90.39270337896644, 22.04966944566364], [90.39044232023855, 22.04901675337853], [90.38592968548876, 22.050738344013382], [90.38480859355907, 22.053899637821267], [90.38580104909522, 22.05534506514168], [90.38509584534037, 22.055741416270664], [90.3810021080767, 22.055882842114322], [90.37365051900382, 22.052017249365136], [90.37026012659655, 22.05123528784107], [90.36516278492567, 22.045455951557575], [90.35308562812313, 22.014028133190905], [90.34911576631247, 22.006666476119236], [90.34670873933003, 22.003644747539614], [90.34430654974962, 22.002333596079144], [90.34233301499728, 22.003258963449518], [90.34106738969699, 22.005235919417515], [90.33939946263537, 22.016031074169668], [90.34025355177354, 22.018924853868644], [90.3480502787248, 22.032793042161764], [90.35273486148704, 22.043311823621664], [90.36322290198348, 22.059739737368073], [90.36577102969026, 22.062234618369597], [90.37156613896165, 22.064722117106278], [90.38401707282141, 22.0743663786846], [90.3861413992749, 22.07673036192363], [90.39146046397178, 22.085960161749213], [90.39549230463969, 22.08634740656001], [90.40528200865512, 22.08219078033475], [90.42534237086151, 22.07909497732498], [90.42883492349021, 22.07647577834994], [90.42903921934858, 22.07471523896553], [90.41759293738615, 22.064348003478646], [90.41390786596426, 22.05948783852922], [90.4110795755154, 22.05778408116283], [90.40923474406078, 22.054498494351677], [90.40725640493582, 22.05384532957279]]], [[[90.40333068250433, 22.050833609284787], [90.40581513741111, 22.050992911982398], [90.39957824948749, 22.041744320070084], [90.39460081862508, 22.038447817194434], [90.39042312023385, 22.038264435915295], [90.39319397016797, 22.04308331409019], [90.39728943092463, 22.04803614146446], [90.40333068250433, 22.050833609284787]]], [[[90.47540459247033, 22.055900136981105], [90.47683137248633, 22.060687283248942], [90.48020075360107, 22.06219180860018], [90.48082434775961, 22.05833260672762], [90.47952859968899, 22.0516597608356], [90.47934281050797, 22.04379676619283], [90.48170764648852, 22.037261671084924], [90.48313142060846, 22.03473520258829], [90.48567013674372, 22.032576110494734], [90.48519088827099, 22.03198408719182], [90.48344317962439, 22.03273119953883], [90.48185864320604, 22.03481292023572], [90.47680429544047, 22.04610369839259], [90.47538624756518, 22.050410705819118], [90.47540459247033, 22.055900136981105]]], [[[90.38915856997663, 22.136889969521118], [90.39291265840653, 22.141064988138165], [90.39663169897786, 22.141519846072683], [90.39572317330735, 22.135014529165392], [90.393388230124, 22.132695814503606], [90.3914740315107, 22.132158075220637], [90.38931334900187, 22.13278322257532], [90.38840263876327, 22.134180064566284], [90.38915856997663, 22.136889969521118]]], [[[90.3977630424381, 22.21964251849244], [90.39995755317585, 22.219160302625912], [90.40334272969974, 22.21665144732507], [90.40869084291657, 22.208741638900737], [90.40910974178381, 22.207029731840716], [90.40175679585826, 22.205732151866137], [90.3968097037438, 22.205612723382767], [90.39582256798178, 22.206272931144383], [90.39583769997319, 22.211668868473073], [90.3977630424381, 22.21964251849244]]], [[[90.59331926048935, 22.52065640154161], [90.60769104601235, 22.50323216147731], [90.60795349902057, 22.4984935637543], [90.60964261327223, 22.496118377785685], [90.61134554613184, 22.49690152784009], [90.61022852327372, 22.500590661479553], [90.61052091514249, 22.502694968092335], [90.62039745671515, 22.49423502573386], [90.62321058966397, 22.49001306334581], [90.62037047447544, 22.488181710965666], [90.61200942545776, 22.486897574473147], [90.61061629062458, 22.49216696549871], [90.60962416556043, 22.49190733232997], [90.6097467088157, 22.487564198081994], [90.60716522714203, 22.480204408230037], [90.59817497949348, 22.4641175901707], [90.59062134706468, 22.452433149134116], [90.58729801340141, 22.43639027281889], [90.58811658418323, 22.429149250087427], [90.59641804143445, 22.417340721620466], [90.6124721857156, 22.398857101942], [90.63036073405058, 22.3800356202092], [90.6312017494924, 22.378189728742676], [90.62805790510163, 22.371358851433726], [90.62816865193982, 22.364515306023808], [90.62702654751811, 22.36215089583395], [90.62615027340804, 22.356100775192672], [90.61742876662754, 22.335407496291232], [90.61552692034299, 22.321070348428446], [90.61166621178126, 22.311478260016266], [90.60718624530445, 22.28932049866698], [90.59294694669339, 22.266079641151876], [90.58854000348757, 22.260305167690703], [90.58655634024171, 22.259259598752962], [90.5824346441007, 22.25414198678632], [90.56485625110625, 22.242162524943016], [90.55492628438651, 22.23351076611268], [90.53760778453196, 22.214289360386847], [90.5336295863267, 22.208774996406827], [90.52892745270316, 22.198656893335972], [90.52163943062257, 22.17683444981477], [90.51569831978817, 22.17501067207927], [90.50323409663503, 22.166626960566433], [90.50210635882254, 22.167420081252892], [90.49675673263874, 22.172963976038446], [90.49607542606375, 22.1800725579619], [90.49426473342145, 22.187579524580187], [90.49033053774093, 22.194040112004338], [90.48556446848514, 22.20537221460472], [90.49345709526216, 22.208557581398697], [90.49402451243132, 22.210593623519465], [90.48458273035709, 22.20748094393356], [90.48358863367142, 22.206167736805543], [90.48343969034681, 22.203930814290946], [90.48497335354867, 22.197806740725884], [90.4903147785777, 22.189499645761973], [90.49310807869335, 22.180147344222018], [90.4930947668056, 22.176331010262235], [90.49628565757578, 22.159475961260394], [90.49512769342819, 22.151451749295553], [90.49370127905917, 22.14757362264969], [90.46390477487233, 22.107982043411884], [90.43882282975423, 22.080940480400585], [90.43388549294727, 22.077633252726287], [90.4253547440646, 22.083227310329384], [90.40925463723917, 22.083921129164302], [90.39992899685686, 22.087206454063807], [90.39736684918638, 22.088952944463664], [90.39108672638237, 22.088187744701177], [90.39000997990337, 22.09718599788197], [90.38748259992305, 22.102456496442752], [90.38678829085379, 22.106932684840913], [90.38836534795657, 22.11548333478794], [90.38753401605396, 22.121276034505705], [90.40098657462097, 22.133417009818984], [90.40468031731722, 22.140777905762693], [90.40610970889823, 22.146565052725936], [90.40641255757343, 22.153670891607064], [90.40489983776055, 22.168151228357797], [90.40703162202584, 22.1724888582242], [90.41156032054622, 22.17484643730398], [90.41976472558689, 22.177984111319077], [90.43107797033252, 22.180981328515376], [90.43291895667261, 22.182292621798933], [90.43590446659465, 22.188075315043626], [90.43662705826702, 22.19333750304852], [90.43578715342517, 22.195840252178595], [90.43240910233955, 22.200323730002975], [90.42944688286238, 22.202042422038154], [90.42266622736315, 22.20311293199803], [90.41208598822422, 22.20978613046402], [90.40265166027194, 22.222048840289993], [90.39942106393775, 22.2292951771839], [90.40157557071146, 22.241331604982623], [90.40699083681135, 22.256321080143454], [90.40883794892315, 22.259474730541257], [90.41705719529315, 22.265968312735346], [90.4207494572677, 22.27135443269454], [90.4206258141072, 22.27727691019709], [90.41879661357571, 22.28030863614418], [90.41372085715885, 22.2851910441284], [90.4059558068267, 22.289685082074712], [90.39465018297244, 22.292345001417985], [90.37598326291182, 22.292389315547062], [90.37372248115864, 22.293052618161497], [90.37301921075859, 22.29463351827649], [90.37330650017786, 22.29634369946613], [90.37557849537171, 22.299628579448378], [90.38720356118213, 22.30993206303888], [90.39713648639506, 22.32148892711527], [90.40834189950286, 22.33198947513197], [90.42138705365727, 22.342352598822796], [90.42252654208541, 22.345047426144532], [90.41985309691412, 22.349792173078814], [90.41759553338245, 22.351771949209315], [90.41420623724066, 22.353886433207965], [90.40529909703642, 22.356014468020508], [90.39652492132669, 22.355246555554803], [90.37260182386927, 22.350433990793345], [90.34783998117307, 22.349173184006194], [90.36528111894158, 22.36426914496445], [90.37068912253505, 22.37610107910623], [90.37409791226875, 22.380830750037134], [90.38090662316534, 22.387000361850568], [90.38458883618003, 22.388044397423585], [90.38855866650982, 22.390535361314296], [90.3916835694814, 22.39480487110836], [90.39354888788061, 22.40388094143228], [90.39357705346018, 22.413882364860655], [90.39471889681764, 22.417169649361174], [90.39812538938833, 22.420451359740085], [90.4118676595418, 22.4246939386425], [90.42546082411876, 22.425974848261315], [90.42814678342013, 22.42491473116241], [90.43082803166152, 22.422144058406207], [90.43237821665781, 22.41990288273485], [90.43265020656058, 22.416348701280015], [90.43801767320622, 22.412781071366034], [90.45033269069181, 22.413273737415857], [90.45245882597386, 22.41405742315225], [90.45416332230097, 22.415895003285286], [90.45545264001223, 22.42076067070022], [90.45504186605365, 22.424973055434133], [90.45363884394555, 22.428859052959854], [90.44969579120763, 22.435187056675993], [90.44857957589323, 22.44032256171304], [90.4494492187856, 22.446505274300982], [90.4523037916404, 22.45373544098936], [90.45231190274171, 22.45623583411142], [90.44948909117153, 22.458875693218467], [90.44467542208633, 22.459020586520268], [90.44681722961516, 22.46467328127148], [90.44768379650479, 22.46986932180523], [90.44517527242346, 22.48237803761523], [90.44066765067879, 22.490023203618254], [90.43303113454289, 22.493465482741154], [90.4332067158698, 22.504387811236487], [90.43647509480573, 22.507800565275854], [90.44342452616605, 22.510676935706226], [90.44683534547696, 22.51441796775055], [90.45251462332408, 22.51861329028952], [90.45903750811922, 22.520700556658863], [90.46272732969629, 22.522795440374427], [90.46813307999871, 22.529622926436538], [90.464199364705, 22.539372762463017], [90.45800391000745, 22.55097100123794], [90.4535436591849, 22.573355527201272], [90.46574427287862, 22.577531778584387], [90.4674492117507, 22.578842651089815], [90.48927567812683, 22.579830388042524], [90.49835189069694, 22.581908199636928], [90.50090872288825, 22.583479455812608], [90.50940863859643, 22.58266312791062], [90.51678043818691, 22.58342918823547], [90.52271819054835, 22.579725077875196], [90.53542647914207, 22.567971333539674], [90.54757637503515, 22.558981686801033], [90.57529013471216, 22.545198907976033], [90.57896035529419, 22.542027341323706], [90.58800693508871, 22.53725721901873], [90.58912979664214, 22.53488431284531], [90.58939961642164, 22.531724924846092], [90.58542227911556, 22.529107532343446], [90.590209621667, 22.522247032370085], [90.59331926048935, 22.52065640154161]]], [[[90.50034899417011, 22.664557000723505], [90.49127676748094, 22.675047431387213], [90.48886241135631, 22.679282272939304], [90.49007291511225, 22.68023557205288], [90.49134091856877, 22.683148415356186], [90.49135235330374, 22.686356724504492], [90.49798021132096, 22.69391967133737], [90.5022443536244, 22.696549519689256], [90.50418124406838, 22.69522819550548], [90.50589682598326, 22.686838479120752], [90.50397475896057, 22.659543265834714], [90.50306306061498, 22.659264111935954], [90.50034899417011, 22.664557000723505]]], [[[90.4564109829779, 22.75587775631618], [90.45061480660473, 22.757884705222068], [90.44814196449744, 22.759378532470294], [90.44887332036365, 22.760187523465902], [90.45718133551486, 22.760163954565144], [90.45805254461737, 22.759079971499318], [90.4564109829779, 22.75587775631618]]], [[[90.45806156089452, 22.76178352047583], [90.44421295282058, 22.76128204297646], [90.4433411820134, 22.76223044988558], [90.44349514899477, 22.764663157517532], [90.44451943683936, 22.76587701749611], [90.45388283881346, 22.769343554182626], [90.4567658119862, 22.766653495817025], [90.45806156089452, 22.76178352047583]]], [[[90.43436418071622, 22.781179597154846], [90.4305957594583, 22.78794860349342], [90.43132929398405, 22.789433487930125], [90.43773924738002, 22.788064384369818], [90.44429082526915, 22.785342704288723], [90.44850687178103, 22.7818165788201], [90.44966755324685, 22.780191226711395], [90.4496604655514, 22.778028277157716], [90.44497233018154, 22.77074202266158], [90.44009418104804, 22.76688692141255], [90.43436418071622, 22.781179597154846]]], [[[90.4891823820825, 22.741955753498928], [90.46637502065033, 22.763516763913856], [90.45999640703405, 22.773808387411805], [90.45276998834532, 22.792618243965023], [90.45162126342018, 22.797893409403912], [90.45192364362089, 22.80113671587901], [90.45426806180512, 22.804779876859754], [90.47061494503919, 22.809733635425914], [90.47353549927107, 22.81107690519974], [90.47923939656278, 22.81592608264083], [90.48361579716095, 22.816588680489758], [90.49102065009072, 22.80764464107955], [90.4908565797947, 22.802643704472644], [90.49172147865391, 22.79980226800751], [90.49751748599272, 22.79005184200264], [90.49721956815529, 22.788160536882117], [90.4956137714799, 22.787624653033674], [90.49400312048016, 22.78573741320423], [90.48738498040456, 22.769266524617308], [90.48751512881552, 22.764940480481755], [90.48867472288003, 22.76317963235084], [90.48953172741454, 22.75817553700722], [90.48919970026122, 22.746821960099965], [90.4900603243413, 22.743034548643152], [90.4891823820825, 22.741955753498928]]], [[[90.44051827035395, 22.790895243341083], [90.44476614730866, 22.79710163238218], [90.44565434323027, 22.788964174096805], [90.4410972656126, 22.78954199996167], [90.44051827035395, 22.790895243341083]]], [[[90.4905033932809, 22.812686346727162], [90.49100774516648, 22.817977558694736], [90.49967647828305, 22.821725752921566], [90.50416912032455, 22.822454885736136], [90.5065660157793, 22.82021743477793], [90.50607779206626, 22.818137905355343], [90.50269784055382, 22.814878209415156], [90.49788403250284, 22.81385277680681], [90.49580206773726, 22.814602550928157], [90.49258749812748, 22.812531432494097], [90.49210104184402, 22.81104636459486], [90.4905033932809, 22.812686346727162]]], [[[90.35507972737639, 22.83142150833578], [90.35311404475345, 22.838938974174198], [90.35014992604067, 22.844159007200687], [90.35164383761537, 22.846148741473826], [90.36006992946238, 22.841990289028843], [90.36931318525694, 22.834302466558654], [90.36830690890366, 22.829091873180744], [90.36564729840455, 22.824191365840022], [90.36001225590917, 22.82006456475216], [90.35355821492328, 22.818698852997443], [90.35174096079385, 22.81946959884982], [90.35457001773244, 22.826056424610726], [90.35507972737639, 22.83142150833578]]], [[[90.47243027684726, 22.87249948754061], [90.47434207845708, 22.86877711073913], [90.47909678513469, 22.852262744915834], [90.48070025105562, 22.852109423999366], [90.4832588684182, 22.849871548336637], [90.48227383254704, 22.84348281212027], [90.48530715665731, 22.839459924856783], [90.48930953085778, 22.83751508619389], [90.49202526092807, 22.834533588003524], [90.4926564841623, 22.831707556124968], [90.49025969064735, 22.83409300553842], [90.48704473897749, 22.83202178688225], [90.48784366062898, 22.831276340870716], [90.48719858272943, 22.830237774133195], [90.48478697629582, 22.82846102326124], [90.48508365221392, 22.82177084203977], [90.48395539419238, 22.820139214931544], [90.47738128771698, 22.820307531167316], [90.46805821072547, 22.813794377486772], [90.45746192408643, 22.80981172465505], [90.45457784708503, 22.810414492096186], [90.45623185504337, 22.825572489823912], [90.45484418258053, 22.842373929023097], [90.45570625289082, 22.860507261523765], [90.45365109319027, 22.869432530858887], [90.4509397229952, 22.874196909494344], [90.44278954471986, 22.88388219654047], [90.44258122279444, 22.8870992426493], [90.4437662999137, 22.888190113566452], [90.4511539934453, 22.89054793497354], [90.46013888722291, 22.89067067113217], [90.46575068419884, 22.889465308084084], [90.46846845591176, 22.88663269027103], [90.46990072790612, 22.88335837034083], [90.47243027684726, 22.87249948754061]]], [[[90.48009949797154, 22.863705643188837], [90.47343828427836, 22.885577435124105], [90.47968449450582, 22.882586161843165], [90.49216650977326, 22.87377715973014], [90.49504850536528, 22.872281658349266], [90.50106937104329, 22.870939415888984], [90.50129471250278, 22.869586519670463], [90.49259960741847, 22.860397343403292], [90.48424137040735, 22.855517280351137], [90.48343169459861, 22.85343866510442], [90.48150516504461, 22.852849991360358], [90.48070808967674, 22.854338964717954], [90.48009949797154, 22.863705643188837]]], [[[90.42796597484761, 22.999767409759897], [90.4357085620183, 22.99326207765563], [90.44801278441747, 22.98838421561635], [90.4512123538118, 22.98634377193264], [90.45609331576395, 22.982579847437023], [90.45641958347545, 22.97914173320015], [90.44658618603319, 22.965107671284386], [90.43694366537073, 22.95747876780422], [90.43338848437611, 22.953582157373148], [90.43270267918308, 22.950146834131942], [90.43408758282817, 22.945693552954197], [90.4309219510352, 22.941870336002296], [90.41801347864106, 22.935032142304067], [90.41227881306008, 22.927424075035617], [90.41312560867436, 22.924661038243357], [90.41682393594294, 22.919601132380137], [90.41604937905089, 22.911051902323265], [90.41972751470365, 22.900573614450536], [90.41786577800679, 22.898390734969837], [90.40926755049793, 22.89935089180102], [90.40673652358885, 22.898888779108347], [90.4023463558949, 22.897024947651005], [90.3989637727583, 22.893752071114477], [90.39692134549932, 22.889429026624782], [90.3943141874737, 22.875610911502292], [90.38544229795536, 22.858388838297913], [90.38238374511076, 22.854382513476367], [90.38140793474105, 22.84962814272808], [90.38204234444657, 22.847099493923736], [90.38571849022833, 22.84248240478945], [90.39018265178163, 22.833180546190874], [90.40169593032977, 22.821705599184952], [90.40472722645058, 22.816346405171203], [90.40312189237846, 22.8157556711879], [90.40023700042667, 22.81620897268948], [90.39591254295738, 22.81800361630826], [90.38821210979802, 22.816833235462298], [90.38548020668412, 22.81475876069544], [90.3862703695487, 22.81074312471202], [90.39266783979025, 22.804930208333417], [90.3989180615846, 22.80394838519379], [90.4224512654772, 22.79199539124363], [90.42549632392456, 22.79154126637718], [90.42821674848716, 22.78989891424112], [90.43792296553414, 22.766831068175293], [90.43727133876013, 22.763711190605477], [90.42923878480428, 22.757861156865772], [90.4218416080206, 22.75015064846849], [90.42007688599182, 22.749560774780434], [90.41304121822986, 22.755079457738702], [90.41032750672548, 22.758802650944915], [90.40314700729431, 22.76982160593741], [90.39741098201057, 22.78172814776883], [90.39229798908912, 22.78783564688166], [90.3826979518251, 22.794622860986408], [90.36667255086951, 22.797633686413747], [90.35962429183922, 22.79987933886582], [90.35354097646285, 22.803758190196277], [90.35242474121338, 22.80613903653716], [90.35291350113943, 22.809111135272815], [90.35709591679961, 22.81415611065728], [90.36641345378086, 22.820527060931454], [90.37075891546522, 22.826314296455507], [90.3725389914153, 22.832256196509434], [90.37126992585104, 22.83731342766066], [90.36791563527635, 22.842598493280775], [90.36263277652552, 22.846178294840342], [90.35477774492472, 22.847682573156817], [90.35253477843537, 22.84887659534178], [90.35174915749514, 22.85512220228111], [90.35224958506546, 22.86255343329441], [90.35840336005958, 22.88476382132751], [90.35865878812422, 22.894082421563894], [90.35614922739114, 22.901744506132843], [90.35734440403286, 22.907366291085566], [90.36174818703779, 22.914231358154154], [90.36495530240023, 22.915161808568826], [90.37792702767035, 22.909506459396596], [90.38532931358134, 22.902770048265268], [90.38751873070254, 22.90182693883702], [90.39190632526538, 22.90259757336389], [90.39681008843979, 22.907116807432487], [90.39867526694655, 22.91054936277021], [90.40005692330294, 22.921561030199655], [90.39993319526536, 22.936717721272032], [90.39928176846558, 22.944687388177442], [90.39811132056451, 22.948440318242092], [90.39323986591148, 22.95563966142805], [90.38734719837106, 22.960029144708415], [90.38111156164427, 22.962700632689803], [90.37436765359666, 22.964435298647004], [90.36356620120102, 22.963523213224164], [90.35883385592268, 22.960564822446315], [90.35495283564904, 22.960417728869174], [90.35091342087958, 22.964332539763973], [90.34084387185601, 22.985838765200924], [90.34833085451862, 23.010040401415836], [90.34968762209019, 23.012537393263074], [90.35037409462711, 23.016910277958345], [90.3547778883746, 23.022525422158253], [90.35697355372298, 23.02314547974538], [90.37535592613477, 23.016931493599827], [90.39372457126075, 23.00657476718078], [90.41362520011455, 23.001367707254076], [90.42611155065066, 23.000397401712064], [90.42796597484761, 22.999767409759897]]], [[[90.53510501851258, 22.91464864088715], [90.53223944546426, 22.90444223051236], [90.53288643228109, 22.89799026562895], [90.51068087865195, 22.879630017091245], [90.49899749824255, 22.876017049338543], [90.49360125718601, 22.87643982469706], [90.49170902974481, 22.87752687014256], [90.48837247812918, 22.882808701242652], [90.47030805026259, 22.890162708102707], [90.46633510269197, 22.893401029896324], [90.46031357928143, 22.89621272519338], [90.45780264855603, 22.8966851971486], [90.45126649258884, 22.89600549218926], [90.44169204075922, 22.89176352847386], [90.43975638591019, 22.888647280422447], [90.43893774915483, 22.88344684920594], [90.44085062066989, 22.87972542748406], [90.4461259932217, 22.873912943661253], [90.44962122018376, 22.863646191494638], [90.4508862533745, 22.85799388157176], [90.45052454410944, 22.845656889694965], [90.4485641409342, 22.834661907274096], [90.44678790006992, 22.831099236542684], [90.44461791317258, 22.804719283511076], [90.44122538272683, 22.796998830237442], [90.43768034786297, 22.791359813348265], [90.43046680217611, 22.79167670224348], [90.42069876888957, 22.79556771168825], [90.40405150082415, 22.80467875202163], [90.39395655364092, 22.807082380567806], [90.38803763883607, 22.81200240186712], [90.387241217596, 22.813788183923066], [90.38788546561801, 22.814827452524867], [90.39029136098361, 22.815118840017703], [90.39798843490695, 22.814951035847855], [90.40423797481861, 22.813597497659316], [90.40584416789335, 22.814485196310216], [90.40697631660237, 22.817752733146335], [90.40666153229529, 22.819834637572967], [90.39627140283682, 22.831307431824143], [90.38863589214924, 22.84318218480206], [90.38348920541046, 22.848210526370963], [90.38414277855253, 22.852520197216904], [90.39445465110782, 22.868549200509392], [90.39655786071233, 22.874638751341877], [90.39836053668176, 22.887715844135244], [90.39981650037998, 22.891948883056045], [90.40275777349075, 22.893747020720753], [90.40890894495499, 22.895599547359325], [90.42043866173242, 22.89779338909449], [90.42140511379779, 22.899748261975844], [90.42105811839258, 22.903618313070865], [90.4235715453612, 22.904401749360943], [90.42396565657367, 22.91149575118692], [90.4200245444481, 22.91464864088715], [90.4200245444481, 22.920166197862898], [90.41765987717298, 22.926077866051116], [90.4200245444481, 22.92844253332646], [90.4235715453612, 22.925289643626], [90.42711854627407, 22.925683754838644], [90.43184788082476, 22.928836644539103], [90.43736543780034, 22.939871758490426], [90.44051832750074, 22.950118650016634], [90.44485355083873, 22.958394985480197], [90.45785922085292, 22.971794766706864], [90.46101211055338, 22.97691821247014], [90.46101211055338, 22.985194547933474], [90.45667688721534, 22.993470883397208], [90.44918877417695, 22.994653217034795], [90.44327710598856, 22.994259105822152], [90.44130654992586, 22.999382551585427], [90.44721821811407, 23.003323663710773], [90.48111178239333, 22.999382551585427], [90.4850528945189, 22.996623773097497], [90.49254100755729, 22.986770992783704], [90.49293511876976, 22.98480043672106], [90.4996350093831, 22.980465213383013], [90.50988190090953, 22.97573587883238], [90.51697590273528, 22.96943009943169], [90.52564634941149, 22.963912542455944], [90.53313446244994, 22.956030318204853], [90.53628735215034, 22.946965760316402], [90.53628735215034, 22.937112980002667], [90.53392268487505, 22.92056030907554], [90.53510501851258, 22.91464864088715]]], [[[90.34764626494854, 22.959175443588094], [90.35369654170637, 22.956532778492488], [90.36051212600631, 22.957043067338873], [90.36335601335401, 22.958789624920257], [90.36846641353912, 22.95860224914827], [90.37641056758343, 22.95665552963186], [90.38812203619682, 22.94803823842608], [90.39039438462657, 22.948558295096518], [90.39436405342099, 22.946795999041342], [90.39586457433239, 22.942059324493414], [90.39602000191485, 22.930314372333783], [90.39408630917933, 22.916120893435675], [90.39160027148432, 22.90701173304734], [90.38992670566114, 22.9059329639083], [90.38686981268421, 22.907023320827705], [90.37762269629019, 22.915810274225294], [90.37441212853469, 22.918096561710172], [90.36987497477423, 22.919860245905284], [90.36987830454967, 22.921087093423978], [90.37424038907272, 22.924582979766512], [90.37350066848398, 22.93089514234225], [90.36973217547546, 22.936863770850664], [90.35915756720789, 22.94600278267353], [90.34610819926945, 22.94988849247528], [90.33304673533911, 22.949390248533348], [90.32831181458141, 22.948173261727277], [90.31960944096289, 22.949768495047294], [90.31828614725947, 22.950647964252312], [90.31772839722629, 22.954855845399265], [90.3190630479055, 22.959059927373914], [90.31926170975834, 22.96291624043056], [90.31833127087276, 22.96992974683286], [90.32287826585707, 22.971322427304926], [90.32836809140287, 22.97148673981644], [90.32931712605102, 22.972361013005923], [90.33329259541097, 22.972352705747426], [90.33537267646238, 22.97147207827601], [90.33783441907855, 22.97181746135516], [90.34009312488882, 22.96655405638387], [90.34764626494854, 22.959175443588094]]], [[[90.5064023249556, 21.819711662532754], [90.48894402337095, 21.81402818388895], [90.4869568099835, 21.812368587750925], [90.48378332842046, 21.811452717428676], [90.48002043301318, 21.81220396973677], [90.47824520139272, 21.814614579762765], [90.47569487356114, 21.822393666679258], [90.4765066681797, 21.828127435078887], [90.48031758966722, 21.841809398104267], [90.48410098675866, 21.84673854291756], [90.49542375770386, 21.854347568233962], [90.50792159451767, 21.857270038979987], [90.52100640253929, 21.85778426416571], [90.51999023719382, 21.850941295863574], [90.51996011536576, 21.8426143952366], [90.52094134388688, 21.839835726648044], [90.52845801635648, 21.835926132063882], [90.5284471382919, 21.832965386867937], [90.52406780692564, 21.827613410895935], [90.51989523708436, 21.82466582166875], [90.51711805181975, 21.82393456060256], [90.51216671473205, 21.824689983638596], [90.50779677196333, 21.82192790261754], [90.5064023249556, 21.819711662532754]]], [[[90.55071942258316, 21.85259930247558], [90.5455520520119, 21.848915731561153], [90.53483649181958, 21.845619926655186], [90.52790937428746, 21.848418094893546], [90.52336151612434, 21.851393084185528], [90.52622709997382, 21.858270790820672], [90.53091076640506, 21.855994893313063], [90.53525125472866, 21.85061465584854], [90.54655473414505, 21.85205810392276], [90.54873874310451, 21.85297603694844], [90.55033245855007, 21.855006022222362], [90.55132108919418, 21.854447664199522], [90.55071942258316, 21.85259930247558]]], [[[90.54319911544995, 21.855769940395703], [90.54261222108298, 21.857807170963945], [90.53172634672833, 21.862098447530038], [90.52043695212367, 21.86472511922734], [90.50913663095464, 21.86439028191542], [90.5067627686019, 21.86587784483422], [90.50570682865629, 21.868008431481417], [90.51594096694991, 21.882317822978287], [90.52388588192862, 21.88636361879061], [90.52686146827003, 21.88690918100122], [90.52963172724141, 21.885420055652943], [90.53496467018937, 21.880036917292806], [90.5426765496555, 21.87483043277018], [90.54841391808304, 21.871665752086717], [90.5545509343098, 21.869609920726813], [90.55355080029437, 21.86720786077409], [90.55017800416178, 21.866478894256453], [90.54777702173867, 21.860750855189032], [90.546192322847, 21.860941037859178], [90.54480050548769, 21.85983553328134], [90.54538878030748, 21.858168139919826], [90.5447864705122, 21.856134551720746], [90.54319911544995, 21.855769940395703]]], [[[90.71378317990857, 21.851544928750094], [90.70402332037585, 21.852498503202828], [90.70208368026492, 21.85524133714067], [90.70442321722987, 21.86768904964826], [90.70768264956946, 21.86858641562623], [90.71323799766097, 21.872816465617134], [90.71686705648908, 21.882523527500148], [90.71854613503577, 21.89284684166481], [90.72412363408941, 21.901330083193788], [90.72610807662743, 21.907398245938076], [90.7343367219069, 21.924680511111777], [90.73956730842815, 21.92860697053382], [90.74347948023092, 21.929500929212104], [90.74741610336346, 21.93495211821816], [90.75133168436601, 21.936453695430508], [90.75954354486471, 21.93759208508665], [90.76109845355425, 21.93580093966791], [90.76397903930516, 21.926368675358216], [90.76524881134449, 21.920285919231514], [90.76424946715451, 21.91603690701735], [90.76195554259107, 21.91331303076391], [90.75667680983535, 21.900272046361952], [90.74878734493407, 21.885723869830848], [90.74417595587235, 21.87541417538203], [90.73822762800563, 21.8581217838476], [90.73464535749723, 21.85783401070824], [90.73267275871754, 21.853892852939477], [90.72226056544906, 21.85454634625183], [90.71378317990857, 21.851544928750094]]], [[[90.48840841526942, 21.889710956554648], [90.49160523095999, 21.896918023986384], [90.48962629835304, 21.898034034056785], [90.49022865249233, 21.900252748081556], [90.49322157369289, 21.905610004181803], [90.50032410221412, 21.91203465440474], [90.50196564234133, 21.911134678526917], [90.50650535894805, 21.905199526534552], [90.51123128262311, 21.89593306113759], [90.50922820903914, 21.890202944448895], [90.50245993775668, 21.88245210232566], [90.49451136000194, 21.87710994687228], [90.49154372128406, 21.8789692077149], [90.48898232797532, 21.88360306160297], [90.48840841526942, 21.889710956554648]]], [[[90.57920398810047, 21.89339599509314], [90.57787934615554, 21.88793145021752], [90.57196000706767, 21.87306339613752], [90.56902790407669, 21.872465982967565], [90.56807017977914, 21.87733093904964], [90.56351903882934, 21.87886576540054], [90.56287882923769, 21.881602562552377], [90.5645169590391, 21.88433156339164], [90.55116455541952, 21.883161374046217], [90.54628293006954, 21.883481702697644], [90.5277498121143, 21.889922998344908], [90.51668930756578, 21.892388628857557], [90.51282011996649, 21.90303569927265], [90.51154187760227, 21.909724326346808], [90.51486233084992, 21.927641117969937], [90.5204603050882, 21.94463896520084], [90.52831515533036, 21.954944726114206], [90.531910267126, 21.958275562747914], [90.53746009691488, 21.961599931513604], [90.54853136141722, 21.960651705642448], [90.55374657687341, 21.961545827882517], [90.55765447700944, 21.961228543419637], [90.56515657462492, 21.96393776270837], [90.57201551836172, 21.968471549463015], [90.57954351883645, 21.977256707382814], [90.58184192678299, 21.9818063796914], [90.58511509176178, 21.985440925708616], [90.58836903012498, 21.984517675249155], [90.60136703900584, 21.976570649994315], [90.60502088430425, 21.972805458013628], [90.60459236831996, 21.968962668021636], [90.60196207552004, 21.963199139266315], [90.592393476568, 21.933760877740877], [90.58479819082535, 21.907961098125334], [90.57920398810047, 21.89339599509314]]], [[[90.68161149091033, 21.930680645951156], [90.6672150305456, 21.916155025395096], [90.64985622702531, 21.894043907605848], [90.6469138108045, 21.89132092194676], [90.64202403490299, 21.88982088307942], [90.63779147769161, 21.889837331250867], [90.63389172445491, 21.891371569114554], [90.63031143469274, 21.891689093050765], [90.62574729616367, 21.890187320730575], [90.6198853453566, 21.889905712701324], [90.61662331147821, 21.888398777161328], [90.61207237651217, 21.889934939376094], [90.6114376311971, 21.893887288270836], [90.62061979303856, 21.90904529790027], [90.62655901327781, 21.926949686592717], [90.63048657114066, 21.931492193966346], [90.63770267388925, 21.943010451168416], [90.6390254736754, 21.947563100091067], [90.64526890741385, 21.95969230656875], [90.64660311570907, 21.96667560602798], [90.64365648964007, 21.963344796799994], [90.63642667213716, 21.949092354196104], [90.63348199867264, 21.946065395405373], [90.6295686441911, 21.944865041926715], [90.62666813462933, 21.951864424256357], [90.62670276659524, 21.95976419633418], [90.62802672327481, 21.9646207010816], [90.6303203465329, 21.967650528382915], [90.63514847893664, 21.971318742258056], [90.65086839360804, 21.973343233504345], [90.66619524489076, 21.976927898046167], [90.67596675767767, 21.97658417459238], [90.69975236548973, 21.97769987673434], [90.70365130359535, 21.975556232269472], [90.69638679834378, 21.955533618906514], [90.68652552414923, 21.93673712255681], [90.68161149091033, 21.930680645951156]]], [[[90.554141771799, 21.97947144709675], [90.56263685756086, 21.98582331471281], [90.56657937023026, 21.987811413332675], [90.56981038248871, 21.987317736614504], [90.57956818621304, 21.98333359845876], [90.57595480590153, 21.976053941958046], [90.5641843895333, 21.965156505768885], [90.54918967608319, 21.96247246905973], [90.5456068225567, 21.962484410836097], [90.5423611589717, 21.96553381150434], [90.5423715397578, 21.968268363843308], [90.554141771799, 21.97947144709675]]], [[[90.56697254231501, 22.011027624218865], [90.56892654576845, 22.01071679513808], [90.569570798352, 22.008891610110076], [90.56431648608273, 21.99857906635931], [90.55973821722901, 21.994340725998324], [90.55647911672176, 21.994048035308595], [90.55485458544781, 21.995268935280205], [90.55453830076688, 21.997700798917336], [90.5614165099602, 22.006792723532826], [90.56697254231501, 22.011027624218865]]], [[[90.6030070262323, 21.979299195661945], [90.59293710184924, 21.98632418144028], [90.58743132388344, 21.994243896824933], [90.5857889573102, 21.99090765115978], [90.58317388641242, 21.98878995785782], [90.57861140505074, 21.98850233261233], [90.56852507650635, 21.991880000426928], [90.56723908814914, 21.996138194947118], [90.57086412014993, 22.006456326270868], [90.5738173354434, 22.01161136491429], [90.5761290323436, 22.019199380650928], [90.58462124550083, 22.024030864148298], [90.58658664384348, 22.026454616451158], [90.59237278956168, 22.030176231101922], [90.59507074945451, 22.02915857279834], [90.59831539860262, 22.025804374551544], [90.60220181381095, 22.020017266767272], [90.60445973000833, 22.014539575493103], [90.60867204899226, 22.009054891252283], [90.61905266828974, 21.998381611292967], [90.62196635633481, 21.99411659464751], [90.62292231471632, 21.98925170185108], [90.6209508358932, 21.985309234682088], [90.61441787901214, 21.981383597672938], [90.61016631593667, 21.977449509394326], [90.6030070262323, 21.979299195661945]]], [[[90.70780348906361, 21.99179388906027], [90.69669556786032, 21.9854607920078], [90.69212776494885, 21.98396097277437], [90.68528480518219, 21.983685635109524], [90.68139176734707, 21.98704420494448], [90.68172473037329, 21.98856197290317], [90.69117801734598, 21.989737798277392], [90.70097269084846, 21.993950190711548], [90.71175876248724, 22.000891913569326], [90.71993618809252, 22.00723683016474], [90.72125455862952, 22.0102693118918], [90.72681842229132, 22.01510620070785], [90.72062147651107, 22.01391819493312], [90.71997915549638, 22.015744207646865], [90.72096876104695, 22.018170589128022], [90.7327772110755, 22.033309822359687], [90.73673372325658, 22.04210336162115], [90.74001315187803, 22.046038417645825], [90.74426772932972, 22.049361434631315], [90.74948984959819, 22.050856734491514], [90.75785625737322, 22.050318525016216], [90.75860789868631, 22.049295614965775], [90.75399658134438, 22.040201895923012], [90.74515300555804, 22.031734866478065], [90.73171082492163, 22.015996028049262], [90.72975093543705, 22.015093171651884], [90.71238747269184, 21.9963314759894], [90.70780348906361, 21.99179388906027]]], [[[90.57523247920548, 22.050300095710845], [90.55474136870934, 22.017837279702984], [90.54386766622994, 22.00822847240604], [90.5367757663091, 21.999677989530436], [90.5220827017748, 21.977372732686312], [90.50806461646724, 21.95889170211313], [90.50543339908735, 21.95736877053424], [90.50247733168112, 21.956918496366246], [90.50303471926432, 21.97528880318233], [90.50189244819343, 21.977206178105785], [90.50110164307293, 21.985782223594835], [90.49782700862018, 21.98824191931829], [90.48985215350861, 22.00832195306028], [90.48904630776948, 22.01276446572859], [90.4893887000394, 22.016897227425808], [90.49087897754151, 22.02041391003448], [90.488951822242, 22.033050532672277], [90.48259826126262, 22.048073147325148], [90.48228035988274, 22.051136156181034], [90.48379523199067, 22.062001664601322], [90.48878323011712, 22.07951704936008], [90.49259561555237, 22.08945686865777], [90.49393369221579, 22.09634230772583], [90.50480116398353, 22.103198567173926], [90.51649965288804, 22.112501142876834], [90.53481358135734, 22.132727644011258], [90.53728357059208, 22.134097527281988], [90.53991201122123, 22.133935555439738], [90.55271908833899, 22.131136987935957], [90.55732308731793, 22.131886979318377], [90.56045082239544, 22.133406995215438], [90.5680400382265, 22.140882768173004], [90.57019246547165, 22.144855643743483], [90.57152808243197, 22.150056321189332], [90.57350842846944, 22.152039700534182], [90.58273315468904, 22.157212062785398], [90.58851152478852, 22.163468313932672], [90.59543580421382, 22.16849548289805], [90.6025202875839, 22.172449805518507], [90.60514934000899, 22.17228705177567], [90.60672670769347, 22.156741747433134], [90.60532886957043, 22.137303892604304], [90.60577969687961, 22.127503888791317], [90.60345972849198, 22.122919763272137], [90.60199216409256, 22.12552785265935], [90.6020025677448, 22.12797718823522], [90.60435196746944, 22.139450852697035], [90.60069786138408, 22.13027863470835], [90.59948385464467, 22.115202891638702], [90.59617393231105, 22.109550603357903], [90.59399571102006, 22.099454126659918], [90.5952848481825, 22.09347842461748], [90.59606527251184, 22.083677467245305], [90.59287826658547, 22.06791989280021], [90.59104646994798, 22.0619557652816], [90.58641902674417, 22.055006475296096], [90.57523247920548, 22.050300095710845]]], [[[90.60433382443162, 22.1736677714865], [90.59082723731798, 22.16698125591638], [90.58307303828542, 22.15996681327614], [90.569393390687, 22.150523114921622], [90.5677232077379, 22.143792580176708], [90.56507752608228, 22.139821096423734], [90.5602956681642, 22.135704178883703], [90.55700303832751, 22.1341844417632], [90.5532225511569, 22.133890984448218], [90.54878630206616, 22.134059258544475], [90.53745710113277, 22.136546347154113], [90.54160712165174, 22.147402704933178], [90.54871698410288, 22.158555031596755], [90.55152265831504, 22.161607291867508], [90.56487245589656, 22.17074759195196], [90.5731204838062, 22.17806747304833], [90.57444348365543, 22.180052855165705], [90.57247820981931, 22.181743781672964], [90.5841667571433, 22.185989246404375], [90.59156504676548, 22.186268580122398], [90.60127706742499, 22.18929500342876], [90.60423236732188, 22.188365419317297], [90.6069347773396, 22.18672247067865], [90.60680978437676, 22.176108212844653], [90.60433382443162, 22.1736677714865]]], [[[90.58892917390648, 22.22672183763152], [90.5850382430749, 22.211521437829113], [90.58265989353723, 22.2059102275113], [90.5796997487348, 22.201945810533314], [90.56832205457233, 22.191020527934175], [90.56522023859075, 22.188289757451724], [90.56330683486694, 22.18829638487629], [90.56286928934632, 22.189257487013897], [90.57471126313872, 22.205938480494186], [90.57875558742539, 22.222920296057097], [90.58364483244225, 22.230441725294664], [90.58498288540756, 22.239403742700986], [90.58633433520158, 22.240026456585177], [90.58868996078489, 22.240017945620444], [90.58778232603976, 22.234127385207398], [90.58892917390648, 22.22672183763152]]], [[[90.64088822764887, 22.224743498205108], [90.6282977612937, 22.207385250933992], [90.6228345908836, 22.203568204765517], [90.61529053568243, 22.195098983420575], [90.60689410688406, 22.193485446427758], [90.59274660966855, 22.18928871851031], [90.57773402153245, 22.189205447560084], [90.57715820526462, 22.19236009745828], [90.58101330447809, 22.19919985715592], [90.5861907713144, 22.20548622134592], [90.58918550808862, 22.217674464214138], [90.59215718830714, 22.224242704319725], [90.5933429421626, 22.22615754799943], [90.59820457456095, 22.226962121533628], [90.60218971965078, 22.229277344461757], [90.59968691264896, 22.22928659033951], [90.59703093438532, 22.227925731664072], [90.59276100765979, 22.227804424516634], [90.59305977279695, 22.228762634797533], [90.59601101914222, 22.230396884948206], [90.59823539624135, 22.234226476361346], [90.59871302776173, 22.242585680697808], [90.60799657240551, 22.24447010458434], [90.62331521079919, 22.245783000208114], [90.63308707547964, 22.248377223888966], [90.63421804657553, 22.247385575062445], [90.63374197536605, 22.239711682877545], [90.63724748841132, 22.233530054076883], [90.64088822764887, 22.224743498205108]]], [[[90.57691147677552, 22.235827157318994], [90.58338753213549, 22.239488803916124], [90.5827697263566, 22.232500667191196], [90.58217236203947, 22.230447001903325], [90.5785809164812, 22.226315737514874], [90.57629209189037, 22.232523747020267], [90.57691147677552, 22.235827157318994]]], [[[90.59163391635346, 22.239870339444717], [90.59561036098455, 22.241499163323425], [90.59620244484834, 22.240813232969842], [90.59706343930239, 22.23560141009399], [90.5938023476265, 22.230267758635808], [90.59203057237758, 22.22904050952334], [90.59028522440352, 22.234118320615032], [90.59059084802362, 22.236858749998717], [90.59163391635346, 22.239870339444717]]], [[[90.6499663156176, 22.278716190312448], [90.64526777072356, 22.28283292749595], [90.64274192761849, 22.280793946444483], [90.63767177329375, 22.272325454248193], [90.63387815889193, 22.26794953792734], [90.62914545753952, 22.264455432546576], [90.6200078472495, 22.260392820669445], [90.61528920196032, 22.260118000382295], [90.61466784825743, 22.261876608425307], [90.61593743329, 22.264506042990945], [90.62699498579484, 22.275879521997982], [90.6342557219794, 22.281998054176583], [90.64089388975006, 22.28928972153121], [90.64342863541214, 22.293377688412303], [90.64536049500808, 22.303029202828156], [90.64315722309286, 22.30274519795938], [90.63681461197032, 22.291354775557476], [90.6320685866922, 22.28522632300413], [90.62449291660886, 22.279108908277617], [90.6207098477363, 22.27707440618167], [90.61725329373346, 22.277673092660905], [90.61761124515343, 22.287623727161904], [90.61888757408717, 22.291716875400475], [90.6230073568795, 22.298725820682858], [90.6258958049572, 22.31159392433643], [90.62874941009747, 22.316558858680974], [90.634436780817, 22.322098179433464], [90.64015592621693, 22.334369350997502], [90.64425386212159, 22.336109345890204], [90.64737437896376, 22.330535458606743], [90.65350769043171, 22.29626439000047], [90.65123400347957, 22.280760109126113], [90.6499663156176, 22.278716190312448]]], [[[90.66187125693311, 22.2688623941051], [90.66918044513491, 22.284931358218646], [90.67468310098863, 22.31739875294045], [90.67505857803889, 22.32998353858106], [90.67697278831389, 22.3355367011091], [90.67544341754547, 22.34461695604612], [90.67578240488508, 22.34959146014685], [90.67706749546392, 22.35514750846747], [90.67836041771301, 22.35590516871197], [90.68019450545584, 22.354852099784267], [90.67922058230793, 22.344893914978353], [90.68010474653457, 22.332596640825248], [90.67843407144403, 22.31240716817066], [90.67587261261872, 22.303051201433938], [90.67323442746208, 22.27759689381829], [90.67068177651288, 22.269996989577518], [90.6681480821074, 22.266202476102265], [90.66499656195367, 22.264751918185016], [90.65929060444248, 22.255115680732946], [90.65677933116675, 22.256004113530587], [90.6558538601948, 22.259812817702368], [90.66187125693311, 22.2688623941051]]], [[[90.65692970848934, 22.355376682942513], [90.65960544121673, 22.38902676853622], [90.66290504052722, 22.38705916675116], [90.66893700085124, 22.365864861093637], [90.66974724048556, 22.337762218564045], [90.6659633315504, 22.336021585922555], [90.66158192367318, 22.341015465169928], [90.65721530072605, 22.349228872587673], [90.65692970848934, 22.355376682942513]]], [[[90.6684642209465, 22.750883083323753], [90.67041819520632, 22.74650699255862], [90.67810868110989, 22.734920048899316], [90.67975851636959, 22.730685999587624], [90.69021457333749, 22.68934548621195], [90.69529327412693, 22.680164509085404], [90.69926282445527, 22.67697707189948], [90.69898823084671, 22.660245608137636], [90.6973924859043, 22.64492907373969], [90.69942915467864, 22.634880681883235], [90.70299095446825, 22.626410667428537], [90.70751722359823, 22.62110677761426], [90.71233908472097, 22.618003350691435], [90.71688358377955, 22.61622159528351], [90.72618199932855, 22.61670824295891], [90.73167989652454, 22.615978664352937], [90.74117088445789, 22.616992017716825], [90.74495888248921, 22.61574142069293], [90.75365262163487, 22.609712547485778], [90.75929630326073, 22.601055406712195], [90.76154181184948, 22.595408507648113], [90.7620696015775, 22.58800850759432], [90.76587211580694, 22.572402738403902], [90.77185662528888, 22.557226789333868], [90.77618148201041, 22.55068921608418], [90.77882297962022, 22.54838676068504], [90.79028830947064, 22.530541249787678], [90.79809738644592, 22.520198990619228], [90.81165192855615, 22.503927293842313], [90.81749085594333, 22.49755688804877], [90.82183421051391, 22.494716656488162], [90.83276430093271, 22.484092610254297], [90.83748645509249, 22.48142616455539], [90.8520841688469, 22.466642780231133], [90.86222776487554, 22.452146211272378], [90.86672593218013, 22.444196175759895], [90.8682067809719, 22.438551952668057], [90.86617924104564, 22.417074922795027], [90.86348443452727, 22.410219993656217], [90.86221555810057, 22.404150374490545], [90.85456180621435, 22.391509457332454], [90.84635236726155, 22.380808430572813], [90.84211823519675, 22.369557846864424], [90.84152254453986, 22.36498152096859], [90.84204516857884, 22.357405048906237], [90.84095551669697, 22.34939656402814], [90.84124864000223, 22.335128265736643], [90.84567657544214, 22.3159063918207], [90.84601912781288, 22.309915919402762], [90.84504381593042, 22.289401235458456], [90.84368924648253, 22.284476505045564], [90.84209866799566, 22.2716268386224], [90.84262214834166, 22.26422644014003], [90.83604087350793, 22.239425261980145], [90.83288974557183, 22.223331010578512], [90.83244423726656, 22.211752386881972], [90.82638457958257, 22.17449629151375], [90.82592104477826, 22.15958391645993], [90.82092835614027, 22.143290455698], [90.81425566353488, 22.129286488703798], [90.8094981156348, 22.120624409694617], [90.80399088179925, 22.11257987929866], [90.79887398908997, 22.10681456424148], [90.78973232304769, 22.088259085329693], [90.777250056829, 22.0781416290404], [90.76570486358722, 22.06679044569308], [90.7422950302491, 22.05400088436788], [90.73585760072766, 22.04683576599797], [90.72337980552355, 22.036011836820396], [90.70368073407519, 22.010741489526925], [90.69914881322894, 22.00760232595766], [90.68369245131414, 22.00222782155747], [90.6548731943619, 21.99585267888539], [90.63397451060183, 21.992951795391086], [90.63096584505038, 21.993314317853446], [90.62966080797544, 21.99612699937838], [90.62309987750089, 22.001767389918875], [90.62123182797835, 22.004933067541494], [90.62088332999383, 22.011251565730866], [90.62619506923234, 22.021058036905522], [90.62298787122934, 22.01922784696903], [90.61957450484478, 22.013274535478406], [90.61693228424566, 22.0115296031055], [90.6129882411284, 22.013299295717953], [90.61017656213629, 22.01594185054891], [90.60681759851455, 22.022622424799415], [90.60213968073253, 22.028956860586785], [90.59843248762218, 22.04257004533336], [90.59996920134786, 22.049934356451345], [90.60492788095337, 22.065007151583455], [90.6167307241177, 22.095232563194628], [90.62056297101734, 22.11048458655473], [90.62173535142848, 22.120131090289913], [90.62007881461116, 22.128911187562522], [90.62104286391644, 22.133996253638383], [90.619760051271, 22.14207307936928], [90.62435170739867, 22.158286958418255], [90.62667323889202, 22.17196490850139], [90.62726546244613, 22.178104359032552], [90.62637549506385, 22.189864430852108], [90.62978342279614, 22.193536319389246], [90.63507513600243, 22.197025198068538], [90.64094175598406, 22.20261740128317], [90.64720007173165, 22.211278524874384], [90.65537137725275, 22.225985277483446], [90.66548326009777, 22.25208949445822], [90.67022152573948, 22.257422038681835], [90.67326670954886, 22.263550793154558], [90.67670129143735, 22.272134504156366], [90.67863492487135, 22.28212832114473], [90.67983168870107, 22.295634546346616], [90.68369342140251, 22.314305896064685], [90.68527817904629, 22.329915811958617], [90.68290160385453, 22.34536711070913], [90.68278868264349, 22.36080882650024], [90.68204211237708, 22.362566779644006], [90.68033577437605, 22.36081915175298], [90.67920771890968, 22.36152569776499], [90.67658315207649, 22.36495850496056], [90.67621829147146, 22.367591957788008], [90.67605298459785, 22.372330286734016], [90.67822569585036, 22.39250002142738], [90.67769725325881, 22.400222680383703], [90.67200426669575, 22.432795732045058], [90.67335312241958, 22.438580705066475], [90.67543613233232, 22.467627647955307], [90.67039644440658, 22.49160362275195], [90.6671642469029, 22.513176327683876], [90.66842526670933, 22.523175809417], [90.66831969832873, 22.532687486532716], [90.66624149492594, 22.542137040894733], [90.66444272549866, 22.54665364466341], [90.65674982988035, 22.555985302796827], [90.65039674753677, 22.559956537592235], [90.64433878236673, 22.56223565309416], [90.62281702607594, 22.567181953282795], [90.62176132198779, 22.568594999652575], [90.62182327189966, 22.582404019544317], [90.61973933759143, 22.59143012840012], [90.61537041528092, 22.59849255397008], [90.61037928669343, 22.602316151934282], [90.61144718211085, 22.603580176849775], [90.61653249823692, 22.620892741871263], [90.61733110148738, 22.629766821789094], [90.6165852844056, 22.63272902095736], [90.61536380668574, 22.63118361325866], [90.6151854221752, 22.625266197647814], [90.61394837042918, 22.62005716620074], [90.61072748515568, 22.612460375635774], [90.6079500459311, 22.602184501179273], [90.61879640126712, 22.584106680590516], [90.61939246236733, 22.58170878895593], [90.61799301644614, 22.57410506714916], [90.6179685189827, 22.568609625412556], [90.60643873564139, 22.568935272914498], [90.59992671187139, 22.57163704972966], [90.59223889327704, 22.58350215236357], [90.5763719528467, 22.599271315128927], [90.56683510756042, 22.60508255085338], [90.55728719836416, 22.60849794436121], [90.5554755541958, 22.61089982980215], [90.5491186663507, 22.615289747727058], [90.54231470899762, 22.621935668123733], [90.539276079507, 22.621100417885692], [90.53715446041282, 22.62195302650753], [90.53656221670728, 22.625900448713526], [90.5419061999885, 22.633773639307137], [90.5472337248019, 22.6374895372698], [90.55180554113541, 22.641983050124498], [90.56564079775842, 22.64714862768566], [90.57417128119006, 22.65402276889658], [90.57630785306992, 22.65669242118515], [90.57707703892333, 22.659085238907068], [90.5780287133149, 22.66887502001515], [90.57278897372122, 22.68678927752838], [90.56888382366233, 22.697230430785925], [90.56330824110864, 22.707818242183592], [90.5623032571922, 22.72205350309124], [90.56033695611609, 22.72417424468989], [90.5597095027482, 22.71924443261986], [90.56029163726782, 22.713042584854065], [90.56223534682539, 22.70542672318402], [90.55995816678603, 22.705716442335643], [90.55677741310302, 22.70784110517684], [90.55222750186039, 22.709406972230795], [90.54600025086484, 22.709428348185497], [90.5417421829788, 22.708033593495827], [90.54007726595074, 22.70944845476521], [90.53977989706107, 22.71121071568922], [90.54305056307851, 22.731631491995245], [90.54339186087515, 22.741141763952214], [90.54524953226871, 22.74987166855857], [90.54723938851032, 22.75366937163733], [90.53858991347914, 22.756376071342743], [90.53632399644562, 22.759624459742952], [90.53376617878553, 22.76611483621889], [90.53576531539767, 22.77230820877503], [90.54126172905592, 22.7789123221782], [90.55633756627276, 22.78682175962433], [90.57033580391646, 22.790999689135333], [90.57476195640385, 22.7954928836254], [90.58146707813421, 22.7998365078638], [90.58937660098707, 22.80135754387436], [90.61474712750277, 22.79907766216519], [90.64375323867102, 22.7944541742782], [90.65406691382884, 22.79018518915018], [90.66149130162995, 22.785645543857584], [90.6673128788675, 22.763992159313013], [90.6684642209465, 22.750883083323753]]], [[[90.66383657261522, 22.418425828891525], [90.66450947302101, 22.427496859210944], [90.6686545293343, 22.438309740574564], [90.66828886650008, 22.427774016101804], [90.67074046096245, 22.413714187865835], [90.67229610845594, 22.40990255553838], [90.67164672913202, 22.40580761793151], [90.6687841169648, 22.39967260012014], [90.66845420779399, 22.396454286001294], [90.66371425094154, 22.39266862834461], [90.66070871163193, 22.392388466795005], [90.65993995892102, 22.393269572822078], [90.66383657261522, 22.418425828891525]]], [[[90.64524131580477, 22.549776976344788], [90.6524698454176, 22.54564995639989], [90.65529148022688, 22.542711605532023], [90.6537022792739, 22.539791186579045], [90.65117354499532, 22.538045252177458], [90.64456613978274, 22.540120507062905], [90.64298668023754, 22.539248872762435], [90.64359118121588, 22.533685139793697], [90.6420131536725, 22.533105951305682], [90.63918273195176, 22.534288199991742], [90.63417266290404, 22.541040043668787], [90.63197096704606, 22.54192666129779], [90.631650192563, 22.540757220289937], [90.64010818154321, 22.52989390044164], [90.64229143479713, 22.525202117347337], [90.64604760113252, 22.51991850952035], [90.6497474112968, 22.502634426382468], [90.65066960497555, 22.49765486201682], [90.6512353201896, 22.48389573753013], [90.64991926983744, 22.47190038613786], [90.64896234971368, 22.469270075718523], [90.64644116088016, 22.468987451765926], [90.64548432605838, 22.466356835447193], [90.64797764011485, 22.460785477024054], [90.64671705197385, 22.460498068896978], [90.64137308269272, 22.46256807268287], [90.63382181021687, 22.464061656883633], [90.62562859578073, 22.462922642468314], [90.62908702340945, 22.461738482020305], [90.63664357563873, 22.461416093366754], [90.64387596230952, 22.459045690516305], [90.64701404654457, 22.456691717702032], [90.64794227159251, 22.453175579803148], [90.64792187244187, 22.44878500146527], [90.64597867200611, 22.437084818202052], [90.64246246675373, 22.425683601185348], [90.64212097216618, 22.419830814387915], [90.6377120948188, 22.41955552525891], [90.64021700958357, 22.416618686190976], [90.64270425175295, 22.409730461072325], [90.64476345434805, 22.378403039017275], [90.64068911253435, 22.38222442253703], [90.62597823188426, 22.400429485859558], [90.61626662765786, 22.411004142273722], [90.60844601818087, 22.42244908938215], [90.59901663254092, 22.425996774593266], [90.60654338963361, 22.41923654632853], [90.61249032572155, 22.411311247614435], [90.61060250369103, 22.411611141678595], [90.60746478009577, 22.413964410877657], [90.59931488198374, 22.422190467203546], [90.59304717629622, 22.428946030149394], [90.59243354137637, 22.43275320104145], [90.59341588170341, 22.441530712331254], [90.59564315089595, 22.44708392605896], [90.59818143454393, 22.451464948631056], [90.60419104407873, 22.457589466041433], [90.61308263745997, 22.474532558668376], [90.61878310746835, 22.481535622778765], [90.62793530169304, 22.485598145423896], [90.63016396643762, 22.490858060873315], [90.63206150508428, 22.492606551352118], [90.63206416419739, 22.493192035849713], [90.62828700675546, 22.493792300006227], [90.62171859907335, 22.50420847946803], [90.62016187787712, 22.508312379230006], [90.6160733759076, 22.509791523205486], [90.60854615678937, 22.517430446795878], [90.60100545163344, 22.522141883386965], [90.59849785411608, 22.52507813637376], [90.59630873188254, 22.528891414429925], [90.59663988837357, 22.53269533995818], [90.59540856692912, 22.53936448920632], [90.60172821423362, 22.543506342832615], [90.60741121704754, 22.546119141985027], [90.61688026353046, 22.54959549890256], [90.6231888691083, 22.551034627579586], [90.62759660679426, 22.550139534979635], [90.63957366922472, 22.55067756495434], [90.64524131580477, 22.549776976344788]]], [[[90.59173260643774, 22.56403230777821], [90.59551310345505, 22.56372560257715], [90.59865813788349, 22.562250473510343], [90.60180056399845, 22.560189801181924], [90.6021052834182, 22.55784697267233], [90.60020213443836, 22.554927187743207], [90.58379076819807, 22.549133502014612], [90.57907033182607, 22.55061430187823], [90.56304584032851, 22.562086381860297], [90.5583376923033, 22.5667859161875], [90.55520500143089, 22.571479880919515], [90.55176938947116, 22.579394765040956], [90.55085657445674, 22.587593408194223], [90.54834613852623, 22.590528903833945], [90.54491029198411, 22.598443637678262], [90.53988700023257, 22.603729203817874], [90.53644921920765, 22.61135073431881], [90.53583220747662, 22.614865190946837], [90.53717845309427, 22.61623013465885], [90.5424506260053, 22.614257746869843], [90.55062599042941, 22.608961321433657], [90.55376434088359, 22.60543813473767], [90.55753663857115, 22.602790644397913], [90.56854971670255, 22.597776188238367], [90.57829237559304, 22.5907166269446], [90.58833530237425, 22.58043574560919], [90.59021050284915, 22.576623735155316], [90.59082537426684, 22.573109087010707], [90.5883005144593, 22.572240392248716], [90.57726885732663, 22.571987645819508], [90.57978507947914, 22.570807884583427], [90.58419745203153, 22.570791908115368], [90.59111718473694, 22.56754696422853], [90.59173260643774, 22.56403230777821]]], [[[90.54670315733188, 22.573557975789072], [90.54355729226336, 22.575032102821638], [90.5375905056423, 22.580613536211047], [90.53194890851614, 22.588827840554643], [90.52043181553393, 22.627502010738965], [90.51962130190878, 22.639043988077503], [90.52365120352141, 22.64505348658753], [90.52492548464465, 22.648561704830513], [90.53092829103173, 22.651468826401015], [90.53281391140735, 22.649706379181055], [90.53121359829754, 22.643565161479387], [90.5312000929157, 22.640052821167785], [90.53245195423392, 22.63770698453635], [90.52925068799374, 22.625131469189114], [90.52923500511599, 22.621033916136867], [90.53297775601385, 22.610484340692324], [90.53607125632539, 22.595253733160916], [90.54485962096214, 22.58556491140962], [90.54673317855884, 22.581168182273814], [90.54734746961611, 22.5770681901339], [90.54390268880707, 22.582641244014837], [90.54295092445818, 22.58118100757804], [90.54670315733188, 22.573557975789072]]], [[[90.56263516114609, 22.693508970662663], [90.56954456688607, 22.68616709409622], [90.57109497311615, 22.679722355804927], [90.5707634584922, 22.675918441781505], [90.57232159635078, 22.67122955423679], [90.57261365465416, 22.66566751510578], [90.56974246602277, 22.65777479965942], [90.56720294432444, 22.65368623845768], [90.56435505330313, 22.651354619830272], [90.55931346566899, 22.652250524849194], [90.55963805129511, 22.654590782499838], [90.56153582538622, 22.656047583562554], [90.55743406527495, 22.655476696606172], [90.55461569461949, 22.660462282866092], [90.54862131983379, 22.65989742945635], [90.5470514952998, 22.661658981591984], [90.54520004804579, 22.671909653021885], [90.54300490796135, 22.675136731971918], [90.54079474665525, 22.674559003920194], [90.5316605707385, 22.677809211199133], [90.52882061493375, 22.677525869882686], [90.53700423441393, 22.67310803584064], [90.5388866355753, 22.67046757802325], [90.53887634696122, 22.66783347624903], [90.53284892855027, 22.65877995553973], [90.52905108191118, 22.655280159727113], [90.5252567674874, 22.65265821235556], [90.51988922317742, 22.650919519844365], [90.51803307305545, 22.66058472712791], [90.51742856943781, 22.667611441949987], [90.51839608046362, 22.67316934350356], [90.51809901865306, 22.678146405276948], [90.51624521779308, 22.688396766124924], [90.51974443886718, 22.696288129454956], [90.5301984274032, 22.707668864374057], [90.53163103992102, 22.708480516819748], [90.53461748306893, 22.708239644303887], [90.53870470794391, 22.70471357918632], [90.54501506274443, 22.704984950643677], [90.55036575011457, 22.70174702653071], [90.5541483377362, 22.701148485644694], [90.5588712106192, 22.69879068263424], [90.56263516114609, 22.693508970662663]]], [[[90.75867880392781, 22.730337965350728], [90.75846463810096, 22.7259355593929], [90.75977532800317, 22.722583084094733], [90.76429653818693, 22.716220765387213], [90.76807362418636, 22.71268027039252], [90.77261944670406, 22.710720746885865], [90.77807500429125, 22.70188802731314], [90.77919753769837, 22.699064476121173], [90.77786228149357, 22.697837934591497], [90.77292305471116, 22.69715755568726], [90.76970363024094, 22.698581978449756], [90.76686835861261, 22.700709091283272], [90.76517833479599, 22.704063722062834], [90.7621540016581, 22.706367806762046], [90.74871769957667, 22.714180956230873], [90.74493720272582, 22.717192857196128], [90.74042581320519, 22.725667823510104], [90.73683659390139, 22.729030951075607], [90.73548949724831, 22.725690608784927], [90.73679697805069, 22.721633728498908], [90.73659390364327, 22.719168860823608], [90.73451813156034, 22.721468064058165], [90.733619465103, 22.730983102623753], [90.73402932512465, 22.73661741649992], [90.73249701452065, 22.734158646701847], [90.72882898522329, 22.722727140936833], [90.73485119762591, 22.712836357466987], [90.74104785558377, 22.700126158055006], [90.7508626144542, 22.68968873476908], [90.75574451594811, 22.679978683585617], [90.75800623170332, 22.677149886951348], [90.76084275214905, 22.675199076182068], [90.77120532271708, 22.661587440968795], [90.77156620086187, 22.658239431838773], [90.77079426676877, 22.65595348734552], [90.76851293297455, 22.655259845838355], [90.76246965328188, 22.660572634709947], [90.76191255619413, 22.662688796699765], [90.7630614233471, 22.664620690888743], [90.76231196847178, 22.666385752989044], [90.76059467638893, 22.664632420728953], [90.75963018104979, 22.661818886159363], [90.75603726780633, 22.66412554324692], [90.75471736527027, 22.665717113311374], [90.75416144750102, 22.668185543819103], [90.75550742161124, 22.67134961074499], [90.75474145119365, 22.670120175123415], [90.7511303700567, 22.669256400953714], [90.74985214395191, 22.678421322292802], [90.74532096417634, 22.682845651209455], [90.74455121274433, 22.680911869480752], [90.7452705144904, 22.673511084174297], [90.74714415099821, 22.669098893560097], [90.74692669766323, 22.663992126682103], [90.74881032715916, 22.661341650429495], [90.74802347658513, 22.656237540811603], [90.74612276375525, 22.655717951128413], [90.74254398332094, 22.660666212623365], [90.7423200931859, 22.654326408355313], [90.74363150068936, 22.65114990684362], [90.7458958703003, 22.64884971468652], [90.74510792210569, 22.643393565545583], [90.74093963387085, 22.644645654333612], [90.73962788579482, 22.647645987469684], [90.73799523176223, 22.661743846751964], [90.73577781689424, 22.67302652468896], [90.7308797829536, 22.679917957181], [90.73094048458317, 22.69136629327337], [90.7336422453208, 22.699632116715435], [90.73404164653077, 22.703328858982847], [90.73178776581938, 22.707918504002084], [90.73064114538717, 22.706514831975117], [90.73062432603663, 22.703344500573092], [90.72637391831032, 22.68927356507872], [90.72578123646458, 22.684872785848803], [90.72762001491968, 22.673592243742075], [90.7315755325549, 22.6679379834064], [90.73156152505591, 22.66529607551146], [90.73041247766605, 22.663363946694343], [90.72851326391374, 22.663020292845587], [90.72285874727109, 22.6704433787058], [90.72362937453825, 22.67272957190793], [90.72345434619656, 22.67554848570658], [90.7207810006741, 22.672390114615432], [90.71644985216386, 22.67892655066856], [90.70697619953535, 22.700720695951965], [90.70529703171064, 22.70636434770829], [90.70418671682084, 22.712005477410585], [90.70535749015583, 22.718165002094754], [90.70898170018943, 22.7214952559239], [90.71202520228653, 22.722538629888994], [90.71051981679551, 22.7251872883746], [90.70842748424917, 22.724491974702005], [90.70365944134352, 22.720285999250528], [90.70042409307626, 22.718714853818817], [90.69890778699921, 22.71924993814322], [90.69382085713255, 22.72702184644388], [90.69326185179702, 22.729137788970405], [90.69422640563835, 22.732127868987323], [90.70033015548896, 22.737561316789584], [90.6990062303891, 22.73862401073114], [90.69214733824427, 22.7340742519543], [90.69120317417114, 22.735135237234378], [90.68876423972242, 22.740958147901885], [90.68802401310313, 22.744836067708313], [90.68880395676105, 22.748883867629782], [90.68656808995567, 22.757523694138943], [90.68233955210033, 22.74732626154496], [90.68307207370823, 22.741863049346062], [90.6807836035164, 22.73993544791257], [90.67889126300659, 22.74117654916074], [90.67950477651495, 22.75015645987683], [90.68432203388147, 22.764050301198363], [90.69427234704716, 22.778802167599682], [90.69735312370094, 22.787066875987477], [90.70252301844337, 22.793217574350727], [90.70648821779943, 22.790372938137743], [90.71818629543081, 22.77534980445996], [90.72122273652022, 22.774807667552505], [90.72254219003423, 22.7728643519224], [90.7293510065403, 22.767549506966883], [90.73482943328366, 22.76206435933949], [90.74453156713376, 22.747488898822738], [90.7560442258435, 22.734577439185028], [90.76171212140297, 22.72944279949551], [90.75867880392781, 22.730337965350728]]], [[[90.5263067735894, 22.796987771207625], [90.53063515801256, 22.796676172156538], [90.5317487751762, 22.794442330557047], [90.533002887826, 22.78700445986169], [90.5296073093802, 22.779656599167026], [90.52764844850299, 22.77059404272518], [90.52887683389037, 22.756466119714332], [90.52560228131478, 22.738636314060955], [90.52534738421184, 22.713808768514582], [90.52341357067218, 22.7109904301808], [90.51892444737985, 22.710410253021337], [90.5179769174095, 22.714130350155187], [90.51606386808356, 22.716812442420803], [90.49792982120545, 22.732146248778747], [90.49410103664405, 22.737138723862586], [90.49157164487065, 22.74692167059834], [90.49107146179244, 22.76383483190199], [90.48964505781618, 22.768448003255173], [90.4898141928212, 22.77097489375825], [90.49442693452158, 22.783040448033205], [90.49885365386967, 22.787932703709657], [90.49877037498595, 22.79299454001199], [90.50401461906836, 22.796019232593324], [90.52117869995647, 22.79774789526948], [90.52613407309428, 22.793717665811187], [90.5274187487671, 22.794307937403175], [90.52550252476294, 22.79639562667353], [90.5263067735894, 22.796987771207625]]], [[[90.76079755133227, 22.809014324056193], [90.74737483364267, 22.830845459281818], [90.74892007875427, 22.832184704425135], [90.75428718955868, 22.834042223472423], [90.75816576925165, 22.834023809273013], [90.76203828330001, 22.832807312419718], [90.7690360024653, 22.829006875014585], [90.76994872788117, 22.827119062600726], [90.76974301068127, 22.823353247538186], [90.76917437417805, 22.82078804691587], [90.76787183882523, 22.819081987078555], [90.76968912605028, 22.81376569476898], [90.7687518511017, 22.811373333148527], [90.76946841806765, 22.807431994238797], [90.76797574442766, 22.80469960975488], [90.7663158577584, 22.805050008745237], [90.76079755133227, 22.809014324056193]]], [[[90.68485160891476, 22.819635683064632], [90.6830688663768, 22.813019988007454], [90.68784866823586, 22.806781736044798], [90.68854160530731, 22.799614809434047], [90.68152966919291, 22.79680622522727], [90.67933433758589, 22.795058337019725], [90.67481167574886, 22.794401733483596], [90.6742243539884, 22.79359319770532], [90.67568268027281, 22.793587026739203], [90.67742471732237, 22.792092816169884], [90.68077931822683, 22.792483902832487], [90.6844363292476, 22.79490130815799], [90.68617625606475, 22.79300164491883], [90.68557671179542, 22.789760149172707], [90.67916203055097, 22.789652370902502], [90.6766771934872, 22.78831132492479], [90.67172128418787, 22.788534953370117], [90.66707832865018, 22.79301490776743], [90.66154765630358, 22.794930418021522], [90.65225394296937, 22.802673540639603], [90.65138784555143, 22.80443434067837], [90.6532874240587, 22.80537252476472], [90.66233203640314, 22.806416663076675], [90.66117826386215, 22.808989727893902], [90.65782528843738, 22.80913881562026], [90.65081858776932, 22.80741031489174], [90.64177777791713, 22.807176529668766], [90.62138010295541, 22.810298744086595], [90.59032302462396, 22.810146338536185], [90.57149438046122, 22.805416524092948], [90.5418480242248, 22.793084096348196], [90.53093575278831, 22.79866281246177], [90.51068126879409, 22.80156772291599], [90.50528700493311, 22.80172012633551], [90.49608347646347, 22.79661236081546], [90.49463689673564, 22.799725783223494], [90.49464762741366, 22.80269945840695], [90.49919001014013, 22.808903435554214], [90.50503577342744, 22.812534541492482], [90.50869523867385, 22.81644314072429], [90.50958599650437, 22.82063040239217], [90.50915563388236, 22.822659503441855], [90.50610517065797, 22.825710668160582], [90.50304874680916, 22.82734241474327], [90.49736465440157, 22.82830651366112], [90.49885640575388, 22.837358437556702], [90.49552353015241, 22.843316229004984], [90.49377736055828, 22.844403406693857], [90.49188071234823, 22.84413883843888], [90.49070824769842, 22.842655326581905], [90.48837667792083, 22.843067869822505], [90.48780034918855, 22.84509764304937], [90.48897944169391, 22.84860803206618], [90.49088257882948, 22.85049467888109], [90.49336875935347, 22.852379495815796], [90.50096401271838, 22.855329462001293], [90.50960672957524, 22.865440321935807], [90.51501878119848, 22.869342821272824], [90.51678247815795, 22.872851651165774], [90.51838926326985, 22.873522232621553], [90.52761563376288, 22.88281884262568], [90.53333652191276, 22.890910008280343], [90.55710739410551, 22.888597822235738], [90.56585328699953, 22.886809957796515], [90.58785154777036, 22.87970112118768], [90.59776824803504, 22.879056104758433], [90.60825860394579, 22.876177624950003], [90.63041836797748, 22.87325264173967], [90.64221348399792, 22.868880232541585], [90.65107769864966, 22.861882968719385], [90.66240427025866, 22.851428251192658], [90.67734455113208, 22.834874666473866], [90.68429316095774, 22.824639391280584], [90.68485160891476, 22.819635683064632]]], [[[90.75449250744776, 22.837808064571025], [90.75337265123937, 22.835758894094432], [90.74875051833115, 22.834924800296225], [90.74432881766073, 22.836999999673186], [90.73957983673311, 22.846952367436785], [90.73572513459669, 22.851592934991366], [90.73592168991654, 22.853818129404274], [90.73703682732162, 22.855010988830177], [90.74089436040188, 22.85088413639546], [90.73963632984082, 22.857396096147603], [90.74237270478905, 22.86589593769874], [90.74871405252904, 22.86197634430906], [90.74924153646627, 22.85718010458812], [90.7471924748284, 22.85410775162106], [90.74753789963431, 22.849654496197886], [90.74993069642532, 22.84810253137856], [90.75194771619529, 22.845353724747625], [90.75193830293631, 22.843641428376976], [90.7491730571644, 22.844681980549847], [90.75432211216429, 22.84037710138888], [90.75449250744776, 22.837808064571025]]], [[[90.75074290834812, 22.861453027974083], [90.74652930422516, 22.867978944527806], [90.74672667606129, 22.870204112921083], [90.75169486160718, 22.87203927417098], [90.75227138434988, 22.870520118946963], [90.75540631891045, 22.869478314893893], [90.75722849777557, 22.86484697003401], [90.75721521493631, 22.862449876724295], [90.76215369739963, 22.853523061087117], [90.76177630666754, 22.852155224371668], [90.75587359849054, 22.85372463563075], [90.75109481409913, 22.85819832077735], [90.75074290834812, 22.861453027974083]]], [[[90.73137506925222, 22.867193440864536], [90.72971523881344, 22.867714821181945], [90.72936371809166, 22.87114055180947], [90.73013384650444, 22.87695829926321], [90.7353817946214, 22.880275241852427], [90.7378607903986, 22.87075867406236], [90.7396919298971, 22.867668750753584], [90.73874366718422, 22.86322152421882], [90.73726111606875, 22.86237251185858], [90.73467873291531, 22.86306927895993], [90.7337812285086, 22.868038250177175], [90.73137506925222, 22.867193440864536]]], [[[90.71137802143957, 22.858894562445403], [90.70385184314841, 22.86834510135231], [90.70016386000643, 22.869731027843926], [90.69941960573097, 22.88381868815272], [90.70392243350987, 22.88204187242448], [90.71035830421584, 22.876020329971464], [90.71053667941135, 22.874821512508387], [90.70427665155073, 22.879129372519763], [90.71286484749962, 22.860600257706615], [90.71137802143957, 22.858894562445403]]], [[[90.7423097225157, 22.873477830204386], [90.74012791560669, 22.879994087784134], [90.74237448327068, 22.886846507178266], [90.74495917858562, 22.88493634131536], [90.75008290769594, 22.875837957897133], [90.75044050075502, 22.8736107439865], [90.7485926432647, 22.873619450846533], [90.7450653275864, 22.870554030961404], [90.7423097225157, 22.873477830204386]]], [[[90.61309224547387, 22.880552057093098], [90.61910564924756, 22.885149270401257], [90.62098708050348, 22.884306358422975], [90.62301654966404, 22.881459721624537], [90.62300606548183, 22.879161929363704], [90.61920648013819, 22.877689667676407], [90.61293509492566, 22.87798439278879], [90.61250368876028, 22.879337657130463], [90.61309224547387, 22.880552057093098]]], [[[90.52248627632147, 23.059372215966917], [90.51852049448016, 23.057457822166988], [90.51684768121562, 23.055728366916423], [90.51285944675135, 23.047836758931556], [90.5045151490882, 23.044779328712956], [90.50369616299761, 23.048637418791124], [90.50622647542858, 23.056726459254], [90.51125755518396, 23.064999896417365], [90.52067816925758, 23.076728608605585], [90.52172719947885, 23.07865315873711], [90.52196193235874, 23.08539957059152], [90.52279997735187, 23.08655360402176], [90.52530235066035, 23.08712398558676], [90.52842194676082, 23.08557117294731], [90.53277662088718, 23.08015868811712], [90.53412486720123, 23.075596922517366], [90.53399495804581, 23.07205750301357], [90.53251086135955, 23.06550783970604], [90.53206382437443, 23.057798424432402], [90.52893134539661, 23.055880921659572], [90.52644017560004, 23.058202854154914], [90.5266518296704, 23.058972790387106], [90.52248627632147, 23.059372215966917]]], [[[90.53719856854686, 23.094068822047248], [90.53885675296215, 23.091943779563668], [90.5387404968812, 23.088958169375523], [90.5370465961616, 23.081931093644354], [90.53579230485141, 23.080779678054725], [90.52510684139114, 23.09083442680921], [90.5228957752239, 23.091125742489943], [90.52219961525984, 23.09305944079942], [90.52242186923586, 23.09671994203008], [90.52284316187041, 23.09787422182716], [90.52545337917537, 23.099599913624353], [90.5348176123225, 23.097545052781538], [90.53773622207717, 23.098209798743458], [90.54066311511365, 23.101089828545746], [90.54201658931001, 23.10089210482648], [90.54174825823515, 23.09500683429166], [90.54053084430387, 23.093961473154184], [90.53719856854686, 23.094068822047248]]], [[[92.32729626971997, 20.617096215429104], [92.3293442072788, 20.61343752504911], [92.3306330866964, 20.605992599944972], [92.33167735281708, 20.60548325020463], [92.33388053955332, 20.600501727184145], [92.33279110032605, 20.598040680170854], [92.33269065560924, 20.59143992984071], [92.33616303420953, 20.589247194221233], [92.33646582372415, 20.586107001723114], [92.34005510404592, 20.580116456846426], [92.34021305387735, 20.578958989991886], [92.33720362179533, 20.577018901308936], [92.33564661773346, 20.578360348425434], [92.33704625285291, 20.578176641696583], [92.3374370143241, 20.580812202161475], [92.3342377584874, 20.58943828018109], [92.32759328821679, 20.590518088694004], [92.32501498872261, 20.593853982316585], [92.3238658351052, 20.598986333548503], [92.32459894659041, 20.601122063430783], [92.3270806499342, 20.602904359423086], [92.32695768542257, 20.606372304214776], [92.3257809805088, 20.609689064348874], [92.326329153611, 20.611167196974417], [92.32513988728789, 20.61365924749307], [92.32604370577425, 20.61546248689718], [92.32487194878618, 20.619109637297], [92.32332695709054, 20.621276009641715], [92.31517581256125, 20.62716273445457], [92.31861424118813, 20.634213996721446], [92.32001381153725, 20.634030104248374], [92.324078774474, 20.63612100517544], [92.32879378898474, 20.637346550884445], [92.32952524005353, 20.6368730243414], [92.32931502009812, 20.6345649176995], [92.32750705408948, 20.63095822017868], [92.3272937767068, 20.628485342137587], [92.32809228656636, 20.62335770123282], [92.32729626971997, 20.617096215429104]]], [[[91.84587304073958, 21.77271997688232], [91.84334289329388, 21.793336222586163], [91.84289660098536, 21.80696962247199], [91.84922880680949, 21.816467864822137], [91.85118484459403, 21.82369531006753], [91.85130425656048, 21.832972852590466], [91.8492237772695, 21.840245271075748], [91.84230080507959, 21.857431010839296], [91.84335901703943, 21.867278039177712], [91.84285347399182, 21.876272715231643], [91.8491292950273, 21.881131782842406], [91.84593990847173, 21.898855418360824], [91.84908769383405, 21.90200982188792], [91.85566074297974, 21.905705252686264], [91.85913856920203, 21.910305515517553], [91.86359770240384, 21.91866398378725], [91.87075895843964, 21.919742333091857], [91.8726761615965, 21.923780032134616], [91.88034872731447, 21.922588965039175], [91.88621391248809, 21.913476806636062], [91.89104318149322, 21.902692640561877], [91.89643206917766, 21.88726273464136], [91.89722584327434, 21.876815000513567], [91.89682368449215, 21.869860566336502], [91.89124571882289, 21.84730778612098], [91.88644645002523, 21.836634243954517], [91.88041780097609, 21.82684434540509], [91.87621437556018, 21.814133538954422], [91.86827595645971, 21.80059531171978], [91.86336773504543, 21.781222901371184], [91.85886869237865, 21.769384870152603], [91.85077424833028, 21.74337848689158], [91.84540232424774, 21.735899168343348], [91.84014909539431, 21.73769733781578], [91.83559409552822, 21.74557710072062], [91.83439682517745, 21.749070047577707], [91.83420048208652, 21.758061391970024], [91.84210785465365, 21.769572458789494], [91.84587304073958, 21.77271997688232]]], [[[90.8163910451506, 21.858816714275292], [90.81227821231602, 21.85853325955231], [90.80837898194766, 21.85976779714038], [90.8067690071539, 21.86281396997542], [90.8068014412359, 21.86858688923023], [90.81207653263577, 21.880410600093597], [90.81015065038912, 21.8852815507462], [90.80820409821794, 21.886506481654283], [90.79909592222975, 21.887766298407957], [90.79518062165, 21.88626582773882], [90.7912391975637, 21.879904185743587], [90.79279659421232, 21.867135433926638], [90.7911504472478, 21.863801279783818], [90.78886690536154, 21.862900624096277], [90.7856270920481, 21.86565062101908], [90.78469399698555, 21.873554857281214], [90.78241199252389, 21.87295816400074], [90.77979631399607, 21.870843587752148], [90.77812078407833, 21.862040103191877], [90.77484635467889, 21.858409395778406], [90.7715623031701, 21.852955735047836], [90.76763687018149, 21.84932791594209], [90.76374453125361, 21.85177675148115], [90.76310826646537, 21.85451423409472], [90.76378329549902, 21.859068855396696], [90.77034810762662, 21.869368879417145], [90.77790896902101, 21.883006253996612], [90.78252467092295, 21.893618681338495], [90.78876695866362, 21.903919389580867], [90.80219750889619, 21.91843884608819], [90.80385140310355, 21.92298817017541], [90.80843374964283, 21.92721961383541], [90.81169168586194, 21.927507333843494], [90.81917445138195, 21.926254868663392], [90.81881414235028, 21.9201798680205], [90.81716154661216, 21.91593446736379], [90.8226933506581, 21.91529907490923], [90.8249569370232, 21.912553252136696], [90.8255928374239, 21.90981557461255], [90.83177010492408, 21.908265336793725], [90.83559011164525, 21.893357911536476], [90.83552639721188, 21.882420273399944], [90.83285160653884, 21.870280193621245], [90.82368894602105, 21.86181868698917], [90.81749454053472, 21.86002661417032], [90.8163910451506, 21.858816714275292]]], [[[90.86360433927162, 21.95189169621314], [90.86173887106841, 21.945648884215302], [90.85380101524031, 21.94284801367092], [90.84283432923691, 21.942904622104148], [90.83555619175763, 21.948626133637145], [90.83256248229766, 21.957736282056523], [90.83261547295486, 21.966831237733814], [90.83508622803788, 21.97250302185156], [90.84181633530082, 21.97701610580362], [90.84671868825899, 21.981538340169532], [90.85224454063928, 21.988330900564396], [90.85656869022976, 21.99797182096161], [90.85846953423845, 22.00989901838812], [90.85173333428523, 22.004818152489353], [90.83394346973877, 21.985582639394558], [90.82657068563722, 21.975388145089298], [90.82162666983817, 21.96347598193182], [90.81913706516063, 21.954393168644998], [90.81242811125612, 21.95328961177529], [90.80269163118886, 21.955611223037547], [90.7978518243716, 21.961887756725268], [90.8083108904711, 21.97945826395879], [90.81201572302322, 21.987966635548823], [90.82549680348087, 22.00040487782044], [90.84851402561216, 22.030545254691297], [90.8567600095736, 22.029802779105218], [90.86405507482263, 22.02635390990015], [90.87254494420081, 22.018919528175335], [90.87185174915368, 22.00528070377978], [90.86444081210261, 21.98940395375994], [90.86256788567329, 21.982024091800362], [90.86189653399407, 21.971795883275508], [90.86360433927162, 21.95189169621314]]], [[[91.06046141566614, 22.057937736392702], [91.07055378625134, 22.062135008722045], [91.0821588486774, 22.06461659622802], [91.0837510283828, 22.064749754083785], [91.08611364998809, 22.06345362078203], [91.0870130017989, 22.061458335999745], [91.08605943075135, 22.056348948019128], [91.08695440227544, 22.053785154070077], [91.08663025587904, 22.051229728057592], [91.08021757943808, 22.049851067412746], [91.07776160371404, 22.04759364570949], [91.07620296161572, 22.043056696006808], [91.06695538836439, 22.02947525277436], [91.06297802878643, 22.027511748557366], [91.05935241237418, 22.031798159521493], [91.05729021507707, 22.041474452088522], [91.05797180377438, 22.05113302254324], [91.05982614289033, 22.054531443704967], [91.06046141566614, 22.057937736392702]]], [[[90.9749131083062, 22.053779933094958], [90.98480051086315, 22.072762459790813], [90.98972841869997, 22.079837919745188], [91.0003625514158, 22.091856744292343], [91.00322675053448, 22.09140813894321], [91.01234307604842, 22.086804749697325], [91.02268779252759, 22.083614276847058], [91.03853579133037, 22.08237767196563], [91.045494832523, 22.074944009151437], [91.04851049323278, 22.070377513104184], [91.04785450498035, 22.064129154514006], [91.04569297051765, 22.06044828604425], [91.03862529599095, 22.052819879940117], [91.03099320785427, 22.05144700270955], [91.02760912370208, 22.047205292287714], [91.01319420978108, 22.03507407286031], [90.99482328007755, 22.023534083291402], [90.99024971546183, 22.023277765742883], [90.9850854408537, 22.02586650735205], [90.98023984474693, 22.030443124930116], [90.97483140381112, 22.04184362415957], [90.97365836784391, 22.04867154522367], [90.9749131083062, 22.053779933094958]]], [[[90.89653794599238, 22.053463914648347], [90.8956013320807, 22.050058516058385], [90.88917424638018, 22.046114455982252], [90.8833979378906, 22.04870369585436], [90.88219465430922, 22.051268156467913], [90.87855173833589, 22.053845721055104], [90.87826990688997, 22.057542051182594], [90.87982779798566, 22.062933623568476], [90.87929323770891, 22.068170438405005], [90.88415093785876, 22.071720779559584], [90.89209660974738, 22.0745198811739], [90.89606059654076, 22.0744982131396], [90.9009302397354, 22.073050345302775], [90.90880904162196, 22.065333183922537], [90.91000285164648, 22.061347477492305], [90.907250030515, 22.059941644467557], [90.90389638171233, 22.059960202276535], [90.90147532625267, 22.062815796217667], [90.8990379985967, 22.063113486134206], [90.89628284623551, 22.061423198862546], [90.89653794599238, 22.053463914648347]]], [[[90.808664339434, 22.08278150421123], [90.81063431383006, 22.08520214256739], [90.81390284300662, 22.086705287167646], [90.81359780782826, 22.09035281376716], [90.81100361714368, 22.092796094479755], [90.8097217838932, 22.09675222086535], [90.81039684057025, 22.100698926557566], [90.81463663298571, 22.100981608570653], [90.81814207964301, 22.100209205659777], [90.82047346240603, 22.095483548344536], [90.82077130115046, 22.09062071735563], [90.81777431034044, 22.079697716053243], [90.81547899789278, 22.07727850347409], [90.81221180577407, 22.07607942325453], [90.807620960423, 22.071241080524068], [90.800125376389, 22.071581679178415], [90.80209504851166, 22.074002715039803], [90.80798312881214, 22.077619753369543], [90.80930232361194, 22.080347671728035], [90.808664339434, 22.08278150421123]]], [[[90.9610069276695, 22.14689523997548], [90.92826046130527, 22.102293908093568], [90.92389316425718, 22.09064096264925], [90.92300042281667, 22.085367237713122], [90.92382656474061, 22.0804033675773], [90.92051806119918, 22.073063523202702], [90.91450276550837, 22.071817584036285], [90.90987303229682, 22.072483100981483], [90.90593933577247, 22.074584665217273], [90.90134295399844, 22.08052883910931], [90.90033849801623, 22.084533767918785], [90.8985991199613, 22.10805863354683], [90.89758733391446, 22.110943685009005], [90.89603420830188, 22.109672532628938], [90.8953204712899, 22.105357209086968], [90.89561251229134, 22.09719732658581], [90.89288072553835, 22.09961157161779], [90.89118745503933, 22.10330007605576], [90.89155209111595, 22.10665749684168], [90.89294616386555, 22.110009291072558], [90.89779789119335, 22.117021352121697], [90.90311776008613, 22.130189360659575], [90.90417957114468, 22.135142394753732], [90.91150526466812, 22.152858091965072], [90.92105906525236, 22.169600977357135], [90.92193361686448, 22.171995578596476], [90.92021785253067, 22.17232511964586], [90.91693727240232, 22.1696242149743], [90.91903039982367, 22.1745715836763], [90.92596819646369, 22.184929947120708], [90.93581918612422, 22.207028954458202], [90.9422573035308, 22.21930927429691], [90.94348171021936, 22.22250144566788], [90.94412706332605, 22.22913618156323], [90.94603115666354, 22.231204793515186], [90.95491726856247, 22.249388851519964], [90.95806364815267, 22.257208526988176], [90.96193806704719, 22.27094238668283], [90.9707764675957, 22.294004499613113], [90.9722895708002, 22.313990746796403], [90.97038365476551, 22.336716737127777], [90.968551248853, 22.345205743981417], [90.9687738563911, 22.35256260139979], [90.98354083114191, 22.355832841427276], [90.98816113537472, 22.34620715498878], [90.9908534008038, 22.33787248269707], [90.99255524434918, 22.323225620486514], [91.00021698328243, 22.28846699747495], [90.9990843299402, 22.262160187848007], [90.99489155061497, 22.22811376513269], [90.98790273579343, 22.1992830386005], [90.97957436878362, 22.187335804133696], [90.97169732922433, 22.165787876598614], [90.96727490307637, 22.159495520666667], [90.9610069276695, 22.14689523997548]]], [[[90.90075843109778, 22.27177310567962], [90.90214526818374, 22.27368502869979], [90.90455780564875, 22.27463141902661], [90.90934514508243, 22.270765448572266], [90.90964978546432, 22.264685044826077], [90.90857734207424, 22.25829249980084], [90.9081076212361, 22.23877932925346], [90.90499831556494, 22.236237066765735], [90.9022452505234, 22.235612393987076], [90.89918102079531, 22.240108594685854], [90.89887798053816, 22.246508842846552], [90.89891677203352, 22.252587352434755], [90.90066220900376, 22.256736782675674], [90.8993403573978, 22.26506228603013], [90.90075843109778, 22.27177310567962]]], [[[91.0864762216066, 22.096635804057957], [91.08095480388997, 22.09283321197399], [91.07338311435372, 22.090323800743267], [91.06646501338386, 22.083330620186587], [91.0588708425491, 22.07762113270299], [91.05411718718082, 22.08469026100039], [91.04247948619988, 22.089243702666955], [91.03222305109058, 22.0950675551641], [91.02268041313866, 22.104725264489872], [91.02002144193918, 22.11689921373074], [91.02284179071663, 22.127119302604775], [91.03538060160595, 22.151354851699473], [91.05912533825708, 22.203669961000244], [91.06830916246273, 22.236881981767404], [91.0692103340368, 22.26502890155841], [91.06751701834096, 22.313667837994394], [91.06836991281236, 22.335416543830128], [91.07273120964297, 22.366099706691006], [91.0708093415266, 22.384667475116643], [91.07028300806284, 22.405785426494823], [91.06637897822228, 22.43524335943063], [91.06863431154798, 22.439067172293598], [91.07112564248659, 22.439679078137903], [91.07846851262083, 22.439504247896686], [91.09678198039633, 22.434849392722484], [91.10495529417678, 22.431877278620277], [91.12619597288521, 22.41742562162598], [91.12970061670703, 22.41205183443244], [91.130832632486, 22.405373535373613], [91.13487802535346, 22.39510810478244], [91.13754671484267, 22.384852259897897], [91.14434316047837, 22.37456725882913], [91.15252913167856, 22.366191607284897], [91.16000593245111, 22.35526123147546], [91.16677214321221, 22.34177652125164], [91.17756127530484, 22.31610582208829], [91.18775061718716, 22.301315873239197], [91.19175120416335, 22.286570572999537], [91.19429524375701, 22.26223870296233], [91.19409468628761, 22.238566845571434], [91.1891865250572, 22.22708604704446], [91.18151007649007, 22.21306571885528], [91.17308933930617, 22.19201244466213], [91.17095940411538, 22.183710014724717], [91.17021440328725, 22.176677198711964], [91.1674034849917, 22.1690192309921], [91.15911866794383, 22.163959644950143], [91.15701618478683, 22.15885589924293], [91.15012179076305, 22.155705493720873], [91.14320187683549, 22.14935581580541], [91.13699483705645, 22.146200009913514], [91.13968525086162, 22.13914300201884], [91.1403363953967, 22.134659413903307], [91.1375684689125, 22.132119500586573], [91.12245537714895, 22.13158409858162], [91.1058844592565, 22.12017999028499], [91.1024060929767, 22.114444775124603], [91.09133612352625, 22.103641819893433], [91.0864762216066, 22.096635804057957]]], [[[90.94044267928285, 22.294902965462565], [90.94133909383567, 22.274742226612027], [90.93952662960612, 22.260675792993418], [90.93639287920632, 22.254615210880274], [90.92981040370591, 22.246654704456365], [90.92770415294589, 22.239948360130185], [90.92146819306515, 22.232305334238095], [90.91942516203707, 22.2351963301405], [90.92051041842956, 22.243508359992997], [90.9229282245733, 22.24541427147088], [90.92466586184558, 22.24828382371568], [90.93170426253701, 22.27319802048568], [90.93173392858405, 22.2776770302278], [90.93073021625418, 22.281841842014178], [90.93111018662499, 22.287278359856572], [90.93286067066654, 22.29206732092756], [90.9350084974721, 22.30485192937199], [90.93262710963992, 22.308704838454435], [90.93543501623125, 22.317326861080872], [90.93374580452075, 22.321815468946532], [90.92991276108111, 22.314159102576475], [90.92849914566048, 22.308408680805098], [90.92326404040719, 22.296601091180918], [90.92425964965246, 22.29115672566579], [90.92385951241471, 22.282520764842978], [90.92172568944235, 22.27165546961704], [90.92271282890523, 22.26493121778614], [90.91964657401356, 22.26910767578158], [90.91933609209933, 22.274228309637806], [90.91631123347797, 22.284803277507898], [90.91325476451578, 22.290579055662402], [90.91117550698118, 22.28803144576718], [90.90976770170093, 22.282920464494488], [90.90704671733582, 22.287414603634875], [90.90606283292196, 22.29477843237872], [90.90918737496297, 22.299559987369516], [90.90853721776334, 22.305322461917537], [90.9102934104697, 22.31107116144861], [90.92146584064103, 22.336922403527776], [90.92531871289276, 22.347457940263244], [90.92639063941506, 22.353530430421248], [90.9288253205324, 22.357675504558333], [90.933120260704, 22.359675412575214], [90.93671008434839, 22.353790909199084], [90.93789127478931, 22.32467093340777], [90.93923479739999, 22.31986416886253], [90.94093667583834, 22.317295030131262], [90.93988373377884, 22.314101622165467], [90.9446606032192, 22.30863520351733], [90.94462187661222, 22.302876922881282], [90.94320994091852, 22.29744618253124], [90.94044267928285, 22.294902965462565]]], [[[91.01425156360797, 22.33650314723738], [91.02730191062798, 22.32342667014397], [91.03189350604724, 22.314734944028242], [91.03515087999612, 22.3108922898358], [91.03703932863377, 22.30705861387538], [91.03755143605522, 22.302214383690394], [91.03614327488985, 22.29687289300712], [91.02893318485577, 22.284433978918145], [91.02780285656898, 22.279600442263398], [91.02586430944855, 22.27655522364133], [91.02368936436186, 22.278607080774066], [91.02019146116925, 22.28703709570507], [91.01617554061858, 22.30442845706126], [91.02452208344985, 22.311288362147902], [91.02682496064021, 22.3147182807573], [91.02670138696581, 22.31723594492991], [91.0235532211813, 22.315136426102317], [91.01895925779836, 22.30986623128523], [91.01503838970123, 22.30734936617353], [91.01269863930327, 22.311034033939098], [91.0091993428798, 22.319463833579828], [91.00335020387128, 22.343959642060035], [91.00197682956625, 22.343458610839434], [91.00003062022492, 22.33939410039371], [90.9989551987112, 22.342203300598168], [90.99928035844724, 22.349335301045453], [91.00025923754438, 22.349916137172826], [91.00829822696689, 22.346476856101155], [91.01074137674138, 22.343404166187625], [91.01425156360797, 22.33650314723738]]], [[[90.89179286389403, 22.34174573161955], [90.87966568736357, 22.329582111608243], [90.8740249976598, 22.32540838026859], [90.87169484490977, 22.32503869644273], [90.86581451820962, 22.326216900154567], [90.86322497497697, 22.328269179422072], [90.86173758190542, 22.33133465614174], [90.8694452348573, 22.33766323727972], [90.88020864779122, 22.35072680455041], [90.88464921571418, 22.359875230894083], [90.8854871617868, 22.362418645147603], [90.88439638495359, 22.36318906217573], [90.87972838294075, 22.361430953463607], [90.88059749208513, 22.368942618886884], [90.88433644256618, 22.375419246644363], [90.88159045606098, 22.374415145392085], [90.88007178173459, 22.37251255732899], [90.87769611007928, 22.36500906730598], [90.87636579545878, 22.371258669448085], [90.87528604823213, 22.373812226198137], [90.87446332938362, 22.373689358650534], [90.87363425230053, 22.372547435396623], [90.87464798209425, 22.35942002188031], [90.87574197160372, 22.359159195739892], [90.87644177859323, 22.36157609338218], [90.87795609593266, 22.36271429036862], [90.87862799038678, 22.36067247290942], [90.87750367251908, 22.35609239710325], [90.87294557138158, 22.350001937462455], [90.86799574624798, 22.346843671206734], [90.8647305031273, 22.350300635750248], [90.86712728777103, 22.361371334324648], [90.86631016328695, 22.362140166162398], [90.86357162630861, 22.362282111981585], [90.86593704360843, 22.36825725638147], [90.87022742544569, 22.375368418343772], [90.87026940879164, 22.3821201297238], [90.8765813596356, 22.38386959244098], [90.883937794974, 22.398989602610214], [90.88611031163879, 22.401111286670922], [90.8880580525771, 22.400623241766343], [90.88913370060597, 22.397432494706], [90.8918801373155, 22.376906751642295], [90.8917080492079, 22.371429498446144], [90.88972814599381, 22.361630940057026], [90.8896844591944, 22.354751936359868], [90.89182690019642, 22.347096167963127], [90.89179286389403, 22.34174573161955]]], [[[90.95063362699213, 22.385426021264227], [90.95050123158593, 22.40631937549859], [90.9538557090611, 22.415981579250438], [90.95715768011937, 22.41800046383537], [90.95937656986287, 22.421808930612958], [90.9650578401807, 22.423452451917875], [90.96869855127358, 22.42251774251484], [90.9738859928353, 22.419684000774826], [90.97959768931908, 22.413534555666143], [90.98447961230868, 22.406370916101753], [90.98336576941209, 22.403829765454336], [90.98327976176833, 22.391600437254006], [90.9856524303288, 22.37833735189016], [90.98615868782926, 22.372473953339828], [90.98531169540195, 22.368912109253486], [90.98201410474034, 22.367403553393522], [90.9732450456199, 22.366946982327235], [90.96285332528296, 22.369556798952978], [90.95821385402681, 22.372132286151686], [90.95385144845865, 22.375215546291155], [90.95168953393703, 22.379559743513283], [90.95063362699213, 22.385426021264227]]], [[[91.04698597017298, 22.395727928945014], [91.0488942431559, 22.394441624831035], [91.05027148967416, 22.39545202189341], [91.04978505020128, 22.403608103912504], [91.05089431825488, 22.40538437200032], [91.04984623918618, 22.4117606250473], [91.05122749867749, 22.41328050176556], [91.05369575187062, 22.41351906112245], [91.05615378521335, 22.4124839877843], [91.05884185772052, 22.405587457581206], [91.06121143837869, 22.392832771413524], [91.06083666095245, 22.379586523771117], [91.05801503181588, 22.368649246462752], [91.0542336274872, 22.339373819294245], [91.05171705570442, 22.33251113155154], [91.04759616447127, 22.33075431196609], [91.04349051823024, 22.331035396101612], [91.03039048004038, 22.337234043758997], [91.02198973991072, 22.349517027068217], [91.02010774121536, 22.35436982827052], [91.02287094082207, 22.35766449016387], [91.02865465192465, 22.36195929150368], [91.03750830632414, 22.37387769523304], [91.04382418861846, 22.375875216205493], [91.04582163601172, 22.386563185431235], [91.04195780761138, 22.38276652356474], [91.03807908440645, 22.37693147309367], [91.02816263486183, 22.36960588588341], [91.0248497126261, 22.366059903534058], [91.01632305292352, 22.361272667315596], [91.01276389406885, 22.361549855398394], [91.00732761432134, 22.36744375251169], [91.0043455924202, 22.37179369033106], [91.00251741026547, 22.38428947011832], [90.99931566786395, 22.39628417840502], [90.99501506978869, 22.408030679175667], [90.99397346553135, 22.41568056878633], [90.99454532233922, 22.41898940752231], [91.00006729489834, 22.424815338535836], [90.99869737772221, 22.4248238055432], [90.99457069902344, 22.42255622664468], [90.99293900566462, 22.424349741600075], [90.99080289628412, 22.432261226722478], [90.98863529693406, 22.435841471751367], [90.98487214558585, 22.44631046204239], [90.98435307934501, 22.450390405574566], [90.98493866218891, 22.45573728957359], [90.98852375629272, 22.458772544343603], [90.994572006298, 22.461283319480557], [91.00610471229183, 22.46401468426877], [91.0129543206589, 22.463462054968225], [91.0280036261145, 22.459800014637338], [91.04413944525739, 22.4548556317067], [91.04721157469143, 22.452748546965168], [91.04904043133027, 22.450492818047024], [91.04928047410252, 22.445905017263485], [91.04663792627733, 22.422482222278667], [91.04712517394212, 22.414326154995607], [91.04567286496663, 22.4033798285935], [91.04698597017298, 22.395727928945014]]], [[[91.24221667298477, 22.420442763379306], [91.24813332910279, 22.430509770589907], [91.25206031099995, 22.435174370185468], [91.25557883290988, 22.43767534631282], [91.26178795587286, 22.436904655565066], [91.27065044180918, 22.428889668867797], [91.26972946285085, 22.413005804233904], [91.26691587514323, 22.402554306163708], [91.26105451897125, 22.398627165384738], [91.25250361037334, 22.397971255284194], [91.24514402971502, 22.40019504496628], [91.23934413078874, 22.40312889763127], [91.2354918749339, 22.40677001736197], [91.23428394282827, 22.409898330742223], [91.24221667298477, 22.420442763379306]]], [[[91.27200951357045, 22.449162673753115], [91.27456148408172, 22.45049178830904], [91.27956483217613, 22.449979995027242], [91.2828695799021, 22.44631085817796], [91.28426881390418, 22.440632972567215], [91.28338934881471, 22.43969549942348], [91.28157739983985, 22.439979728679255], [91.27420161006935, 22.442871458944985], [91.27074296576293, 22.445597171742676], [91.27037679865217, 22.446869405310416], [91.27200951357045, 22.449162673753115]]], [[[91.47412750263607, 22.4116722002821], [91.45735165464309, 22.43467800503089], [91.43937565373955, 22.464139033872538], [91.43385237779424, 22.478837964843418], [91.42579993798044, 22.49297317484759], [91.41906152104391, 22.51237034129238], [91.41978790094024, 22.521740067377078], [91.42976124453745, 22.571460762627055], [91.42931170262975, 22.589044080652027], [91.438916634745, 22.602435924598513], [91.44923905546167, 22.604620232229372], [91.45847847202178, 22.602259388861995], [91.46790062149584, 22.598071641422152], [91.47667246768188, 22.592131526674958], [91.49599900520734, 22.57027157725981], [91.50782700137304, 22.555511797889366], [91.53202746509623, 22.518952943169385], [91.54322929940216, 22.505368665751607], [91.55624893868361, 22.485320617527766], [91.5605175709088, 22.472388015149697], [91.57037319362816, 22.451783365709094], [91.57440895595187, 22.418343983854555], [91.57304250328653, 22.408981803007006], [91.56920271539471, 22.403745442702533], [91.56347246553432, 22.39852726778077], [91.54703860995369, 22.393997566595964], [91.53754880129675, 22.390572153004612], [91.52994304619973, 22.38654240406945], [91.50914518845732, 22.386151855807718], [91.49973209482388, 22.38975538886349], [91.48088574465302, 22.395202917661322], [91.47465869983216, 22.402291548969394], [91.47412750263607, 22.4116722002821]]], [[[90.96588628564609, 22.536629378087664], [90.97592861294817, 22.527178043600443], [90.98632514995502, 22.513028713364264], [90.9886321217337, 22.509402744597068], [90.98899726138492, 22.506149719796248], [90.98781590452646, 22.503989872606706], [90.98469096381395, 22.50184190590931], [90.9749487388551, 22.498289316765735], [90.96871970871587, 22.496882148719116], [90.95079308875343, 22.49012652986057], [90.94808488358709, 22.4919482733354], [90.94539133164133, 22.49593728711718], [90.94229654981639, 22.49812253244267], [90.94186370349982, 22.491623704839853], [90.9391309744661, 22.489833575806223], [90.9332938701144, 22.488784059810513], [90.92050601897604, 22.49463660952719], [90.9077382739087, 22.503738614011265], [90.86675374586385, 22.538999691462397], [90.85206788498064, 22.553525755396503], [90.84435236864363, 22.56367978486859], [90.8435413482073, 22.558266042993797], [90.83966609484669, 22.560453471013847], [90.83622270404229, 22.56986237831859], [90.83314623097968, 22.575657405681987], [90.83047591238233, 22.584339801088888], [90.83129467509018, 22.5911980385137], [90.83325701732537, 22.594077388607875], [90.83367658467112, 22.599131865859373], [90.82947368528536, 22.6117954059132], [90.8263917368482, 22.61686767204742], [90.82372613369816, 22.62663362542327], [90.82337648504858, 22.63195064104359], [90.82764515988742, 22.63130876434442], [90.84002528255508, 22.619686389632893], [90.84583863941363, 22.616043971209393], [90.86369304989348, 22.60944778864266], [90.87454647886193, 22.603248709949447], [90.87763779115537, 22.599981303822275], [90.87838397525823, 22.594920611140562], [90.88611938731482, 22.588015433573755], [90.9051394903386, 22.582130418717878], [90.91250578168713, 22.57847690016956], [90.91868953263265, 22.572662990807352], [90.93340720373298, 22.56354844601955], [90.94346843569531, 22.55626604330509], [90.95586685715804, 22.549691528338162], [90.95739477593533, 22.54570956776631], [90.95736986590573, 22.54209788324117], [90.96588628564609, 22.536629378087664]]], [[[91.41039022942681, 22.651911930400676], [91.39929583691946, 22.616263932009456], [91.39284929585699, 22.60284224247972], [91.38391473096924, 22.592957699777156], [91.37512691076935, 22.59772113614908], [91.36637896623428, 22.606585766114446], [91.34376800563638, 22.6179107776963], [91.33494885404221, 22.61974228542773], [91.33379968605958, 22.631471943242015], [91.33070528962769, 22.637943519399112], [91.32385191576904, 22.647376226811783], [91.31073357059819, 22.662133997936124], [91.30515148936405, 22.672727779697993], [91.30212131687185, 22.686230469685892], [91.30289126304942, 22.700874129059784], [91.30553452270794, 22.713158342833356], [91.30826440915754, 22.716577565694024], [91.31442721084403, 22.71835970203004], [91.32264328686401, 22.71887790845057], [91.33273831461054, 22.717621887680245], [91.34344119821827, 22.714016593369685], [91.36286946457886, 22.69861631548928], [91.37035967653993, 22.689762500038796], [91.37345903201664, 22.68387613438158], [91.37089203209335, 22.679796188588103], [91.35811371539951, 22.664669407934074], [91.36311275676925, 22.659353068402716], [91.36944891317619, 22.661642852600256], [91.36951870689117, 22.66867426642389], [91.37777928901804, 22.673877270426374], [91.38659526241689, 22.671457093774222], [91.39725147327958, 22.663746859899042], [91.40286826706824, 22.657251773906534], [91.41039022942681, 22.651911930400676]]], [[[90.77055500346077, 22.83636151639689], [90.76980655766752, 22.834653362462504], [90.7679582718084, 22.83449065552498], [90.76169430922857, 22.837431654848345], [90.7514122251605, 22.848780369049887], [90.74922370829889, 22.853927139170466], [90.74997389309246, 22.855978074616562], [90.75549059222774, 22.85132929343718], [90.7615764767249, 22.849416893269797], [90.76604988545537, 22.84926501541577], [90.76931294865155, 22.845441832654373], [90.77055500346077, 22.83636151639689]]]]}}